InitializationTime;ForecastTime;Horizon;Member;type;lon;lat;X;Y;prmsl;X1;Y1;Xs;Ys;id1;id2
2022-08-09 12:00:00;2022-08-09 12:00:00;0;0;Unperturbed;142.18;24.69;1227580.28271041;2749742.29140066;100888.3046875;0;0;3.10239201239931;-1.52543870380422;20220809120000_20220809133000_00;01_01_00
2022-08-09 12:00:00;2022-08-09 15:00:00;3;0;Unperturbed;141.69;25.44;1173637.87940628;2830609.94212126;100738.375;-0.230874885726094;0.700910229217017;2.79617105637789;-1.29881778678676;20220809120000_20220809163000_00;01_02_00
2022-08-09 12:00:00;2022-08-09 18:00:00;6;0;Unperturbed;140.67;24.82;1073605.0584809;2756954.22517753;100664.265625;-0.659017954728694;0.0625085322944396;2.22830340160204;-1.50522821133387;20220809120000_20220809193000_00;01_03_00
2022-08-09 12:00:00;2022-08-09 21:00:00;9;0;Unperturbed;140.35;25.71;1037221.02875381;2854463.20799323;100722.0234375;-0.814742545977157;0.907655422145407;2.02175805537186;-1.23197215769283;20220809120000_20220809223000_00;01_04_00
2022-08-09 12:00:00;2022-08-10 00:00:00;12;0;Unperturbed;140.05;25.51;1007894.86978374;2831085.32749755;100734.1015625;-0.940259267262796;0.705030572396175;1.85527892418406;-1.29748558201821;20220809120000_20220810013000_00;01_05_00
2022-08-09 12:00:00;2022-08-10 03:00:00;15;0;Unperturbed;139.97;26.11;997313.66551482;2897374.52181052;100695.8515625;-0.985547096072663;1.27958385750453;1.79521140237164;-1.11171886479952;20220809120000_20220810043000_00;01_06_00
2022-08-09 12:00:00;2022-08-10 06:00:00;18;0;Unperturbed;138.31;25.93;831574.370429292;2872131.54573198;100636.3203125;-1.69491557929456;1.06079352550318;0.85434035691118;-1.18245897331254;20220809120000_20220810073000_00;01_07_00
2022-08-09 12:00:00;2022-08-10 09:00:00;21;0;Unperturbed;138.02;26.39;801315.900330036;2922404.68784439;100658.3828125;-1.82442261640274;1.4965296851107;0.682568669444849;-1.04157512834679;20220809120000_20220810103000_00;01_08_00
2022-08-09 12:00:00;2022-08-10 12:00:00;24;0;Unperturbed;137.28;26.42;727389.843997969;2924219.05073052;100720;-2.14082805558235;1.51225544807108;0.262904244831314;-1.03649061584529;20220809120000_20220810133000_00;01_09_00
2022-08-09 12:00:00;2022-08-10 15:00:00;27;0;Unperturbed;136.9;26.81;688839.993776449;2966812.76796713;100595.640625;-2.30582241474116;1.88143115486471;0.0440639398719607;-0.917127345448174;20220809120000_20220810163000_00;01_10_00
2022-08-09 12:00:00;2022-08-10 18:00:00;30;0;Unperturbed;136.57;27.1;655644.462576823;2998476.00176532;100394.6484375;-2.44790014956363;2.1558682661383;-0.144380895303005;-0.828395312117861;20220809120000_20220810193000_00;01_11_00
2022-08-09 12:00:00;2022-08-10 21:00:00;33;0;Unperturbed;135.78;27.48;577067.012901717;3039836.62528139;100430.0859375;-2.78421367293605;2.5143562876263;-0.590450411812549;-0.712487624110316;20220809120000_20220810223000_00;01_12_00
2022-08-09 12:00:00;2022-08-11 00:00:00;36;0;Unperturbed;135.43;27.29;542561.900090112;3018632.33212401;100445.0078125;-2.93189645103606;2.33057073376282;-0.78632949738506;-0.771909856822813;20220809120000_20220811013000_00;01_13_00
2022-08-09 12:00:00;2022-08-11 03:00:00;39;0;Unperturbed;135.29;27.31;528683.699046113;3020803.12544332;100337.2734375;-2.99129551158685;2.34938581283908;-0.8651134545549;-0.765826495079351;20220809120000_20220811043000_00;01_14_00
2022-08-09 12:00:00;2022-08-09 12:00:00;0;1;Perturbed;142.18;24.69;1227576.9514358;2749728.98946751;100888.234375;0;0;3.10237310137506;-1.5254759807161;20220809120000_20220809133000_01;01_01_01
2022-08-09 12:00:00;2022-08-09 15:00:00;3;1;Perturbed;142.03;25.91;1205175.10164456;2884678.01697606;100729.734375;-0.095880498342716;1.1696537856706;2.97520198107769;-1.1472991437227;20220809120000_20220809163000_01;01_02_01
2022-08-09 12:00:00;2022-08-09 18:00:00;6;1;Perturbed;141.19;25.93;1120597.24494731;2882618.73873212;100668.0546875;-0.457875919455912;1.15180524953632;2.4950692737889;-1.15306999918687;20220809120000_20220809193000_01;01_03_01
2022-08-09 12:00:00;2022-08-09 21:00:00;9;1;Perturbed;140.79;26.06;1079770.37556879;2895232.54563865;100690.9453125;-0.632615979686025;1.26113384028151;2.26330275604652;-1.11772147029099;20220809120000_20220809223000_01;01_04_01
2022-08-09 12:00:00;2022-08-10 00:00:00;12;1;Perturbed;140.15;25.69;1017175.099802;2851441.99049831;100744.3203125;-0.900525384058884;0.881584690931243;1.90796105798276;-1.24043872093667;20220809120000_20220810013000_01;01_05_01
2022-08-09 12:00:00;2022-08-10 03:00:00;15;1;Perturbed;140.02;25.98;1002884.01714954;2883143.71977791;100694.9375;-0.961691588606484;1.1563554569661;1.8268332489798;-1.15159880910093;20220809120000_20220810043000_01;01_06_01
2022-08-09 12:00:00;2022-08-10 06:00:00;18;1;Perturbed;139.28;26.7;925989.970879556;2960370.57487353;100629.6953125;-1.29080010172755;1.82570954632627;1.39032009941929;-0.93518074125559;20220809120000_20220810073000_01;01_07_01
2022-08-09 12:00:00;2022-08-10 09:00:00;21;1;Perturbed;138.41;27.23;837747.599386741;3016503.11611554;100669.3828125;-1.66847974124489;2.31223131365703;0.889384625562526;-0.777876703640649;20220809120000_20220810103000_01;01_08_01
2022-08-09 12:00:00;2022-08-10 12:00:00;24;1;Perturbed;138.11;27.13;808290.619989752;3004645.5267193;100748.4296875;-1.79455637735197;2.20945714342181;0.722162851226812;-0.811106032780892;20220809120000_20220810133000_01;01_09_01
2022-08-09 12:00:00;2022-08-10 15:00:00;27;1;Perturbed;138.24;27.45;820261.661841506;3040463.92518572;100689.9375;-1.74332000762696;2.51990862377988;0.790120221604782;-0.710729698928886;20220809120000_20220810163000_01;01_10_01
2022-08-09 12:00:00;2022-08-10 18:00:00;30;1;Perturbed;138.44;28.05;838184.841930915;3107514.87773745;100544.34375;-1.66660833181118;3.10106435296793;0.891866769881072;-0.522828254794354;20220809120000_20220810193000_01;01_11_01
2022-08-09 12:00:00;2022-08-10 21:00:00;33;1;Perturbed;138.06;29.04;798009.834609551;3216272.78424814;100684.6640625;-1.8385584055235;4.04370987935952;0.663800751376967;-0.218048577299993;20220809120000_20220810223000_01;01_12_01
2022-08-09 12:00:00;2022-08-11 00:00:00;36;1;Perturbed;137.17;29.48;710393.93436595;3263138.74885959;100745.3515625;-2.21355673183985;4.44991475492573;0.166421637880578;-0.0867128975502343;20220809120000_20220811013000_01;01_13_01
2022-08-09 12:00:00;2022-08-11 03:00:00;39;1;Perturbed;136.92;29.76;685631.643218547;3293740.54395607;100692.7109375;-2.31953998043076;4.71515197925949;0.0258507325450028;-0.000955406076858691;20220809120000_20220811043000_01;01_14_01
2022-08-09 12:00:00;2022-08-09 12:00:00;0;2;Perturbed;142.18;24.69;1227591.49772092;2749733.45785931;100888.4296875;0;0;3.10245567792086;-1.52546345863786;20220809120000_20220809133000_02;01_01_02
2022-08-09 12:00:00;2022-08-09 15:00:00;3;2;Perturbed;141.81;25.44;1185746.39740252;2831234.67720733;100816.8828125;-0.179098115071705;0.706401605903662;2.86490885317026;-1.29706704916996;20220809120000_20220809163000_02;01_02_02
2022-08-09 12:00:00;2022-08-09 18:00:00;6;2;Perturbed;140.27;25.24;1031228.4354525;2801956.20141279;100683.7109375;-0.840439001326003;0.452634085796245;1.98773922162746;-1.37911611297123;20220809120000_20220809193000_02;01_03_02
2022-08-09 12:00:00;2022-08-09 21:00:00;9;2;Perturbed;139.95;25.17;999217.068615746;2792949.46402033;100699.515625;-0.977448481951149;0.374569318067866;1.80601666653411;-1.40435630566912;20220809120000_20220809223000_02;01_04_02
2022-08-09 12:00:00;2022-08-10 00:00:00;12;2;Perturbed;139.75;25.41;978058.748243243;2818862.23214006;100672.65625;-1.06800664211721;0.599164988655538;1.68590483066084;-1.33173919336989;20220809120000_20220810013000_02;01_05_02
2022-08-09 12:00:00;2022-08-10 03:00:00;15;2;Perturbed;139.33;25.96;933741.244913015;2878431.47372775;100674.359375;-1.25768670622827;1.11547392558474;1.43432263544883;-1.1648042566635;20220809120000_20220810043000_02;01_06_02
2022-08-09 12:00:00;2022-08-10 06:00:00;18;2;Perturbed;138.09;25.89;809620.947713231;2867156.5257929;100623.1875;-1.78892479865667;1.01774972720625;0.72971487342739;-1.19640081001395;20220809120000_20220810073000_02;01_07_02
2022-08-09 12:00:00;2022-08-10 09:00:00;21;2;Perturbed;137.89;26.51;788030.022792778;2935408.79431877;100696.703125;-1.88133451751227;1.60931771206506;0.607147222274528;-1.00513283642962;20220809120000_20220810103000_02;01_08_02
2022-08-09 12:00:00;2022-08-10 12:00:00;24;2;Perturbed;135.98;26.23;597894.891660403;2901524.02557462;100735.359375;-2.69511781198669;1.31562572502457;-0.47221443130897;-1.10009042821444;20220809120000_20220810133000_02;01_09_02
2022-08-09 12:00:00;2022-08-10 15:00:00;27;2;Perturbed;135.98;26.46;597689.424262079;2926990.99526048;100576.203125;-2.69599721778255;1.53635749354909;-0.473380831381866;-1.02872260718293;20220809120000_20220810163000_02;01_10_02
2022-08-09 12:00:00;2022-08-10 18:00:00;30;2;Perturbed;135.27;27.09;526774.498710605;2996425.31236428;100429.984375;-2.99951493909471;2.13817073633637;-0.875951628536126;-0.834142098483472;20220809120000_20220810193000_02;01_11_02
2022-08-09 12:00:00;2022-08-10 21:00:00;33;2;Perturbed;134.76;27.24;476235.420903619;3013044.29470328;100423.984375;-3.21582350339067;2.28221368325996;-1.16285254088964;-0.7875695941013;20220809120000_20220810223000_02;01_12_02
2022-08-09 12:00:00;2022-08-11 00:00:00;36;2;Perturbed;134.18;27.4;418927.42697653;3031005.65852451;100426.8984375;-3.46110320430632;2.43789155346897;-1.48817932674086;-0.737235242802844;20220809120000_20220811013000_02;01_13_02
2022-08-09 12:00:00;2022-08-11 03:00:00;39;2;Perturbed;133.57;27.61;358887.175072442;3054812.35062923;100336.84375;-3.71807704025443;2.64423307410577;-1.82901663119275;-0.670520130544141;20220809120000_20220811043000_02;01_14_02
2022-08-09 12:00:00;2022-08-09 12:00:00;0;3;Perturbed;142.18;24.69;1227579.33484649;2749730.91282002;100888.109375;0;0;3.10238663155277;-1.52547059077455;20220809120000_20220809133000_03;01_01_03
2022-08-09 12:00:00;2022-08-09 15:00:00;3;3;Perturbed;142.48;25.26;1254577.04907013;2814829.18875905;100769.0546875;0.115550917357264;0.56423114933446;3.25564761648411;-1.34304126510352;20220809120000_20220809163000_03;01_02_03
2022-08-09 12:00:00;2022-08-09 18:00:00;6;3;Perturbed;140.77;24.69;1084349.09799081;2742945.94131375;100684.875;-0.613029129980281;-0.0588078903159718;2.28929530868688;-1.54448457783842;20220809120000_20220809193000_03;01_03_03
2022-08-09 12:00:00;2022-08-09 21:00:00;9;3;Perturbed;141.24;25.26;1129133.11410001;2808393.14855269;100749.2421875;-0.421352379071123;0.508447577336381;2.54352580987754;-1.3610774182566;20220809120000_20220809223000_03;01_04_03
2022-08-09 12:00:00;2022-08-10 00:00:00;12;3;Perturbed;140.45;25.51;1048183.95851759;2832680.18538275;100797.796875;-0.767816865262905;0.71895242568882;2.08399256157531;-1.29301620330823;20220809120000_20220810013000_03;01_05_03
2022-08-09 12:00:00;2022-08-10 03:00:00;15;3;Perturbed;139.8;26.46;978818.608340962;2935585.00014755;100759.140625;-1.0647023637656;1.61086701281508;1.69021841461916;-1.00463904285276;20220809120000_20220810043000_03;01_06_03
2022-08-09 12:00:00;2022-08-10 06:00:00;18;3;Perturbed;139.2;26.68;918108.6965995;2957872.43467504;100675.9921875;-1.3245423611926;1.8040405587772;1.34557957625241;-0.942181449419783;20220809120000_20220810073000_03;01_07_03
2022-08-09 12:00:00;2022-08-10 09:00:00;21;3;Perturbed;138.34;26.82;832022.281219933;2970863.87493545;100707.7421875;-1.69299445260702;1.91664223929645;0.856883062873853;-0.905774652895377;20220809120000_20220810103000_03;01_08_03
2022-08-09 12:00:00;2022-08-10 12:00:00;24;3;Perturbed;138.09;26.78;807251.382216506;2965796.03406063;100748.2734375;-1.79901454304505;1.87271736355748;0.716263292346153;-0.919976608017309;20220809120000_20220810133000_03;01_09_03
2022-08-09 12:00:00;2022-08-10 15:00:00;27;3;Perturbed;137.77;26.7;775620.294826406;2956202.39491387;100632.296875;-1.93439641777184;1.7895656984174;0.536699512698019;-0.946861515413545;20220809120000_20220810163000_03;01_10_03
2022-08-09 12:00:00;2022-08-10 18:00:00;30;3;Perturbed;137.41;27.7;737648.338840527;3066297.08241151;100491.2421875;-2.09691737460812;2.74379760650342;0.321139805459153;-0.638335685651667;20220809120000_20220810193000_03;01_11_03
2022-08-09 12:00:00;2022-08-10 21:00:00;33;3;Perturbed;136.79;27.82;676297.858964107;3078540.27706651;100509.5703125;-2.35949902027286;2.84991396199931;-0.0271354186573745;-0.604025748671728;20220809120000_20220810223000_03;01_12_03
2022-08-09 12:00:00;2022-08-11 00:00:00;36;3;Perturbed;136.53;27.75;650792.700906122;3070452.53237922;100480.484375;-2.46866175851542;2.77981444838539;-0.171923440799426;-0.626690585615843;20220809120000_20220811013000_03;01_13_03
2022-08-09 12:00:00;2022-08-11 03:00:00;39;3;Perturbed;136.39;27.69;637062.583665038;3063641.5231044;100320.0546875;-2.52742701654756;2.72078087897319;-0.249866753857722;-0.645777540089242;20220809120000_20220811043000_03;01_14_03
2022-08-09 12:00:00;2022-08-09 12:00:00;0;4;Perturbed;142.18;24.69;1227579.8469587;2749726.7631052;100888.4296875;0;0;3.10238953871816;-1.52548221980258;20220809120000_20220809133000_04;01_01_04
2022-08-09 12:00:00;2022-08-09 15:00:00;3;4;Perturbed;141.26;25.41;1130377.29162619;2825167.09665342;100807.296875;-0.416029458831273;0.653869637714408;2.55058877348669;-1.31407064278188;20220809120000_20220809163000_04;01_02_04
2022-08-09 12:00:00;2022-08-09 18:00:00;6;4;Perturbed;140.52;25.14;1056936.11123576;2791869.1896926;100672.1796875;-0.73035961640013;0.3652642016421;2.13367689909905;-1.40738363188177;20220809120000_20220809193000_04;01_03_04
2022-08-09 12:00:00;2022-08-09 21:00:00;9;4;Perturbed;140.15;25.24;1019113.9974281;2801486.25429666;100656.84375;-0.892239244825865;0.448618903997912;1.91896781794013;-1.3804330777335;20220809120000_20220809223000_04;01_04_04
2022-08-09 12:00:00;2022-08-10 00:00:00;12;4;Perturbed;139.78;25.71;979881.39704324;2852262.12482644;100655.7890625;-1.06015579239835;0.888712399166745;1.69625166772851;-1.23814040273575;20220809120000_20220810013000_04;01_05_04
2022-08-09 12:00:00;2022-08-10 03:00:00;15;4;Perturbed;139.39;26.19;938888.366889863;2904155.06582905;100616.078125;-1.23560702505603;1.33848796268044;1.46354188627869;-1.09271728518562;20220809120000_20220810043000_04;01_06_04
2022-08-09 12:00:00;2022-08-10 06:00:00;18;4;Perturbed;138.91;26.78;888868.671844849;2968044.10539504;100632.015625;-1.44969261765489;1.89223820727915;1.17958941292993;-0.913676684836861;20220809120000_20220810073000_04;01_07_04
2022-08-09 12:00:00;2022-08-10 09:00:00;21;4;Perturbed;138.26;27.3;822678.194134705;3023883.86095503;100725.0625;-1.73298957962609;2.37622229139959;0.80383842442396;-0.757193140449513;20220809120000_20220810103000_04;01_08_04
2022-08-09 12:00:00;2022-08-10 12:00:00;24;4;Perturbed;136.07;26.21;606893.771860932;2899380.35184144;100809.703125;-2.65655250567974;1.29710372750512;-0.421129467915856;-1.10609779089742;20220809120000_20220810133000_04;01_09_04
2022-08-09 12:00:00;2022-08-10 15:00:00;27;4;Perturbed;135.98;25.98;598104.846702566;2873842.00726971;100626.6640625;-2.69416933339416;1.07575332610115;-0.471022555719556;-1.17766563062546;20220809120000_20220810163000_04;01_10_04
2022-08-09 12:00:00;2022-08-10 18:00:00;30;4;Perturbed;135.71;26.39;570819.522866947;2919079.77465281;100445.421875;-2.810951227353;1.46784600621757;-0.625916246740135;-1.05089275869423;20220809120000_20220810193000_04;01_11_04
2022-08-09 12:00:00;2022-08-10 21:00:00;33;4;Perturbed;135.29;26.9;528793.797022677;2975386.00137738;100536.0625;-2.99082242436192;1.95587317070415;-0.86448844889007;-0.893101990440041;20220809120000_20220810223000_04;01_12_04
2022-08-09 12:00:00;2022-08-11 00:00:00;36;4;Perturbed;134.81;27.17;481182.974862932;3005286.19929735;100569.0390625;-3.19459797851145;2.21502938942665;-1.13476620044896;-0.809310632446485;20220809120000_20220811013000_04;01_13_04
2022-08-09 12:00:00;2022-08-11 03:00:00;39;4;Perturbed;134.55;27.41;455512.220964555;3031936.54538661;100489.2890625;-3.30446947124742;2.44601792464052;-1.28049427927094;-0.73462655524424;20220809120000_20220811043000_04;01_14_04
2022-08-09 12:00:00;2022-08-09 12:00:00;0;5;Perturbed;142.18;24.69;1227592.8903162;2749739.81794562;100888.109375;0;0;3.10246358342435;-1.52544563533548;20220809120000_20220809133000_05;01_01_05
2022-08-09 12:00:00;2022-08-09 15:00:00;3;5;Perturbed;141.88;25.41;1192994.42062905;2828250.26770526;100834.703125;-0.148082347949577;0.680479485265235;2.90605452829302;-1.30543046287232;20220809120000_20220809163000_05;01_02_05
2022-08-09 12:00:00;2022-08-09 18:00:00;6;5;Perturbed;140.82;25.36;1086221.78183325;2817588.10281487;100724.3046875;-0.605072012308201;0.588066507137619;2.29992618535221;-1.335309772625;20220809120000_20220809193000_05;01_03_05
2022-08-09 12:00:00;2022-08-09 21:00:00;9;5;Perturbed;140.5;24.82;1056362.35449129;2756255.66001259;100705.3828125;-0.732871136061646;0.0564752446250735;2.13041978914371;-1.50718584800149;20220809120000_20220809223000_05;01_04_05
2022-08-09 12:00:00;2022-08-10 00:00:00;12;5;Perturbed;140.22;25.19;1026404.96313578;2796214.68983104;100741.5234375;-0.861089548334818;0.402815128370535;1.96035726951384;-1.39520594132814;20220809120000_20220810013000_05;01_05_05
2022-08-09 12:00:00;2022-08-10 03:00:00;15;5;Perturbed;139.78;25.69;979972.514716085;2850041.19541457;100691.1484375;-1.05982163230297;0.86934962059724;1.69676892575151;-1.24436426426089;20220809120000_20220810043000_05;01_06_05
2022-08-09 12:00:00;2022-08-10 06:00:00;18;5;Perturbed;139.21;26.3;920484.650094566;2915760.1393372;100678.3359375;-1.3144312363495;1.43896033190456;1.359067420808;-1.06019559849091;20220809120000_20220810073000_05;01_07_05
2022-08-09 12:00:00;2022-08-10 09:00:00;21;5;Perturbed;137.54;26.46;753251.084647851;2929136.09015715;100735.015625;-2.03019523548747;1.55489470951619;0.409713681390118;-1.02271126187687;20220809120000_20220810103000_05;01_08_05
2022-08-09 12:00:00;2022-08-10 12:00:00;24;5;Perturbed;136.89;26.24;688781.695261663;2903631.37673061;100757.9765625;-2.30612589477694;1.33383580184897;0.0437329900840583;-1.09418485475964;20220809120000_20220810133000_05;01_09_05
2022-08-09 12:00:00;2022-08-10 15:00:00;27;5;Perturbed;136.87;26.51;686349.093091094;2933524.76692707;100511.078125;-2.31653749518304;1.59293301548096;0.0299235615702502;-1.01041257451265;20220809120000_20220810163000_05;01_10_05
2022-08-09 12:00:00;2022-08-10 18:00:00;30;5;Perturbed;136.06;26.87;605300.619974957;2972467.88025473;100393.09375;-2.66342706299601;1.93046757034549;-0.430173493834763;-0.901279639708817;20220809120000_20220810193000_05;01_11_05
2022-08-09 12:00:00;2022-08-10 21:00:00;33;5;Perturbed;135.53;26.91;552632.655342381;2976568.8950415;100329.78125;-2.88884731814139;1.96601260211781;-0.72915969937253;-0.889787087082417;20220809120000_20220810223000_05;01_12_05
2022-08-09 12:00:00;2022-08-11 00:00:00;36;5;Perturbed;135.11;27.23;510886.802560409;3011922.00703661;100342.0859375;-3.06752065118212;2.27243127029014;-0.966143114381886;-0.790714657150767;20220809120000_20220811013000_05;01_13_05
2022-08-09 12:00:00;2022-08-11 03:00:00;39;5;Perturbed;134.4;27.4;440690.706598766;3030874.76047485;100244.2109375;-3.36796176319912;2.43670188577503;-1.36463325011338;-0.737602067309135;20220809120000_20220811043000_05;01_14_05
2022-08-09 12:00:00;2022-08-09 12:00:00;0;6;Perturbed;142.18;24.69;1227594.9801247;2749738.67558764;100888.4296875;0;0;3.10247544687717;-1.52544883664293;20220809120000_20220809133000_06;01_01_06
2022-08-09 12:00:00;2022-08-09 15:00:00;3;6;Perturbed;141.79;25.71;1182186.17690591;2861162.91377137;100705.921875;-0.194350855948836;0.965755622053681;2.8446981458725;-1.21319711657736;20220809120000_20220809163000_06;01_02_06
2022-08-09 12:00:00;2022-08-09 18:00:00;6;6;Perturbed;140.52;25.31;1056160.71071483;2810760.7682787;100613.4375;-0.733743121091322;0.528901341813024;2.12927509505852;-1.35444247648847;20220809120000_20220809193000_06;01_03_06
2022-08-09 12:00:00;2022-08-09 21:00:00;9;6;Perturbed;139.87;25.91;988107.171670369;2874792.30786258;100679.8828125;-1.02501403391221;1.08388668746035;1.74294785506993;-1.17500253864886;20220809120000_20220809223000_06;01_04_06
2022-08-09 12:00:00;2022-08-10 00:00:00;12;6;Perturbed;140.12;25.74;1013951.71814658;2856876.24868568;100694.90625;-0.914398704433905;0.928601489578956;1.88966252192051;-1.22520992966159;20220809120000_20220810013000_06;01_05_06
2022-08-09 12:00:00;2022-08-10 03:00:00;15;6;Perturbed;139.76;26.38;975168.206320763;2926552.57080275;100633.8984375;-1.08039314132167;1.53251228049351;1.66949576364298;-1.02995123385588;20220809120000_20220810043000_06;01_06_06
2022-08-09 12:00:00;2022-08-10 06:00:00;18;6;Perturbed;137.74;25.98;774321.325543248;2876345.96484837;100566.71875;-1.94002300220332;1.0973528146982;0.52932550651056;-1.17064862002119;20220809120000_20220810073000_06;01_07_06
2022-08-09 12:00:00;2022-08-10 09:00:00;21;6;Perturbed;137.47;26.11;747010.436050433;2890217.4831771;100635.4296875;-2.05691431783829;1.21758246159338;0.374286684025523;-1.13177552087623;20220809120000_20220810103000_06;01_08_06
2022-08-09 12:00:00;2022-08-10 12:00:00;24;6;Perturbed;137.57;26.41;756355.161570701;2923655.74455639;100634.546875;-2.01691865015419;1.50740440200014;0.427334946751986;-1.03806920704467;20220809120000_20220810133000_06;01_09_06
2022-08-09 12:00:00;2022-08-10 15:00:00;27;6;Perturbed;137.29;26.68;727887.268774342;2953039.94192661;100529.4765625;-2.13876196994782;1.76208825061693;0.265728032449956;-0.955723872482291;20220809120000_20220810163000_06;01_10_06
2022-08-09 12:00:00;2022-08-10 18:00:00;30;6;Perturbed;136.94;27.3;691990.395088517;3021152.65057377;100324.3828125;-2.29240152069999;2.352446617715;0.0619481801456764;-0.76484699703685;20220809120000_20220810193000_06;01_11_06
2022-08-09 12:00:00;2022-08-10 21:00:00;33;6;Perturbed;136.65;27.94;662327.440896344;3091660.1953882;100489.1875;-2.41935973427465;2.96356192719965;-0.106442874660211;-0.567258909339053;20220809120000_20220810223000_06;01_12_06
2022-08-09 12:00:00;2022-08-11 00:00:00;36;6;Perturbed;136.3;28.43;627309.173638642;3145515.31545239;100542.9375;-2.56923882671822;3.43034443185188;-0.305235042250674;-0.416337043966704;20220809120000_20220811013000_06;01_13_06
2022-08-09 12:00:00;2022-08-11 03:00:00;39;6;Perturbed;135.96;28.72;593751.742968047;3177336.84880154;100476.7578125;-2.71286550066624;3.70615358464714;-0.495734313179252;-0.327161397039576;20220809120000_20220811043000_06;01_14_06
2022-08-09 12:00:00;2022-08-09 12:00:00;0;7;Perturbed;142.18;24.69;1227587.82923422;2749723.38020293;100888.3359375;0;0;3.10243485260653;-1.52549169993968;20220809120000_20220809133000_07;01_01_07
2022-08-09 12:00:00;2022-08-09 15:00:00;3;7;Perturbed;141.41;25.36;1145787.37575858;2820320.0644753;100790.5390625;-0.350108063262431;0.611887914566371;2.63806894504645;-1.32765381067699;20220809120000_20220809163000_07;01_02_07
2022-08-09 12:00:00;2022-08-09 18:00:00;6;7;Perturbed;140.84;25.41;1087990.81078977;2823226.99098225;100759.859375;-0.597478860913067;0.637083335802839;2.30996863257579;-1.31950753284105;20220809120000_20220809193000_07;01_03_07
2022-08-09 12:00:00;2022-08-09 21:00:00;9;7;Perturbed;139.75;25.51;977668.896090456;2829962.66239716;100793.46875;-1.06965951822795;0.695463923754682;1.6836917127495;-1.30063170277585;20220809120000_20220809223000_07;01_04_07
2022-08-09 12:00:00;2022-08-10 00:00:00;12;7;Perturbed;139.13;25.86;914033.880699958;2866691.10878133;100833.3046875;-1.34201903516728;1.01380313040305;1.32244760689364;-1.19770507975616;20220809120000_20220810013000_07;01_05_07
2022-08-09 12:00:00;2022-08-10 03:00:00;15;7;Perturbed;138.29;25.86;829751.156499359;2864316.94328229;100783.234375;-1.70275128153732;0.993225348443269;0.843990311706333;-1.20435836518919;20220809120000_20220810043000_07;01_06_07
2022-08-09 12:00:00;2022-08-10 06:00:00;18;7;Perturbed;137.27;26.33;726568.162196303;2914223.25470152;100738.0234375;-2.14437717433046;1.42578204898457;0.258239710597779;-1.06450251482128;20220809120000_20220810073000_07;01_07_07
2022-08-09 12:00:00;2022-08-10 09:00:00;21;7;Perturbed;136.33;26.43;632630.500982953;2923984.39791682;100768.1328125;-2.54643280162114;1.510385534649;-0.275026860062524;-1.03714819938268;20220809120000_20220810103000_07;01_08_07
2022-08-09 12:00:00;2022-08-10 12:00:00;24;7;Perturbed;135.61;25.84;561137.193679704;2858103.06234758;100834.5234375;-2.85242601183753;0.939367314093688;-0.680881022475376;-1.22177194630741;20220809120000_20220810133000_07;01_09_07
2022-08-09 12:00:00;2022-08-10 15:00:00;27;7;Perturbed;135.61;25.84;561124.325786174;2858107.263067;100613.5;-2.8524810867557;0.939403723302898;-0.680954071105348;-1.2217601743457;20220809120000_20220810163000_07;01_10_07
2022-08-09 12:00:00;2022-08-10 18:00:00;30;7;Perturbed;135.38;26.13;537981.411664363;2890130.61168172;100395.1171875;-2.95153335966088;1.21696208462333;-0.812332075298942;-1.13201896677542;20220809120000_20220810193000_07;01_11_07
2022-08-09 12:00:00;2022-08-10 21:00:00;33;7;Perturbed;135.01;26.46;501005.998644025;2926621.45833736;100474.6171875;-3.10978908674845;1.53324192539794;-1.02223459411215;-1.02975818563295;20220809120000_20220810223000_07;01_12_07
2022-08-09 12:00:00;2022-08-11 00:00:00;36;7;Perturbed;134.68;26.86;468221.256253054;2970977.83033238;100533.671875;-3.25010863481158;1.9176952214345;-1.20834745788792;-0.905455307937026;20220809120000_20220811013000_07;01_13_07
2022-08-09 12:00:00;2022-08-11 03:00:00;39;7;Perturbed;134.22;27.14;422701.186178668;3002178.87663398;100428.234375;-3.44493571578932;2.18812638049737;-1.46675640006557;-0.818018494059474;20220809120000_20220811043000_07;01_14_07
2022-08-09 12:00:00;2022-08-09 12:00:00;0;8;Perturbed;142.18;24.69;1227587.80376089;2749735.77973839;100888.125;0;0;3.10243470799919;-1.52545695187823;20220809120000_20220809133000_08;01_01_08
2022-08-09 12:00:00;2022-08-09 15:00:00;3;8;Perturbed;142.03;25.74;1206197.82290094;2865761.33521495;100699.859375;-0.0915496730629536;1.00563696310511;2.98100777877465;-1.20031064745046;20220809120000_20220809163000_08;01_02_08
2022-08-09 12:00:00;2022-08-09 18:00:00;6;8;Perturbed;140.89;25.04;1094845.22519591;2782350.84372249;100569.9453125;-0.568141680384304;0.282686980137566;2.34887986388635;-1.43405754008874;20220809120000_20220809193000_08;01_03_08
2022-08-09 12:00:00;2022-08-09 21:00:00;9;8;Perturbed;140.93;25.44;1096917.82680903;2826965.4664051;100574.5859375;-0.559270891704613;0.669378631647722;2.36064563642422;-1.30903094892867;20220809120000_20220809223000_08;01_04_08
2022-08-09 12:00:00;2022-08-10 00:00:00;12;8;Perturbed;140.77;25.76;1079226.66951567;2861805.97375738;100641.4921875;-0.634989503933279;0.971354363312014;2.26021623825751;-1.2113950258473;20220809120000_20220810013000_08;01_05_08
2022-08-09 12:00:00;2022-08-10 03:00:00;15;8;Perturbed;140.43;26.36;1042255.03033951;2926978.46577964;100609.3125;-0.793229078869857;1.53622877124799;2.05033514285336;-1.02875771939916;20220809120000_20220810043000_08;01_06_08
2022-08-09 12:00:00;2022-08-10 06:00:00;18;8;Perturbed;139.95;26.85;992129.173929194;2979445.5204013;100543.125;-1.00776904486666;1.9909803926135;1.76578001124721;-0.881725724211776;20220809120000_20220810073000_08;01_07_08
2022-08-09 12:00:00;2022-08-10 09:00:00;21;8;Perturbed;139.44;27.31;939552.620184385;3028594.78330293;100584.7265625;-1.23279805904066;2.41697546999314;1.46731272825883;-0.743991402387799;20220809120000_20220810103000_08;01_08_08
2022-08-09 12:00:00;2022-08-10 12:00:00;24;8;Perturbed;138.66;27.76;860801.134497676;3075985.48836695;100683.46875;-1.56985646105826;2.8277284676775;1.02025524179262;-0.611185206782862;20220809120000_20220810133000_08;01_09_08
2022-08-09 12:00:00;2022-08-10 15:00:00;27;8;Perturbed;137.8;27.31;777101.118696584;3023884.89849757;100480.8359375;-1.9280947003595;2.37615313363121;0.545105873435576;-0.757190232873511;20220809120000_20220810163000_08;01_10_08
2022-08-09 12:00:00;2022-08-10 18:00:00;30;8;Perturbed;137.54;27.58;750741.648660505;3053262.46805128;100115.3359375;-2.0409139160342;2.63077953647896;0.395468081638339;-0.674863471892044;20220809120000_20220810193000_08;01_11_08
2022-08-09 12:00:00;2022-08-10 21:00:00;33;8;Perturbed;137.29;28.04;725118.19216199;3103749.19236707;100066.9609375;-2.15058297467159;3.06836689307048;0.250008501328021;-0.53338109099315;20220809120000_20220810223000_08;01_12_08
2022-08-09 12:00:00;2022-08-11 00:00:00;36;8;Perturbed;136.92;28.39;688107.071054704;3141906.15244555;100131.4609375;-2.30899153329777;3.3990875631594;0.039903274369588;-0.426451246901842;20220809120000_20220811013000_08;01_13_08
2022-08-09 12:00:00;2022-08-11 03:00:00;39;8;Perturbed;136.64;28.56;660410.377214612;3160345.86262006;99885.28125;-2.42753410154912;3.55891144044462;-0.117325687390375;-0.374776393087651;20220809120000_20220811043000_08;01_14_08
2022-08-09 12:00:00;2022-08-09 12:00:00;0;9;Perturbed;142.18;24.69;1227578.60605533;2749739.87177075;100888.25;0;0;3.10238249434137;-1.52544548449766;20220809120000_20220809133000_09;01_01_09
2022-08-09 12:00:00;2022-08-09 15:00:00;3;9;Perturbed;141.41;25.24;1146442.6360696;2806986.56417903;100791.59375;-0.347264056685023;0.496178532951777;2.64178873553763;-1.36501918530166;20220809120000_20220809163000_09;01_02_09
2022-08-09 12:00:00;2022-08-09 18:00:00;6;9;Perturbed;140.67;25.49;1070459.9135975;2831384.29839573;100725.890625;-0.672472080306029;0.707642837031636;2.21044900109286;-1.29664775553873;20220809120000_20220809193000_09;01_03_09
2022-08-09 12:00:00;2022-08-09 21:00:00;9;9;Perturbed;140.02;25.61;1004445.51576339;2842056.45774266;100752.4765625;-0.955015415839261;0.800142440858941;1.83569758518046;-1.26674043764081;20220809120000_20220809223000_09;01_04_09
2022-08-09 12:00:00;2022-08-10 00:00:00;12;9;Perturbed;139.25;26.18;924919.996342701;2902579.34853218;100815.0078125;-1.29538670232129;1.32471701274463;1.38424605366817;-1.09713302492325;20220809120000_20220810013000_09;01_05_09
2022-08-09 12:00:00;2022-08-10 03:00:00;15;9;Perturbed;138.56;26.38;855270.136736084;2922674.68684495;100767.96875;-1.59348990856619;1.49889083945393;0.988856799777386;-1.04081849178625;20220809120000_20220810043000_09;01_06_09
2022-08-09 12:00:00;2022-08-10 06:00:00;18;9;Perturbed;137.84;26.78;782385.038536963;2965215.15510687;100690.515625;-1.90544001992818;1.86760501743196;0.575101700205452;-0.921604444612107;20220809120000_20220810073000_09;01_07_09
2022-08-09 12:00:00;2022-08-10 09:00:00;21;9;Perturbed;136.87;27.03;685511.16586474;2991130.33239856;100713.609375;-2.3200627084455;2.0922215692158;0.0251668050927174;-0.848980580926431;20220809120000_20220810103000_09;01_08_09
2022-08-09 12:00:00;2022-08-10 12:00:00;24;9;Perturbed;136.34;26.7;633304.882737238;2953906.58849626;100753.3515625;-2.54350695477042;1.76958943339399;-0.271198520706632;-0.953295209863884;20220809120000_20220810133000_09;01_09_09
2022-08-09 12:00:00;2022-08-10 15:00:00;27;9;Perturbed;136.38;27;636928.662602844;2987185.790564;100605.3984375;-2.52799708292338;2.05803274714932;-0.250626998733453;-0.860034638757927;20220809120000_20220810163000_09;01_10_09
2022-08-09 12:00:00;2022-08-10 18:00:00;30;9;Perturbed;135.88;27.25;587110.477939464;3014428.72297413;100411.1171875;-2.74122020586048;2.29415745004323;-0.53343553525455;-0.783689916609888;20220809120000_20220810193000_09;01_11_09
2022-08-09 12:00:00;2022-08-10 21:00:00;33;9;Perturbed;135.47;27.68;546349.030180987;3061848.66043365;100414.671875;-2.91568025985937;2.70516381585256;-0.764830666669883;-0.650801801075076;20220809120000_20220810223000_09;01_12_09
2022-08-09 12:00:00;2022-08-11 00:00:00;36;9;Perturbed;135.06;28.18;505897.221265124;3117148.38459029;100505.6796875;-3.08881505157802;3.18446724545494;-0.994468036165116;-0.495831623414178;20220809120000_20220811013000_09;01_13_09
2022-08-09 12:00:00;2022-08-11 03:00:00;39;9;Perturbed;134.68;28.68;468735.125255341;3172565.50930543;100480.4921875;-3.24786978670406;3.66478822968683;-1.20543031946783;-0.340532446184374;20220809120000_20220811043000_09;01_14_09
2022-08-09 12:00:00;2022-08-09 12:00:00;0;10;Perturbed;142.18;24.69;1227576.92044279;2749734.05829351;100888.2578125;0;0;3.10237292543356;-1.52546177600028;20220809120000_20220809133000_10;01_01_10
2022-08-09 12:00:00;2022-08-09 15:00:00;3;10;Perturbed;142.21;25.69;1224649.15256142;2861182.44091868;100755.3515625;-0.0125309224958536;0.965964890974337;3.08575253359474;-1.21314239432453;20220809120000_20220809163000_10;01_02_10
2022-08-09 12:00:00;2022-08-09 18:00:00;6;10;Perturbed;141.12;25.04;1118122.45994352;2783383.97123813;100671.09375;-0.468467930831819;0.291656403827515;2.48102038120366;-1.43116233659384;20220809120000_20220809193000_10;01_03_10
2022-08-09 12:00:00;2022-08-09 21:00:00;9;10;Perturbed;140.89;25.04;1094840.1832596;2782351.44158067;100645.609375;-0.568116679118715;0.282707082406185;2.34885124175489;-1.43405586467011;20220809120000_20220809223000_10;01_04_10
2022-08-09 12:00:00;2022-08-10 00:00:00;12;10;Perturbed;140.87;25.41;1091018.94161905;2823373.4622037;100632.984375;-0.584471692485812;0.638260305748541;2.32715876613865;-1.31909706657643;20220809120000_20220810013000_10;01_05_10
2022-08-09 12:00:00;2022-08-10 03:00:00;15;10;Perturbed;140.12;25.81;1013642.76399602;2864645.50569833;100700.8671875;-0.915643740307274;0.995980571000527;1.88790864686941;-1.20343761238685;20220809120000_20220810043000_10;01_06_10
2022-08-09 12:00:00;2022-08-10 06:00:00;18;10;Perturbed;139.99;26.36;998230.762942716;2925211.12649503;100597;-0.981607504693706;1.52092549986901;1.8004175933074;-1.03371045446431;20220809120000_20220810073000_10;01_07_10
2022-08-09 12:00:00;2022-08-10 09:00:00;21;10;Perturbed;139.41;26.99;937824.131146455;2992992.99978637;100653.03125;-1.24014945608637;2.10841639297707;1.45750041858692;-0.843760701434914;20220809120000_20220810103000_10;01_08_10
2022-08-09 12:00:00;2022-08-10 12:00:00;24;10;Perturbed;138.5;27.08;847131.708814563;3000130.59863662;100696.375;-1.62831537676375;2.17028063660983;0.942656463381755;-0.823758522784577;20220809120000_20220810133000_10;01_09_10
2022-08-09 12:00:00;2022-08-10 15:00:00;27;10;Perturbed;137.96;27.2;793233.47376317;3012047.3512913;100534.5546875;-1.85900122122215;2.2735675969739;0.636686242287787;-0.790363396421823;20220809120000_20220810163000_10;01_10_10
2022-08-09 12:00:00;2022-08-10 18:00:00;30;10;Perturbed;137.64;27.4;761038.817422833;3033507.58882307;100375.6171875;-1.99679518567825;2.45957151663039;0.453923186890808;-0.730223913383484;20220809120000_20220810193000_10;01_11_10
2022-08-09 12:00:00;2022-08-10 21:00:00;33;10;Perturbed;137.02;26.88;700654.008905901;2974733.96576758;100368.3984375;-2.25524373286916;1.95015850363133;0.111129898854091;-0.894929234171043;20220809120000_20220810223000_10;01_12_10
2022-08-09 12:00:00;2022-08-11 00:00:00;36;10;Perturbed;137.17;27.62;714136.31557588;3056981.80097397;100319.75;-2.19753911051102;2.66303130893009;0.187666437550336;-0.664440532309638;20220809120000_20220811013000_10;01_13_10
2022-08-09 12:00:00;2022-08-11 03:00:00;39;10;Perturbed;136.7;27.8;667477.908291195;3076198.6298945;100289.6953125;-2.39723830428403;2.82959076556685;-0.0772046325167098;-0.610587905785531;20220809120000_20220811043000_10;01_14_10
2022-08-09 12:00:00;2022-08-09 12:00:00;0;11;Perturbed;142.18;24.69;1227594.68117734;2749725.02638502;100888.3359375;0;0;3.1024737498088;-1.52548708673165;20220809120000_20220809133000_11;01_01_11
2022-08-09 12:00:00;2022-08-09 15:00:00;3;11;Perturbed;142.16;25.36;1221600.4838692;2824180.50686026;100789.6953125;-0.0256553200037055;0.645333547114756;3.06844581041702;-1.3168354304523;20220809120000_20220809163000_11;01_02_11
2022-08-09 12:00:00;2022-08-09 18:00:00;6;11;Perturbed;141.21;25.66;1124035.39622515;2852711.25477572;100726.015625;-0.443236426534624;0.892620229526891;2.5145870169141;-1.2368817753358;20220809120000_20220809193000_11;01_03_11
2022-08-09 12:00:00;2022-08-09 21:00:00;9;11;Perturbed;140.27;25.66;1029385.85830087;2848603.65242249;100777.9609375;-0.84833890461838;0.857018100847778;1.97727925502688;-1.24839278874767;20220809120000_20220809223000_11;01_04_11
2022-08-09 12:00:00;2022-08-10 00:00:00;12;11;Perturbed;140.3;25.17;1034573.79605578;2794310.03006344;100742.5546875;-0.826134396421614;0.386434932502901;2.00673020941118;-1.40054349892125;20220809120000_20220810013000_11;01_05_11
2022-08-09 12:00:00;2022-08-10 03:00:00;15;11;Perturbed;140.22;25.84;1023559.77532745;2868371.42558405;100713.5078125;-0.873274690907576;1.02835279765565;1.94420566933735;-1.19299621370998;20220809120000_20220810043000_11;01_06_11
2022-08-09 12:00:00;2022-08-10 06:00:00;18;11;Perturbed;138.36;26.78;834133.55897689;2966489.51425066;100713.4140625;-1.68402381172241;1.87877903614327;0.868868392661942;-0.918033221320697;20220809120000_20220810073000_11;01_07_11
2022-08-09 12:00:00;2022-08-10 09:00:00;21;11;Perturbed;138.24;26.43;823156.818532174;2927372.27764006;100692.6484375;-1.73100454562724;1.53973528954306;0.806555485800368;-1.02765411364153;20220809120000_20220810103000_11;01_08_11
2022-08-09 12:00:00;2022-08-10 12:00:00;24;11;Perturbed;137.02;25.74;702626.783234774;2848443.74731051;100676.7578125;-2.24687622396084;0.855632143327171;0.122328970530527;-1.24884090171731;20220809120000_20220810133000_11;01_09_11
2022-08-09 12:00:00;2022-08-10 15:00:00;27;11;Perturbed;136.97;26.41;696488.043903049;2922593.88842538;100523.328125;-2.27315018757576;1.49831919979757;0.0874804930474463;-1.04104491869211;20220809120000_20220810163000_11;01_10_11
2022-08-09 12:00:00;2022-08-10 18:00:00;30;11;Perturbed;136.33;26.88;632104.732535864;2973828.80355154;100302.765625;-2.54871243071053;1.94239140648332;-0.278011549409893;-0.897465831804608;20220809120000_20220810193000_11;01_11_11
2022-08-09 12:00:00;2022-08-10 21:00:00;33;11;Perturbed;135.98;27.13;597112.805287077;3001220.80298754;100290.375;-2.69847878723253;2.17980812914465;-0.476654189685716;-0.820703368992656;20220809120000_20220810223000_11;01_12_11
2022-08-09 12:00:00;2022-08-11 00:00:00;36;11;Perturbed;135.32;27.37;531646.09757318;3027464.35072274;100332.0390625;-2.97867799484092;2.40727079059997;-0.848296471003749;-0.747159290482317;20220809120000_20220811013000_11;01_13_11
2022-08-09 12:00:00;2022-08-11 03:00:00;39;11;Perturbed;135.07;27.4;506921.810709112;3030738.83705718;100162.828125;-3.0844985841131;2.43565199058273;-0.988651633115763;-0.737982974745947;20220809120000_20220811043000_11;01_14_11
2022-08-09 12:00:00;2022-08-09 12:00:00;0;12;Perturbed;142.18;24.69;1227587.98624403;2749727.554253;100888.2265625;0;0;3.10243574392195;-1.52548000271532;20220809120000_20220809133000_12;01_01_12
2022-08-09 12:00:00;2022-08-09 15:00:00;3;12;Perturbed;141.66;25.49;1170326.84898467;2836032.1389425;100772.3359375;-0.245079153162043;0.748034173098465;2.77737495462832;-1.28362279589821;20220809120000_20220809163000_12;01_02_12
2022-08-09 12:00:00;2022-08-09 18:00:00;6;12;Perturbed;140.42;25.07;1047151.36801982;2783684.44812341;100637.6171875;-0.772273407590807;0.294317122534438;2.0781307380369;-1.43032028978432;20220809120000_20220809193000_12;01_03_12
2022-08-09 12:00:00;2022-08-09 21:00:00;9;12;Perturbed;140.47;25.17;1051752.52234564;2794999.63918376;100619.46875;-0.7525803476952;0.392390123160506;2.1042506324085;-1.39861096038651;20220809120000_20220809223000_12;01_04_12
2022-08-09 12:00:00;2022-08-10 00:00:00;12;12;Perturbed;140.17;25.56;1019758.76573122;2837089.89123262;100646.1484375;-0.889514456111854;0.75720210852777;1.92262804726064;-1.28065858472317;20220809120000_20220810013000_12;01_05_12
2022-08-09 12:00:00;2022-08-10 03:00:00;15;12;Perturbed;139.65;26.13;965163.341390868;2898410.49761725;100631.2578125;-1.12318428881619;1.28869078037354;1.61270001269314;-1.10881567934479;20220809120000_20220810043000_12;01_06_12
2022-08-09 12:00:00;2022-08-10 06:00:00;18;12;Perturbed;138.49;26.68;847370.239705666;2955753.45126025;100634.140625;-1.62734182027736;1.78570364551491;0.944010558732353;-0.948119620744489;20220809120000_20220810073000_12;01_07_12
2022-08-09 12:00:00;2022-08-10 09:00:00;21;12;Perturbed;138.09;26.53;807926.172261249;2938099.20061234;100621.5234375;-1.79616345235145;1.63268764025174;0.72009394949077;-0.99759332791213;20220809120000_20220810103000_12;01_08_12
2022-08-09 12:00:00;2022-08-10 12:00:00;24;12;Perturbed;137.47;26.56;746050.315602293;2940079.10040597;100681.1171875;-2.06099372427682;1.64984817361483;0.368836259433441;-0.992044920077368;20220809120000_20220810133000_12;01_09_12
2022-08-09 12:00:00;2022-08-10 15:00:00;27;12;Perturbed;137.22;27.2;719892.844356686;3010544.86770173;100585.40625;-2.17294837988726;2.26060138169145;0.220345177069679;-0.794573908361229;20220809120000_20220810163000_12;01_10_12
2022-08-09 12:00:00;2022-08-10 18:00:00;30;12;Perturbed;136.3;27.25;628693.134961567;3014787.53797466;100514.8671875;-2.56328550235727;2.29737419463941;-0.297378552115939;-0.782684384932689;20220809120000_20220810193000_12;01_11_12
2022-08-09 12:00:00;2022-08-10 21:00:00;33;12;Perturbed;136.08;27.87;606321.620919502;3083274.87816445;100544.171875;-2.65903616290646;2.89097963368877;-0.424377462027007;-0.590757654038509;20220809120000_20220810223000_12;01_12_12
2022-08-09 12:00:00;2022-08-11 00:00:00;36;12;Perturbed;135.73;28.05;571752.157406593;3102961.43862541;100551.8984375;-2.80699436367769;3.06161042959084;-0.620621854520732;-0.535588666874572;20220809120000_20220811013000_12;01_13_12
2022-08-09 12:00:00;2022-08-11 03:00:00;39;12;Perturbed;135.58;28.37;556824.952668486;3138322.5626793;100535.484375;-2.87088318725661;3.36809854127865;-0.705360809881306;-0.436493784205749;20220809120000_20220811043000_12;01_14_12
2022-08-09 12:00:00;2022-08-09 12:00:00;0;13;Perturbed;142.18;24.69;1227594.59626642;2749723.90266793;100888.140625;0;0;3.10247326778536;-1.52549023580048;20220809120000_20220809133000_13;01_01_13
2022-08-09 12:00:00;2022-08-09 15:00:00;3;13;Perturbed;142.33;25.24;1239520.54752194;2811758.87030258;100737.796875;0.0510433808032083;0.537680308464764;3.17017466726398;-1.35164542731105;20220809120000_20220809163000_13;01_02_13
2022-08-09 12:00:00;2022-08-09 18:00:00;6;13;Perturbed;141.31;25.44;1135276.75199475;2828743.52088583;100674.796875;-0.395122768752637;0.684892639074115;2.57840209558861;-1.30404818594073;20220809120000_20220809193000_13;01_03_13
2022-08-09 12:00:00;2022-08-09 21:00:00;9;13;Perturbed;140.89;25.36;1093273.94036046;2817909.02724387;100732.734375;-0.574895892348349;0.590986023086526;2.3399599731321;-1.33441042427314;20220809120000_20220809223000_13;01_04_13
2022-08-09 12:00:00;2022-08-10 00:00:00;12;13;Perturbed;140.35;25.89;1036397.60883366;2874453.22561295;100818.2109375;-0.818328066990896;1.08107577698199;2.01708365416403;-1.1759527718963;20220809120000_20220810013000_13;01_05_13
2022-08-09 12:00:00;2022-08-10 03:00:00;15;13;Perturbed;139.87;26.18;986995.11486168;2904767.3707404;100778.8203125;-1.02977202298332;1.34381983125424;1.73663491611564;-1.09100138149274;20220809120000_20220810043000_13;01_06_13
2022-08-09 12:00:00;2022-08-10 06:00:00;18;13;Perturbed;138.78;26.73;876090.638804759;2962119.62701483;100746.90625;-1.50444605802383;1.84091332578783;1.10705090418852;-0.930279253495755;20220809120000_20220810073000_13;01_07_13
2022-08-09 12:00:00;2022-08-10 09:00:00;21;13;Perturbed;138.24;26.85;821979.808233943;2973945.3112861;100816.359375;-1.73604181682134;1.94341096235029;0.799873818008528;-0.897139334256947;20220809120000_20220810103000_13;01_08_13
2022-08-09 12:00:00;2022-08-10 12:00:00;24;13;Perturbed;137.59;26.31;758579.522004368;2912610.59326617;100838.734375;-2.00739668686165;1.41179997967389;0.439962225790584;-1.06902178563058;20220809120000_20220810133000_13;01_09_13
2022-08-09 12:00:00;2022-08-10 15:00:00;27;13;Perturbed;137.47;26.13;746961.692707357;2892435.51001816;100705.2421875;-2.05712129768794;1.23693497373114;0.374009977164096;-1.12555979342264;20220809120000_20220810163000_13;01_10_13
2022-08-09 12:00:00;2022-08-10 18:00:00;30;13;Perturbed;137.1;26.78;708774.846139653;2963795.01797254;100584.8359375;-2.22056199178997;1.85543456697306;0.157230376198293;-0.925584191480033;20220809120000_20220810193000_13;01_11_13
2022-08-09 12:00:00;2022-08-10 21:00:00;33;13;Perturbed;136.4;27.05;638851.064311195;2992750.22019339;100743.8203125;-2.5198375922515;2.10640015388936;-0.239713883022434;-0.844441059198557;20220809120000_20220810223000_13;01_12_13
2022-08-09 12:00:00;2022-08-11 00:00:00;36;13;Perturbed;136.15;27.52;613577.30415483;3044565.68043212;100759.2109375;-2.6280099414713;2.55550416259118;-0.383188302463914;-0.699235071262106;20220809120000_20220811013000_13;01_13_13
2022-08-09 12:00:00;2022-08-11 03:00:00;39;13;Perturbed;135.68;27.92;566916.065394642;3088525.7087157;100744.84375;-2.82772125403292;2.93652219917403;-0.648075446288934;-0.576042894502104;20220809120000_20220811043000_13;01_14_13
2022-08-09 12:00:00;2022-08-09 12:00:00;0;14;Perturbed;142.18;24.69;1227585.183249;2749739.2714895;100888.3828125;0;0;3.10241983184226;-1.52544716670662;20220809120000_20220809133000_14;01_01_14
2022-08-09 12:00:00;2022-08-09 15:00:00;3;14;Perturbed;141.14;25.76;1116452.01556643;2863500.97547691;100744.2109375;-0.475652841131884;0.986015314002731;2.47153758023819;-1.20664500726009;20220809120000_20220809163000_14;01_02_14
2022-08-09 12:00:00;2022-08-09 18:00:00;6;14;Perturbed;140.45;25.24;1049421.87801422;2802691.23342537;100611.1875;-0.762543569012834;0.45895449474839;2.09101999951868;-1.37705628277652;20220809120000_20220809193000_14;01_03_14
2022-08-09 12:00:00;2022-08-09 21:00:00;9;14;Perturbed;140.35;25.26;1039224.33608326;2804509.16041368;100605.4765625;-0.806189313061821;0.474711149117834;2.033130457194;-1.3719617823491;20220809120000_20220809223000_14;01_04_14
2022-08-09 12:00:00;2022-08-10 00:00:00;12;14;Perturbed;139.97;25.84;998449.435818605;2867402.72839403;100631.4140625;-0.980706944136177;1.01983326848908;1.80165895841182;-1.1957108597218;20220809120000_20220810013000_14;01_05_14
2022-08-09 12:00:00;2022-08-10 03:00:00;15;14;Perturbed;139.21;26.49;919795.426802386;2936842.28739363;100602.9375;-1.31734814347496;1.6216919447513;1.35515482881143;-1.00111566130129;20220809120000_20220810043000_14;01_06_14
2022-08-09 12:00:00;2022-08-10 06:00:00;18;14;Perturbed;138.61;27.15;857822.403736048;3008195.88817461;100571.5859375;-1.58259429014499;2.24014033830805;1.00334554319404;-0.801156613432395;20220809120000_20220810073000_14;01_07_14
2022-08-09 12:00:00;2022-08-10 09:00:00;21;14;Perturbed;136.97;26.51;696316.532427743;2933673.11029617;100583.1171875;-2.27384360976037;1.59422349938395;0.0865068544121639;-1.00999686180131;20220809120000_20220810103000_14;01_08_14
2022-08-09 12:00:00;2022-08-10 12:00:00;24;14;Perturbed;137.24;26.95;722372.037603162;2982877.99013694;100609.875;-2.16232537157594;2.02070062961431;0.23441909442589;-0.872106680846548;20220809120000_20220810133000_14;01_09_14
2022-08-09 12:00:00;2022-08-10 15:00:00;27;14;Perturbed;136.16;27.5;614585.758724001;3042346.21046448;100488.90625;-2.62365344179119;2.53613397742989;-0.377463494087565;-0.705454842887458;20220809120000_20220810163000_14;01_10_14
2022-08-09 12:00:00;2022-08-10 18:00:00;30;14;Perturbed;135.63;27.45;562247.743159954;3036441.13744208;100306.21875;-2.84766150636244;2.48495249696414;-0.674576640343312;-0.722003030592491;20220809120000_20220810193000_14;01_11_14
2022-08-09 12:00:00;2022-08-10 21:00:00;33;14;Perturbed;135.67;27.58;566122.90760773;3050867.21416525;100280.1484375;-2.83107570198131;2.6099887092522;-0.652578055014293;-0.681575854746071;20220809120000_20220810223000_14;01_12_14
2022-08-09 12:00:00;2022-08-11 00:00:00;36;14;Perturbed;135.54;28.09;553055.987032062;3107288.07466449;100217.359375;-2.88700246107824;3.09900944761618;-0.726756524378686;-0.523463840469441;20220809120000_20220811013000_14;01_13_14
2022-08-09 12:00:00;2022-08-11 03:00:00;39;14;Perturbed;135.41;28.59;540086.28834505;3162640.28865042;100104.0234375;-2.94251310796921;3.5787678262365;-0.800383083226176;-0.368346566990357;20220809120000_20220811043000_14;01_14_14
2022-08-09 12:00:00;2022-08-09 12:00:00;0;15;Perturbed;142.18;24.69;1227580.11809058;2749742.18482919;100888.484375;0;0;3.10239107788324;-1.52543900245671;20220809120000_20220809133000_15;01_01_15
2022-08-09 12:00:00;2022-08-09 15:00:00;3;15;Perturbed;141.81;25.77;1183856.34061423;2867942.83486477;100714.9765625;-0.187138902051691;1.0244893226376;2.85417935353374;-1.19419728262894;20220809120000_20220809163000_15;01_02_15
2022-08-09 12:00:00;2022-08-09 18:00:00;6;15;Perturbed;140.74;25.46;1077651.57077221;2828358.98083765;100637.7890625;-0.641698072554322;0.681401228050842;2.25127469665929;-1.30512580866839;20220809120000_20220809193000_15;01_03_15
2022-08-09 12:00:00;2022-08-09 21:00:00;9;15;Perturbed;140.3;25.36;1033743.71370325;2815406.85878263;100665.1171875;-0.829624840038485;0.569140333149879;2.00201798681824;-1.34142242111201;20220809120000_20220809223000_15;01_04_15
2022-08-09 12:00:00;2022-08-10 00:00:00;12;15;Perturbed;140.3;25.84;1031603.98941246;2868709.95875901;100675.390625;-0.838782915520139;1.03113827286379;1.9898711713667;-1.19204751917186;20220809120000_20220810013000_15;01_05_15
2022-08-09 12:00:00;2022-08-10 03:00:00;15;15;Perturbed;139.78;26.49;976710.821431506;2938833.14803441;100645.2578125;-1.0737270987315;1.6389222288769;1.67825290172082;-0.995536537139179;20220809120000_20220810043000_15;01_06_15
2022-08-09 12:00:00;2022-08-10 06:00:00;18;15;Perturbed;138.33;26.62;831606.915909041;2948674.43281153;100568.7421875;-1.69477557921966;1.72422033148602;0.854525111525591;-0.967957635551851;20220809120000_20220810073000_15;01_07_15
2022-08-09 12:00:00;2022-08-10 09:00:00;21;15;Perturbed;138.19;26.93;816784.817609484;2982683.17472903;100584.1484375;-1.7582145445145;2.01898684047157;0.770382825800137;-0.872652625312577;20220809120000_20220810103000_15;01_08_15
2022-08-09 12:00:00;2022-08-10 12:00:00;24;15;Perturbed;137.65;27.6;761565.49231948;3055705.13496441;100690.9765625;-1.99455468947103;2.65189553053971;0.456913021983142;-0.668018220287867;20220809120000_20220810133000_15;01_09_15
2022-08-09 12:00:00;2022-08-10 15:00:00;27;15;Perturbed;137.15;27.25;712858.690229786;3015958.37456392;100556.796875;-2.20302106615693;2.30739546537528;0.180413596910064;-0.779403269935877;20220809120000_20220810163000_15;01_10_15
2022-08-09 12:00:00;2022-08-10 18:00:00;30;15;Perturbed;136.75;28.07;671971.952860946;3106194.11196043;100404.3828125;-2.37801736293893;3.08950241195489;-0.0516927802398821;-0.526529526549955;20220809120000_20220810193000_15;01_11_15
2022-08-09 12:00:00;2022-08-10 21:00:00;33;15;Perturbed;135.67;28.51;565570.8288426;3153878.66423302;100493.921875;-2.8334169344108;3.50280229349804;-0.655712103126762;-0.392899862929348;20220809120000_20220810223000_15;01_12_15
2022-08-09 12:00:00;2022-08-11 00:00:00;36;15;Perturbed;135.35;28.79;534152.577501934;3184763.40747816;100493.859375;-2.96788786532378;3.77049193545448;-0.834067652244895;-0.306349446617105;20220809120000_20220811013000_15;01_13_15
2022-08-09 12:00:00;2022-08-11 03:00:00;39;15;Perturbed;135;28.66;499990.326774186;3170309.77390813;100341.1640625;-3.11410318480902;3.64521687764936;-1.02800037375739;-0.346853846889482;20220809120000_20220811043000_15;01_14_15
2022-08-09 12:00:00;2022-08-09 12:00:00;0;16;Perturbed;142.18;24.69;1227581.76857498;2749724.92774361;100888.296875;0;0;3.10240044737517;-1.5254873631612;20220809120000_20220809133000_16;01_01_16
2022-08-09 12:00:00;2022-08-09 15:00:00;3;16;Perturbed;141.54;25.04;1160663.12552876;2785385.7509127;100769.9296875;-0.286413528502523;0.309085716213982;2.72251580015735;-1.42555261328081;20220809120000_20220809163000_16;01_02_16
2022-08-09 12:00:00;2022-08-09 18:00:00;6;16;Perturbed;140.42;24.97;1047589.94765991;2772574.33910336;100695.78125;-0.770369663567011;0.198044409735302;2.08062047279941;-1.46145490383395;20220809120000_20220809193000_16;01_03_16
2022-08-09 12:00:00;2022-08-09 21:00:00;9;16;Perturbed;140.45;24.79;1051441.12041934;2752705.22568251;100743.71875;-0.753886544234486;0.0258313589288344;2.10248286179138;-1.51713547157189;20220809120000_20220809223000_16;01_04_16
2022-08-09 12:00:00;2022-08-10 00:00:00;12;16;Perturbed;140.1;25.34;1013648.96130357;2812391.44146863;100822.796875;-0.915637965801704;0.543154155065056;1.88794382782776;-1.34987273011442;20220809120000_20220810013000_16;01_05_16
2022-08-09 12:00:00;2022-08-10 03:00:00;15;16;Perturbed;139.11;26.06;911329.400613992;2888809.93031824;100793.65625;-1.35356834032661;1.20550183128307;1.30709477819604;-1.13572000197321;20220809120000_20220810043000_16;01_06_16
2022-08-09 12:00:00;2022-08-10 06:00:00;18;16;Perturbed;138.56;26.41;855176.217490395;2925998.62670029;100737.4375;-1.5939054210407;1.52783019711487;0.988323637748223;-1.03150358908516;20220809120000_20220810073000_16;01_07_16
2022-08-09 12:00:00;2022-08-10 09:00:00;21;16;Perturbed;137.29;26.31;728609.746855381;2912034.53182274;100798.1875;-2.13561319924006;1.40679815458341;0.269829405676371;-1.07063612178854;20220809120000_20220810103000_16;01_08_16
2022-08-09 12:00:00;2022-08-10 12:00:00;24;16;Perturbed;136.97;26.28;696707.402219686;2908190.23121604;100881.34375;-2.272156062016;1.3734781607984;0.0887257492710693;-1.08140926681028;20220809120000_20220810133000_16;01_09_16
2022-08-09 12:00:00;2022-08-10 15:00:00;27;16;Perturbed;137.1;26.23;709773.819891726;2902860.00584079;100721.984375;-2.21623145535965;1.32727910028094;0.162901363745423;-1.09634651986123;20220809120000_20220810163000_16;01_10_16
2022-08-09 12:00:00;2022-08-10 18:00:00;30;16;Perturbed;136.55;26.61;654312.067012646;2944169.03585053;100517.078125;-2.45360919668743;1.68531994151791;-0.151944656249299;-0.980583415845094;20220809120000_20220810193000_16;01_11_16
2022-08-09 12:00:00;2022-08-10 21:00:00;33;16;Perturbed;135.95;26.73;594473.360471992;2956883.89388785;100572.796875;-2.70972041325076;1.79552438027662;-0.491637825288381;-0.944951704493425;20220809120000_20220810223000_16;01_12_16
2022-08-09 12:00:00;2022-08-11 00:00:00;36;16;Perturbed;135.51;26.93;550632.344783132;2978774.61398027;100628.84375;-2.89736109789387;1.98525945358444;-0.740515089089584;-0.883605850900414;20220809120000_20220811013000_16;01_13_16
2022-08-09 12:00:00;2022-08-11 03:00:00;39;16;Perturbed;134.99;27.03;499001.126183623;2989759.1916019;100548.109375;-3.11834405311841;2.08046690365903;-1.03361588089064;-0.852823022025309;20220809120000_20220811043000_16;01_14_16
2022-08-09 12:00:00;2022-08-09 12:00:00;0;17;Perturbed;142.18;24.69;1227577.95595338;2749738.63450935;100888.2578125;0;0;3.10237880383392;-1.52544895175942;20220809120000_20220809133000_17;01_01_17
2022-08-09 12:00:00;2022-08-09 15:00:00;3;17;Perturbed;141.66;25.59;1169757.9879971;2847135.94576705;100763.3359375;-0.247470963044244;0.844178990615453;2.77414563697118;-1.25250584291957;20220809120000_20220809163000_17;01_02_17
2022-08-09 12:00:00;2022-08-09 18:00:00;6;17;Perturbed;140.5;24.89;1056059.45427127;2764028.14221389;100672.3984375;-0.734103637402009;0.123852517432319;2.12870028112643;-1.48540449256129;20220809120000_20220809193000_17;01_03_17
2022-08-09 12:00:00;2022-08-09 21:00:00;9;17;Perturbed;140.25;25.07;1029953.91493178;2783001.55582829;100741.234375;-0.845836023106833;0.288302202405199;1.9805040065014;-1.432234005303;20220809120000_20220809223000_17;01_04_17
2022-08-09 12:00:00;2022-08-10 00:00:00;12;17;Perturbed;139.73;25.24;976710.637920303;2799933.42552391;100777.34375;-1.07371863016093;0.435057061284908;1.67825185996197;-1.38478467540346;20220809120000_20220810013000_17;01_05_17
2022-08-09 12:00:00;2022-08-10 03:00:00;15;17;Perturbed;139.4;25.34;943055.107528494;2809892.90309006;100698.765625;-1.21776517346103;0.521379585082315;1.4871956952249;-1.35687455412575;20220809120000_20220810043000_17;01_06_17
2022-08-09 12:00:00;2022-08-10 06:00:00;18;17;Perturbed;138.58;26.23;857710.596016545;2906093.98802309;100670;-1.58304189707267;1.35519043392603;1.00271083163764;-1.08728371166487;20220809120000_20220810073000_17;01_07_17
2022-08-09 12:00:00;2022-08-10 09:00:00;21;17;Perturbed;137.44;25.98;744274.709428327;2875745.01830331;100701.2265625;-2.06855043486687;1.09214454186362;0.35875647457395;-1.17233269339175;20220809120000_20220810103000_17;01_08_17
2022-08-09 12:00:00;2022-08-10 12:00:00;24;17;Perturbed;137.12;25.71;712720.68440788;2845270.02932625;100661.65625;-2.20360248065208;0.828006393679948;0.179630163615808;-1.25773482745326;20220809120000_20220810133000_17;01_09_17
2022-08-09 12:00:00;2022-08-10 15:00:00;27;17;Perturbed;136.75;26.26;674762.574406086;2905649.37615636;100551.4453125;-2.36606417631724;1.35133681628475;-0.0358509425555497;-1.08852967773485;20220809120000_20220810163000_17;01_10_17
2022-08-09 12:00:00;2022-08-10 18:00:00;30;17;Perturbed;136.2;26.61;619479.541452942;2943807.60986371;100327.703125;-2.60267699172496;1.68206852539229;-0.349682402886117;-0.981596264466749;20220809120000_20220810193000_17;01_11_17
2022-08-09 12:00:00;2022-08-10 21:00:00;33;17;Perturbed;135.43;26.73;542773.463254935;2956605.32844881;100394.5625;-2.93098099662097;1.7929911475658;-0.785128492783433;-0.94573234736709;20220809120000_20220810223000_17;01_12_17
2022-08-09 12:00:00;2022-08-11 00:00:00;36;17;Perturbed;134.96;26.63;496010.915044321;2945464.54215105;100485.3515625;-3.13112591625898;1.69642977836516;-1.05059075145064;-0.976952930438269;20220809120000_20220811013000_17;01_13_17
2022-08-09 12:00:00;2022-08-11 03:00:00;39;17;Perturbed;134.47;26.56;447204.878039932;2937813.00271268;100339.5703125;-3.34001702095452;1.63011101908596;-1.32765351461375;-0.998395359749226;20220809120000_20220811043000_17;01_14_17
2022-08-09 12:00:00;2022-08-09 12:00:00;0;18;Perturbed;142.18;24.69;1227591.76849229;2749735.75245877;100888.3359375;0;0;3.10245721503939;-1.52545702832578;20220809120000_20220809133000_18;01_01_18
2022-08-09 12:00:00;2022-08-09 15:00:00;3;18;Perturbed;141.51;25.54;1154918.17818467;2840823.27456448;100748.46875;-0.311044852098601;0.789489683810811;2.68990280629276;-1.27019627072364;20220809120000_20220809163000_18;01_02_18
2022-08-09 12:00:00;2022-08-09 18:00:00;6;18;Perturbed;140.64;25.26;1068516.5657979;2805707.99109534;100663.4140625;-0.680845994881932;0.48513236458544;2.19941697833107;-1.36860221760342;20220809120000_20220809193000_18;01_03_18
2022-08-09 12:00:00;2022-08-09 21:00:00;9;18;Perturbed;140.54;25.39;1057813.83817253;2819730.1493077;100704.6484375;-0.726653946810453;0.606667663795455;2.13865959110456;-1.32930697006832;20220809120000_20220809223000_18;01_04_18
2022-08-09 12:00:00;2022-08-10 00:00:00;12;18;Perturbed;140.62;25.66;1064606.88361272;2850049.42226655;100685.1640625;-0.697579536074725;0.869456162903831;2.17722244224904;-1.24434120959411;20220809120000_20220810013000_18;01_05_18
2022-08-09 12:00:00;2022-08-10 03:00:00;15;18;Perturbed;140.47;26.28;1046626.27816776;2918266.60854027;100696.6015625;-0.774536993902214;1.46072007673822;2.07514990094687;-1.05317154939075;20220809120000_20220810043000_18;01_06_18
2022-08-09 12:00:00;2022-08-10 06:00:00;18;18;Perturbed;137.86;26.56;784919.474941855;2940894.02817963;100695.3359375;-1.89464890192868;1.65684040105446;0.589489222661689;-0.989761192558092;20220809120000_20220810073000_18;01_07_18
2022-08-09 12:00:00;2022-08-10 09:00:00;21;18;Perturbed;137.64;26.38;763410.961152932;2920470.74351041;100680.4921875;-1.98670589900311;1.47982414039506;0.467389404121723;-1.04699475207176;20220809120000_20220810103000_18;01_08_18
2022-08-09 12:00:00;2022-08-10 12:00:00;24;18;Perturbed;136.92;26.64;691125.641314406;2948002.44958697;100789.8125;-2.29608894341997;1.71845175285694;0.0570391343632962;-0.969840779840249;20220809120000_20220810133000_18;01_09_18
2022-08-09 12:00:00;2022-08-10 15:00:00;27;18;Perturbed;137.15;26.98;713383.887927309;2986045.84615647;100608.6484375;-2.20082307040641;2.04818812546225;0.18339504621867;-0.86322918249304;20220809120000_20220810163000_18;01_10_18
2022-08-09 12:00:00;2022-08-10 18:00:00;30;18;Perturbed;136.75;27.82;672357.31005575;3078500.84607052;100412.0546875;-2.37641788816834;2.84953025182026;-0.049505179366091;-0.604136248833285;20220809120000_20220810193000_18;01_11_18
2022-08-09 12:00:00;2022-08-10 21:00:00;33;18;Perturbed;136.1;28.34;607826.123169813;3135349.94545304;100474.1171875;-2.65261304236013;3.34226269704302;-0.415836683544651;-0.444824151611687;20220809120000_20220810223000_18;01_12_18
2022-08-09 12:00:00;2022-08-11 00:00:00;36;18;Perturbed;135.66;28.57;564555.852968142;3160529.76335973;100516.59375;-2.83781092150955;3.56050561350414;-0.661473931736117;-0.374261035538702;20220809120000_20220811013000_18;01_13_18
2022-08-09 12:00:00;2022-08-11 03:00:00;39;18;Perturbed;135.35;28.5;534254.618786926;3152637.97535395;100370.421875;-2.96750098999807;3.4921045298721;-0.833488382914465;-0.396376729748211;20220809120000_20220811043000_18;01_14_18
2022-08-09 12:00:00;2022-08-09 12:00:00;0;19;Perturbed;142.18;24.69;1227587.42499954;2749730.35494501;100888.078125;0;0;3.10243255784171;-1.52547215414562;20220809120000_20220809133000_19;01_01_19
2022-08-09 12:00:00;2022-08-09 15:00:00;3;19;Perturbed;141.79;25.19;1185148.66034383;2803329.70964861;100850.078125;-0.181639013838547;0.464565690438889;2.8615156114467;-1.37526703743657;20220809120000_20220809163000_19;01_02_19
2022-08-09 12:00:00;2022-08-09 18:00:00;6;19;Perturbed;140.72;24.89;1078340.69516857;2764954.51179301;100723.109375;-0.638779876017888;0.131953471763806;2.25518672724277;-1.48280846409196;20220809120000_20220809193000_19;01_03_19
2022-08-09 12:00:00;2022-08-09 21:00:00;9;19;Perturbed;140.27;25.29;1031022.72164343;2807515.75134399;100729.625;-0.841302030413067;0.500847682286983;1.98657142272678;-1.36353620812192;20220809120000_20220809223000_19;01_04_19
2022-08-09 12:00:00;2022-08-10 00:00:00;12;19;Perturbed;139.06;25.44;908439.380997546;2819884.07529033;100746.28125;-1.36596190891305;0.608048580235748;1.29068867621206;-1.32887561281947;20220809120000_20220810013000_19;01_05_19
2022-08-09 12:00:00;2022-08-10 03:00:00;15;19;Perturbed;138.86;25.71;887432.957453324;2849232.92349343;100713.9921875;-1.45586994671297;0.862426044376102;1.17143913028369;-1.24662933963201;20220809120000_20220810043000_19;01_06_19
2022-08-09 12:00:00;2022-08-10 06:00:00;18;19;Perturbed;138.21;26.26;820632.074367271;2908456.95096014;100669.6953125;-1.74177945953057;1.37574288117;0.792222984381637;-1.08066181993312;20220809120000_20220810073000_19;01_07_19
2022-08-09 12:00:00;2022-08-10 09:00:00;21;19;Perturbed;137.64;26.28;763625.270614199;2909376.68656794;100685.1484375;-1.98577005868678;1.38371457429987;0.468605998935708;-1.0780843822928;20220809120000_20220810103000_19;01_08_19
2022-08-09 12:00:00;2022-08-10 12:00:00;24;19;Perturbed;137.24;26.85;722572.670905462;2971780.60407513;100748.984375;-2.16147625058698;1.92459270955235;0.235558052237868;-0.90320564048511;20220809120000_20220810133000_19;01_09_19
2022-08-09 12:00:00;2022-08-10 15:00:00;27;19;Perturbed;136.57;27;655776.627946652;2987398.77507219;100574.625;-2.44736504753441;2.05996124957986;-0.143630617165162;-0.859437777786606;20220809120000_20220810163000_19;01_10_19
2022-08-09 12:00:00;2022-08-10 18:00:00;30;19;Perturbed;136.2;26.88;619196.082092278;2973698.69637676;100326.1328125;-2.60393073290646;1.94121753422346;-0.351291548773193;-0.897830439988423;20220809120000_20220810193000_19;01_11_19
2022-08-09 12:00:00;2022-08-10 21:00:00;33;19;Perturbed;135.61;27.15;560434.577454898;3003204.8663796;100376.4609375;-2.8554314973748;2.19695856534929;-0.684869643650876;-0.815143293222899;20220809120000_20220810223000_19;01_12_19
2022-08-09 12:00:00;2022-08-11 00:00:00;36;19;Perturbed;135.16;27.4;515823.197508494;3030756.78098918;100352.6484375;-3.04636936102799;2.43576133273878;-0.938120121565286;-0.737932689245031;20220809120000_20220811013000_19;01_13_19
2022-08-09 12:00:00;2022-08-11 03:00:00;39;19;Perturbed;134.71;27.52;471356.086965118;3044058.00146697;100314.21875;-3.23668974789302;2.55104799447414;-1.19055160900441;-0.700657774550842;20220809120000_20220811043000_19;01_14_19
2022-08-09 12:00:00;2022-08-09 12:00:00;0;20;Perturbed;142.18;24.69;1227583.88094155;2749723.90871377;100888.5234375;0;0;3.10241243888595;-1.5254902188578;20220809120000_20220809133000_20;01_01_20
2022-08-09 12:00:00;2022-08-09 15:00:00;3;20;Perturbed;142.16;25.79;1218992.59748281;2872051.05042633;100733.4296875;-0.0367709161120209;1.06025517216335;3.05364132612419;-1.18268455078164;20220809120000_20220809163000_20;01_02_20
2022-08-09 12:00:00;2022-08-09 18:00:00;6;20;Perturbed;141.12;25.54;1115574.85475857;2838961.11495663;100648.421875;-0.479401538238618;0.773452302929827;2.46655810204079;-1.27541472722883;20220809120000_20220809193000_20;01_03_20
2022-08-09 12:00:00;2022-08-09 21:00:00;9;20;Perturbed;140.37;25.59;1039759.73521646;2841220.87484951;100694.8203125;-0.803892216970662;0.793038488634216;2.036169818149;-1.26908204840609;20220809120000_20220809223000_20;01_04_20
2022-08-09 12:00:00;2022-08-10 00:00:00;12;20;Perturbed;140.07;25.84;1008497.93692521;2867783.34359245;100767.984375;-0.937693524772797;1.02326535796063;1.85870242379284;-1.19464423586754;20220809120000_20220810013000_20;01_05_20
2022-08-09 12:00:00;2022-08-10 03:00:00;15;20;Perturbed;139.68;26.23;967760.945331933;2909612.8248011;100720.6953125;-1.11204890575011;1.38581714474714;1.62744612546296;-1.07742263606344;20220809120000_20220810043000_20;01_06_20
2022-08-09 12:00:00;2022-08-10 06:00:00;18;20;Perturbed;138.93;26.73;891018.091424871;2962568.36471172;100662.8671875;-1.44051031163506;1.84480265114341;1.19179126672897;-0.929021725331353;20220809120000_20220810073000_20;01_07_20
2022-08-09 12:00:00;2022-08-10 09:00:00;21;20;Perturbed;138.11;27.15;808233.831044135;3006876.93731546;100730.8671875;-1.79482909397708;2.22884165194564;0.721840470981342;-0.804852799120231;20220809120000_20220810103000_20;01_08_20
2022-08-09 12:00:00;2022-08-10 12:00:00;24;20;Perturbed;137.47;26.89;745338.96440883;2976645.03220225;100790.9375;-2.06402075504035;1.96681040269153;0.364798051471122;-0.889573722739124;20220809120000_20220810133000_20;01_09_20
2022-08-09 12:00:00;2022-08-10 15:00:00;27;20;Perturbed;137.84;27.03;781754.803178887;2992933.80912166;100635.9140625;-1.90816002026265;2.10799133551838;0.571523971701581;-0.843926575459878;20220809120000_20220810163000_20;01_10_20
2022-08-09 12:00:00;2022-08-10 18:00:00;30;20;Perturbed;137.17;27.58;714208.569364975;3052546.94350521;100486.7890625;-2.19725965353429;2.62468070775549;0.188076608825949;-0.676868634986745;20220809120000_20220810193000_20;01_11_20
2022-08-09 12:00:00;2022-08-10 21:00:00;33;20;Perturbed;136.67;28.17;663954.491858936;3117161.53405908;100583.609375;-2.41234840914761;3.18471957462392;-0.0972064100100995;-0.495794773763579;20220809120000_20220810223000_20;01_12_20
2022-08-09 12:00:00;2022-08-11 00:00:00;36;20;Perturbed;136.22;28.69;619187.93507855;3174241.29313326;100660.9453125;-2.60395043367645;3.67945123382063;-0.351337797849605;-0.335836283201998;20220809120000_20220811013000_20;01_13_20
2022-08-09 12:00:00;2022-08-11 03:00:00;39;20;Perturbed;135.9;29.21;587487.123413849;3231583.97069304;100647.8515625;-2.73963073010758;4.17646170604528;-0.531297389191664;-0.17514099828848;20220809120000_20220811043000_20;01_14_20
2022-08-09 18:00:00;2022-08-09 18:00:00;0;0;Unperturbed;141.02;25.69;1104736.86802325;2855155.24988064;100675.4453125;-0.627627901924385;1.21389112994079;2.40503287409121;-1.23003280164943;20220809180000_20220809193000_00;02_01_00
2022-08-09 18:00:00;2022-08-09 21:00:00;3;0;Unperturbed;140.35;25.66;1037438.91738385;2848923.57479644;100674.03125;-0.971464579463741;1.14212979036297;2.02299496845895;-1.24749624852283;20220809180000_20220809223000_00;02_02_00
2022-08-09 18:00:00;2022-08-10 00:00:00;6;0;Unperturbed;139.97;25.65;999235.890206248;2846321.76299366;100732.328125;-1.16665034384274;1.11216842399287;1.80612351319062;-1.25478748267394;20220809180000_20220810013000_00;02_03_00
2022-08-09 18:00:00;2022-08-10 03:00:00;9;0;Unperturbed;139.19;25.81;920228.77721327;2861338.98367537;100687.8671875;-1.57031112363439;1.28510039786733;1.3576148782157;-1.21270370391177;20220809180000_20220810043000_00;02_04_00
2022-08-09 18:00:00;2022-08-10 06:00:00;12;0;Unperturbed;138.94;26.24;893700.838434894;2908254.44867886;100603.6953125;-1.70584687539;1.8253590875578;1.2070207208106;-1.08122930584712;20220809180000_20220810073000_00;02_05_00
2022-08-09 18:00:00;2022-08-10 09:00:00;15;0;Unperturbed;137.69;25.83;769653.866356268;2859619.63961589;100684.78125;-2.33962395675863;1.26530115749676;0.502829211816948;-1.21752193869361;20220809180000_20220810103000_00;02_06_00
2022-08-09 18:00:00;2022-08-10 12:00:00;18;0;Unperturbed;137.29;25.99;729227.549764814;2876592.53640644;100727.296875;-2.5461688849458;1.46075387185506;0.273336557489627;-1.1699576357759;20220809180000_20220810133000_00;02_07_00
2022-08-09 18:00:00;2022-08-10 15:00:00;21;0;Unperturbed;136.97;26.25;696757.937903497;2904872.8828237;100611.671875;-2.71206165519088;1.78641840269247;0.089012630916346;-1.09070569780636;20220809180000_20220810163000_00;02_08_00
2022-08-09 18:00:00;2022-08-10 18:00:00;24;0;Unperturbed;136.64;26.69;663177.966962316;2953147.32828096;100300;-2.88362743885271;2.34232653759699;-0.10161459692155;-0.955422936398703;20220809180000_20220810193000_00;02_09_00
2022-08-09 18:00:00;2022-08-10 21:00:00;27;0;Unperturbed;136.27;26.81;626211.685400507;2966019.20294706;100242.3984375;-3.07249445950392;2.49055361241013;-0.311465278148936;-0.919351206670292;20220809180000_20220810223000_00;02_10_00
2022-08-09 18:00:00;2022-08-11 00:00:00;30;0;Unperturbed;135.78;27.02;577373.561264538;2988891.83999665;100233.2734375;-3.32201674332713;2.75394524502546;-0.588710193969439;-0.855253660412952;20220809180000_20220811013000_00;02_11_00
2022-08-09 18:00:00;2022-08-11 03:00:00;33;0;Unperturbed;135.52;27.11;551545.621026896;2998719.57417468;100139.9609375;-3.45397608346484;2.8671172830571;-0.735330590302974;-0.827712732590977;20220809180000_20220811043000_00;02_12_00
2022-08-09 18:00:00;2022-08-11 06:00:00;36;0;Unperturbed;135.19;27.28;518813.512323374;3017453.27754499;99974.78125;-3.62120999472879;3.08284670266627;-0.921144662458379;-0.775214001651173;20220809180000_20220811073000_00;02_13_00
2022-08-09 18:00:00;2022-08-11 09:00:00;39;0;Unperturbed;134.92;27.19;492071.548286632;3007478.34972482;99962.1328125;-3.75783923793618;2.96797964478924;-1.07295380131064;-0.803167420226435;20220809180000_20220811103000_00;02_14_00
2022-08-09 18:00:00;2022-08-09 18:00:00;0;1;Perturbed;141.02;25.69;1104746.35261711;2855152.34448867;100675.5625;-0.627562423472314;1.21401085212014;2.40508671636039;-1.23004094362694;20220809180000_20220809193000_01;02_01_01
2022-08-09 18:00:00;2022-08-09 21:00:00;3;1;Perturbed;140.11;25.32;1014747.11918618;2810217.26493952;100635.421875;-1.08738381639691;0.696557445305386;1.89417786517271;-1.35596557285678;20220809180000_20220809223000_01;02_02_01
2022-08-09 18:00:00;2022-08-10 00:00:00;6;1;Perturbed;140;25.39;1003345.59646968;2817567.62777256;100673.28125;-1.14563613541234;0.781201120746474;1.82945354863341;-1.33536715122848;20220809180000_20220810013000_01;02_03_01
2022-08-09 18:00:00;2022-08-10 03:00:00;9;1;Perturbed;138.67;25.83;867974.296379872;2861989.05027648;100683.484375;-1.8372711349157;1.29273946986796;1.06097594303535;-1.21088197806771;20220809180000_20220810043000_01;02_04_01
2022-08-09 18:00:00;2022-08-10 06:00:00;12;1;Perturbed;138.39;25.84;839848.818347835;2862342.72803751;100527.3828125;-1.9809689864678;1.29681227365955;0.90131285344382;-1.2098908428261;20220809180000_20220810073000_01;02_05_01
2022-08-09 18:00:00;2022-08-10 09:00:00;15;1;Perturbed;137.84;26.06;784155.023515414;2885421.8799635;100532.1171875;-2.26551805806353;1.56258204441153;0.585149574587111;-1.1452145658866;20220809180000_20220810103000_01;02_06_01
2022-08-09 18:00:00;2022-08-10 12:00:00;18;1;Perturbed;137.24;26.43;723387.348252923;2925249.03201929;100631.5390625;-2.57599044786928;2.02121471451637;0.240182823492165;-1.03360422923591;20220809180000_20220810133000_01;02_07_01
2022-08-09 18:00:00;2022-08-10 15:00:00;21;1;Perturbed;136.25;26.36;624711.909466258;2916163.45771144;100502.90625;-3.08014004982282;1.91658907624813;-0.319979226217105;-1.0590653519831;20220809180000_20220810163000_01;02_08_01
2022-08-09 18:00:00;2022-08-10 18:00:00;24;1;Perturbed;135.58;26.11;557997.271037388;2887998.18681999;100348.9453125;-3.42099648605419;1.59224970658698;-0.698705777296597;-1.13799480598095;20220809180000_20220810193000_01;02_09_01
2022-08-09 18:00:00;2022-08-10 21:00:00;27;1;Perturbed;135.44;26;544029.103873794;2875767.03459079;100126.2109375;-3.49236222814905;1.45140092087714;-0.778000455336558;-1.17227099565214;20220809180000_20220810223000_01;02_10_01
2022-08-09 18:00:00;2022-08-11 00:00:00;30;1;Perturbed;134.9;26.42;490032.104515496;2922203.11121573;100180.1484375;-3.76824208303398;1.98613917637319;-1.08453134296796;-1.04214002024153;20220809180000_20220811013000_01;02_11_01
2022-08-09 18:00:00;2022-08-11 03:00:00;33;1;Perturbed;134.58;26.48;458148.496691196;2928919.22433602;100096.171875;-3.93114085897168;2.06347909986995;-1.26552863399191;-1.02331899971536;20220809180000_20220811043000_01;02_12_01
2022-08-09 18:00:00;2022-08-11 06:00:00;36;1;Perturbed;134.39;26.45;439177.946298229;2925655.59818239;99982.90625;-4.02806462791616;2.02589655881935;-1.37322090800563;-1.03246488122853;20220809180000_20220811073000_01;02_13_01
2022-08-09 18:00:00;2022-08-11 09:00:00;39;1;Perturbed;134.2;26.48;420273.276459155;2929084.13820308;99893.3359375;-4.12465180190418;2.06537817834483;-1.48053919041051;-1.02285685037075;20220809180000_20220811103000_01;02_14_01
2022-08-09 18:00:00;2022-08-09 18:00:00;0;2;Perturbed;141.02;25.69;1104732.99147913;2855162.36007258;100675.6171875;-0.627705007244162;1.21407473124264;2.40501086767371;-1.23001287627504;20220809180000_20220809193000_02;02_01_02
2022-08-09 18:00:00;2022-08-09 21:00:00;3;2;Perturbed;140.45;25.71;1047281.94996819;2854884.57661903;100677.8125;-0.921232151037037;1.21087589425749;2.07887202738662;-1.23079132773757;20220809180000_20220809223000_02;02_02_02
2022-08-09 18:00:00;2022-08-10 00:00:00;6;2;Perturbed;139.16;25.41;918607.45525686;2816873.54299939;100509.6953125;-1.57865203270119;0.773156877391783;1.34841093606446;-1.33731223218954;20220809180000_20220810013000_02;02_03_02
2022-08-09 18:00:00;2022-08-10 03:00:00;9;2;Perturbed;139.53;25.49;955583.32340591;2826960.43325834;100487.0625;-1.38973603254504;0.88931324744891;1.55831603855842;-1.30904505365811;20220809180000_20220810043000_02;02_04_02
2022-08-09 18:00:00;2022-08-10 06:00:00;12;2;Perturbed;139.53;26.11;953224.528166547;2895754.9801592;100412.484375;-1.40178751866597;1.68152220804942;1.54492559821812;-1.11625741650591;20220809180000_20220810073000_02;02_05_02
2022-08-09 18:00:00;2022-08-10 09:00:00;15;2;Perturbed;139.02;26.79;899788.496716992;2969495.41876655;100510.453125;-1.67480129308165;2.53068596964151;1.24157922070845;-0.909609570679324;20220809180000_20220810103000_02;02_06_02
2022-08-09 18:00:00;2022-08-10 12:00:00;18;2;Perturbed;138.35;26.99;832521.931366416;2989742.40799877;100561.6953125;-2.01847761784158;2.7638417504051;0.85971948350327;-0.852870055857732;20220809180000_20220810133000_02;02_07_02
2022-08-09 18:00:00;2022-08-10 15:00:00;21;2;Perturbed;137.71;27.2;768458.595330895;3011495.28277258;100390.8125;-2.34578809914534;3.01433867335842;0.496043881285219;-0.791910495575227;20220809180000_20220810163000_02;02_08_02
2022-08-09 18:00:00;2022-08-10 18:00:00;24;2;Perturbed;137.19;27.5;716347.736044193;3043734.15441226;100253.5078125;-2.6120313435625;3.38558790957199;0.200220258820663;-0.701565313175472;20220809180000_20220810193000_02;02_09_02
2022-08-09 18:00:00;2022-08-10 21:00:00;27;2;Perturbed;136.82;27.85;679215.525511042;3081911.15683765;100336.890625;-2.80174612355366;3.8252181531412;-0.0105723702088925;-0.594579303052449;20220809180000_20220810223000_02;02_10_02
2022-08-09 18:00:00;2022-08-11 00:00:00;30;2;Perturbed;136.53;27.69;650871.883509543;3063804.22300991;100354.2578125;-2.94655861193654;3.61670634699463;-0.171473935938044;-0.645321595079624;20220809180000_20220811013000_02;02_11_02
2022-08-09 18:00:00;2022-08-11 03:00:00;33;2;Perturbed;136.39;27.9;636791.870536098;3086893.2024703;100186.28125;-3.01849579329946;3.88258928748405;-0.251403541766191;-0.580617777772155;20220809180000_20220811043000_02;02_12_02
2022-08-09 18:00:00;2022-08-11 06:00:00;36;2;Perturbed;135.91;28.1;589398.399523296;3108610.21923684;100106.2265625;-3.26063709857359;4.13267328476306;-0.520447431429196;-0.519758704821942;20220809180000_20220811073000_02;02_13_02
2022-08-09 18:00:00;2022-08-11 09:00:00;39;2;Perturbed;135.95;27.77;593603.371698671;3072089.09069366;99993.484375;-3.23915318044252;3.71211138579678;-0.496576589184239;-0.622104346957185;20220809180000_20220811103000_02;02_14_02
2022-08-09 18:00:00;2022-08-09 18:00:00;0;3;Perturbed;141.02;25.69;1104744.66670934;2855150.39765794;100675.34375;-0.627583214312606;1.2139662847237;2.4050771457766;-1.23004639936309;20220809180000_20220809193000_03;02_01_03
2022-08-09 18:00:00;2022-08-09 21:00:00;3;3;Perturbed;140.27;25.28;1031064.47276676;2806403.23420686;100547.8359375;-1.00402785853983;0.652614528959469;1.98680843606168;-1.36665389055202;20220809180000_20220809223000_03;02_02_03
2022-08-09 18:00:00;2022-08-10 00:00:00;6;3;Perturbed;140.5;25.54;1053092.13041424;2836213.90814697;100693.3046875;-0.891484808602575;0.995901665524625;2.11185533739633;-1.28311341169532;20220809180000_20220810013000_03;02_03_03
2022-08-09 18:00:00;2022-08-10 03:00:00;9;3;Perturbed;139.53;26.28;952564.738825483;2914629.77841881;100590.53125;-1.40509635244858;1.89890572443889;1.54118009726863;-1.06336328576267;20220809180000_20220810043000_03;02_04_03
2022-08-09 18:00:00;2022-08-10 06:00:00;12;3;Perturbed;139.25;26.41;924070.994710829;2928098.92735082;100389.921875;-1.5506757380607;2.05401075755987;1.37942642985739;-1.02561777374127;20220809180000_20220810073000_03;02_05_03
2022-08-09 18:00:00;2022-08-10 09:00:00;15;3;Perturbed;138.88;26.73;886054.048858838;2962420.28547798;100392.671875;-1.74491078129377;2.44924102904486;1.16361132354528;-0.929436697838196;20220809180000_20220810103000_03;02_06_03
2022-08-09 18:00:00;2022-08-10 12:00:00;18;3;Perturbed;138.41;27.18;837903.990240097;3010978.31558583;100531.015625;-1.99091762134603;3.00841480507084;0.890272427249033;-0.793359227879;20220809180000_20220810133000_03;02_07_03
2022-08-09 18:00:00;2022-08-10 15:00:00;21;3;Perturbed;137.71;27.21;768437.13771642;3012608.10240608;100359.5390625;-2.34583558755335;3.02718274208083;0.495922070412581;-0.788791965439004;20220809180000_20220810163000_03;02_08_03
2022-08-09 18:00:00;2022-08-10 18:00:00;24;3;Perturbed;137.43;27.23;740638.196414005;3014247.62277145;100092.828125;-2.48786510740825;3.0460627664875;0.338112668891958;-0.784197426023572;20220809180000_20220810193000_03;02_09_03
2022-08-09 18:00:00;2022-08-10 21:00:00;27;3;Perturbed;137.22;27.52;719257.868942338;3045994.45189899;100013.703125;-2.59710083736311;3.41164584884621;0.216740540151014;-0.695231127816937;20220809180000_20220810223000_03;02_10_03
2022-08-09 18:00:00;2022-08-11 00:00:00;30;3;Perturbed;137.08;28.02;704494.628851558;3101156.71625444;100013.015625;-2.6725287422889;4.04687119850047;0.132932381491788;-0.540646163104853;20220809180000_20220811013000_03;02_11_03
2022-08-09 18:00:00;2022-08-11 03:00:00;33;3;Perturbed;136.69;28.4;665554.322593681;3142681.91741224;100111.3984375;-2.87148139090393;4.52505788523536;-0.0881244695132326;-0.424277267979785;20220809180000_20220811043000_03;02_12_03
2022-08-09 18:00:00;2022-08-11 06:00:00;36;3;Perturbed;136.56;28.39;652847.520904698;3141389.14589576;99874.625;-2.93640260222435;4.51017087419299;-0.160258611168673;-0.427900089515331;20220809180000_20220811073000_03;02_13_03
2022-08-09 18:00:00;2022-08-11 09:00:00;39;3;Perturbed;136.43;28.49;639964.841596724;3152316.62750854;99508.328125;-3.00222240221786;4.63600713942659;-0.233391177242218;-0.397277264668649;20220809180000_20220811103000_03;02_14_03
2022-08-09 18:00:00;2022-08-09 18:00:00;0;4;Perturbed;141.02;25.69;1104732.18720544;2855165.28271919;100675.5390625;-0.627649590689187;1.21418548116945;2.4050063019621;-1.23000468594367;20220809180000_20220809193000_04;02_01_04
2022-08-09 18:00:00;2022-08-09 21:00:00;3;4;Perturbed;139.9;25.26;993806.328893532;2802758.03214376;100700.359375;-1.19438866985569;0.610685707181218;1.77530090696407;-1.37686908818533;20220809180000_20220809223000_04;02_02_04
2022-08-09 18:00:00;2022-08-10 00:00:00;6;4;Perturbed;138.68;25.34;870473.536267639;2807687.64912902;100690.6796875;-1.82451688691475;0.667453095353403;1.07516366143277;-1.36305448726903;20220809180000_20220810013000_04;02_03_04
2022-08-09 18:00:00;2022-08-10 03:00:00;9;4;Perturbed;138.76;25.24;878851.037823011;2796837.88464942;100532.6328125;-1.78171480641287;0.542511787817307;1.12272117422828;-1.39345952010826;20220809180000_20220810043000_04;02_04_04
2022-08-09 18:00:00;2022-08-10 06:00:00;12;4;Perturbed;138.33;25.62;834451.975849624;2837806.67357905;100443.453125;-2.00855716654047;1.01429106622113;0.870675985820745;-1.27864989680899;20220809180000_20220810073000_04;02_05_04
2022-08-09 18:00:00;2022-08-10 09:00:00;15;4;Perturbed;137.82;25.98;782341.524952703;2876522.03694558;100505.484375;-2.27479832442476;1.46012084712031;0.57485468170876;-1.17015520120938;20220809180000_20220810103000_04;02_06_04
2022-08-09 18:00:00;2022-08-10 12:00:00;18;4;Perturbed;137.22;26.41;721435.936753108;2923003.41510672;100663.84375;-2.58597533488586;1.99538077598327;0.229105024609243;-1.03989727422314;20220809180000_20220810133000_04;02_07_04
2022-08-09 18:00:00;2022-08-10 15:00:00;21;4;Perturbed;136.18;25.32;618771.504345304;2800911.61325277;100380.4453125;-3.11050538379784;0.58942312669541;-0.353701797401729;-1.38204343340924;20220809180000_20220810163000_04;02_08_04
2022-08-09 18:00:00;2022-08-10 18:00:00;24;4;Perturbed;135.75;25.82;575166.801117006;2855961.79939753;100137.734375;-3.33328922997233;1.22335783098886;-0.601237559468478;-1.22777255308888;20220809180000_20220810193000_04;02_09_04
2022-08-09 18:00:00;2022-08-10 21:00:00;27;4;Perturbed;135.11;26.26;510979.703497557;2904474.87471385;100218.4609375;-3.66123203026086;1.78201392661317;-0.965615733100259;-1.09182106299914;20220809180000_20220810223000_04;02_10_04
2022-08-09 18:00:00;2022-08-11 00:00:00;30;4;Perturbed;134.71;26.08;470998.398066431;2884579.11475648;100253.640625;-3.86550332073126;1.5529027539079;-1.19258214212502;-1.14757630413847;20220809180000_20220811013000_04;02_11_04
2022-08-09 18:00:00;2022-08-11 03:00:00;33;4;Perturbed;134.67;26.03;466972.683519596;2879053.90108046;100133.71875;-3.8860713811455;1.48927672567511;-1.21543537226849;-1.16305998616484;20220809180000_20220811043000_04;02_12_04
2022-08-09 18:00:00;2022-08-11 06:00:00;36;4;Perturbed;134.49;26.22;449049.38407283;2900151.33084517;99995.2734375;-3.97764456686314;1.73222582059869;-1.31718259811422;-1.10393722400486;20220809180000_20220811073000_04;02_13_04
2022-08-09 18:00:00;2022-08-11 09:00:00;39;4;Perturbed;134.39;26.18;439051.003583511;2895770.15344806;99835.109375;-4.02872799355829;1.68177403120079;-1.37394153810514;-1.11621489536666;20220809180000_20220811103000_04;02_14_04
2022-08-09 18:00:00;2022-08-09 18:00:00;0;5;Perturbed;141.02;25.69;1104737.241078;2855166.87873072;100675.5859375;-0.62769041032681;1.21405352613326;2.40503499185339;-1.23000021333203;20220809180000_20220809193000_05;02_01_05
2022-08-09 18:00:00;2022-08-09 21:00:00;3;5;Perturbed;140.08;25.42;1011297.96124553;2821200.59434596;100691.3125;-1.10508758548617;0.822912133971862;1.87459763927698;-1.32518624194001;20220809180000_20220809223000_05;02_02_05
2022-08-09 18:00:00;2022-08-10 00:00:00;6;5;Perturbed;139.2;25.74;921488.46747279;2853611.46684439;100580.734375;-1.56393956622139;1.19614205946499;1.36476590471681;-1.23435904983684;20220809180000_20220810013000_05;02_03_05
2022-08-09 18:00:00;2022-08-10 03:00:00;9;5;Perturbed;139.58;25.64;960057.229773564;2843794.06650671;100602.09375;-1.3668851988847;1.08308902157636;1.58371357002043;-1.26187101843526;20220809180000_20220810043000_05;02_04_05
2022-08-09 18:00:00;2022-08-10 06:00:00;12;5;Perturbed;139.73;26.21;972862.240044231;2907583.25025927;100523.4609375;-1.30146222321469;1.81765833316719;1.65640522346494;-1.08311025082318;20220809180000_20220810073000_05;02_05_05
2022-08-09 18:00:00;2022-08-10 09:00:00;15;5;Perturbed;139.58;27.08;954370.11225359;3003583.03786028;100681.6640625;-1.39594164970178;2.92315136102104;1.55142886527426;-0.814083517565047;20220809180000_20220810103000_05;02_06_05
2022-08-09 18:00:00;2022-08-10 12:00:00;18;5;Perturbed;138.19;27.2;816039.74916343;3012620.76987037;100799.9609375;-2.10269500542557;3.02722606758484;0.766153211287675;-0.78875646654238;20220809180000_20220810133000_05;02_07_05
2022-08-09 18:00:00;2022-08-10 15:00:00;21;5;Perturbed;137.87;26.98;784870.532151379;2987452.60805673;100582.6796875;-2.26194383718199;2.73740014083898;0.589211383574588;-0.859286917953113;20220809180000_20220810163000_05;02_08_05
2022-08-09 18:00:00;2022-08-10 18:00:00;24;5;Perturbed;137.32;27.33;729531.510683012;3025119.16066444;100432.2421875;-2.54468031131203;3.17115225979332;0.275062086892515;-0.75373137606732;20220809180000_20220810193000_05;02_09_05
2022-08-09 18:00:00;2022-08-10 21:00:00;27;5;Perturbed;137.12;27.33;709736.87890887;3024778.50929843;100351.71875;-2.64581445221335;3.16722946246787;0.162691656680231;-0.75468600655626;20220809180000_20220810223000_05;02_10_05
2022-08-09 18:00:00;2022-08-11 00:00:00;30;5;Perturbed;136.78;27.71;675501.368389214;3066352.2223114;100368.8828125;-2.8207294990922;3.64597479124765;-0.0316569469980917;-0.638181163360412;20220809180000_20220811013000_05;02_11_05
2022-08-09 18:00:00;2022-08-11 03:00:00;33;5;Perturbed;136.39;28.21;636403.072755306;3121254.12293595;100232.046875;-3.02048934230417;4.27820190208897;-0.253610674204505;-0.484325833637467;20220809180000_20220811043000_05;02_12_05
2022-08-09 18:00:00;2022-08-11 06:00:00;36;5;Perturbed;136.06;28.2;604032.457009775;3119820.39874551;100102.0703125;-3.18587632455397;4.26169173955624;-0.437372618304607;-0.488343656436734;20220809180000_20220811073000_05;02_13_05
2022-08-09 18:00:00;2022-08-11 09:00:00;39;5;Perturbed;135.99;28.16;597207.089814312;3115328.22857581;99960.6171875;-3.22074828658515;4.20996180424449;-0.476118954021387;-0.500932370393251;20220809180000_20220811103000_05;02_14_05
2022-08-09 18:00:00;2022-08-09 18:00:00;0;6;Perturbed;141.02;25.69;1104736.6022097;2855160.48667525;100675.5078125;-0.62770435160077;1.2139930728331;2.40503136511725;-1.23001812622377;20220809180000_20220809193000_06;02_01_06
2022-08-09 18:00:00;2022-08-09 21:00:00;3;6;Perturbed;140.2;25.32;1023820.12545706;2810558.86294014;100696.9609375;-1.04112039563298;0.700379602404895;1.94568362843269;-1.35500828954928;20220809180000_20220809223000_06;02_02_06
2022-08-09 18:00:00;2022-08-10 00:00:00;6;6;Perturbed;139.4;25.46;942617.638735162;2823203.62408616;100719.375;-1.45599771324988;0.845991333796455;1.4847122665321;-1.31957301548303;20220809180000_20220810013000_06;02_03_06
2022-08-09 18:00:00;2022-08-10 03:00:00;9;6;Perturbed;139.33;25.71;934650.33307321;2850701.23783335;100616.9375;-1.49670403315588;1.16264224563463;1.43948335926665;-1.24251458250457;20220809180000_20220810043000_06;02_04_06
2022-08-09 18:00:00;2022-08-10 06:00:00;12;6;Perturbed;138.96;26.36;895288.476734774;2921631.11263157;100593.9453125;-1.69781045284029;1.97944074087579;1.21603344713027;-1.04374297077267;20220809180000_20220810073000_06;02_05_06
2022-08-09 18:00:00;2022-08-10 09:00:00;15;6;Perturbed;137.91;25.56;792373.314824826;2830159.12499656;100595.03125;-2.22362152142909;0.926087946026746;0.631803280530505;-1.30008114227313;20220809180000_20220810103000_06;02_06_06
2022-08-09 18:00:00;2022-08-10 12:00:00;18;6;Perturbed;137.47;25.98;747273.406023996;2875799.2547929;100680.140625;-2.45404462721569;1.45166041385246;0.375779515486064;-1.17218070278862;20220809180000_20220810133000_06;02_07_06
2022-08-09 18:00:00;2022-08-10 15:00:00;21;6;Perturbed;136.6;26.43;659540.377644801;2924288.00055981;100572.90625;-2.90228759303797;2.01003634065643;-0.12226451257589;-1.03629739304972;20220809180000_20220810163000_06;02_08_06
2022-08-09 18:00:00;2022-08-10 18:00:00;24;6;Perturbed;136.38;26.63;637370.889858718;2946188.98255623;100378.7109375;-3.01555527727936;2.26223880386203;-0.248116557136906;-0.974922781825285;20220809180000_20220810193000_06;02_09_06
2022-08-09 18:00:00;2022-08-10 21:00:00;27;6;Perturbed;134.97;26.48;497008.343020911;2928835.33947361;100469.0625;-3.73269140545463;2.06240157593571;-1.04492853898243;-1.0235540759699;20220809180000_20220810223000_06;02_10_06
2022-08-09 18:00:00;2022-08-11 00:00:00;30;6;Perturbed;134.91;26.6;491047.760901344;2942126.16049274;100460.6953125;-3.76314503342874;2.21545306009289;-1.07876565122245;-0.986308304385928;20220809180000_20220811013000_06;02_11_06
2022-08-09 18:00:00;2022-08-11 03:00:00;33;6;Perturbed;134.53;26.6;453204.356312351;2942223.90177136;100356.09375;-3.95649342482891;2.21657860739613;-1.29359559617337;-0.986034397353963;20220809180000_20220811043000_06;02_12_06
2022-08-09 18:00:00;2022-08-11 06:00:00;36;6;Perturbed;134.47;26.51;447197.742519175;2932279.69062507;100174.3828125;-3.98718223645371;2.10206526976853;-1.32769402163334;-1.01390173650512;20220809180000_20220811073000_06;02_13_06
2022-08-09 18:00:00;2022-08-11 09:00:00;39;6;Perturbed;134.22;26.78;422470.174282063;2962299.65552248;100121.2578125;-4.11351958886185;2.44776251264616;-1.46806781148771;-0.929774747365925;20220809180000_20220811103000_06;02_14_06
2022-08-09 18:00:00;2022-08-09 18:00:00;0;7;Perturbed;141.02;25.69;1104741.66411724;2855169.02754556;100675.3046875;-0.627641954338213;1.21426756108356;2.40506010062166;-1.22999419156207;20220809180000_20220809193000_07;02_01_07
2022-08-09 18:00:00;2022-08-09 21:00:00;3;7;Perturbed;140.25;25.14;1029648.6151301;2790773.10322366;100640.890625;-1.0113051153219;0.472711281230771;1.97877087650686;-1.410455269533;20220809180000_20220809223000_07;02_02_07
2022-08-09 18:00:00;2022-08-10 00:00:00;6;7;Perturbed;140.25;25.39;1028552.78209997;2818532.73782423;100692.7421875;-1.01690391267958;0.792379514604773;1.97255003691553;-1.33266255769839;20220809180000_20220810013000_07;02_03_07
2022-08-09 18:00:00;2022-08-10 03:00:00;9;7;Perturbed;139.23;26.21;922803.10594712;2905838.13459701;100580.4296875;-1.55719699670062;1.79775160800414;1.37222886197813;-1.0880007071201;20220809180000_20220810043000_07;02_04_07
2022-08-09 18:00:00;2022-08-10 06:00:00;12;7;Perturbed;138.93;25.84;894025.023864541;2863857.05636584;100448.0546875;-1.7042291133582;1.31431523334022;1.20886106099038;-1.20564713756975;20220809180000_20220810073000_07;02_05_07
2022-08-09 18:00:00;2022-08-10 09:00:00;15;7;Perturbed;139.08;26.43;907033.078564742;2929761.15015519;100471.9921875;-1.63776874915881;2.07323895610877;1.28270535976617;-1.02095961373716;20220809180000_20220810103000_07;02_06_07
2022-08-09 18:00:00;2022-08-10 12:00:00;18;7;Perturbed;138.71;27.18;867654.910411362;3011823.27726742;100593.5625;-1.8389585086805;3.01823176953522;1.0591628485007;-0.790991334297101;20220809180000_20220810133000_07;02_07_07
2022-08-09 18:00:00;2022-08-10 15:00:00;21;7;Perturbed;137.36;27.08;734021.055133745;2997484.69364892;100565.9453125;-2.52171660709021;2.85311469359521;0.300548392833559;-0.831173322266317;20220809180000_20220810163000_07;02_08_07
2022-08-09 18:00:00;2022-08-10 18:00:00;24;7;Perturbed;136.75;27.02;673613.24729584;2989858.64829848;100335.390625;-2.83035037300848;2.76529637466256;-0.0423754580558472;-0.852544307760942;20220809180000_20220810193000_07;02_09_07
2022-08-09 18:00:00;2022-08-10 21:00:00;27;7;Perturbed;136.85;26.98;683597.195020804;2985574.44576339;100329.1171875;-2.77934068576151;2.7159613068378;0.0143015498254896;-0.864550219872147;20220809180000_20220810223000_07;02_10_07
2022-08-09 18:00:00;2022-08-11 00:00:00;30;7;Perturbed;136.17;27.53;615537.481525866;3045675.87559375;100341.109375;-3.1270693393095;3.4080640010402;-0.372060741366085;-0.696123895861861;20220809180000_20220811013000_07;02_11_07
2022-08-09 18:00:00;2022-08-11 03:00:00;33;7;Perturbed;136.13;27.53;611589.089869784;3045654.81733648;100080.6171875;-3.14724234392187;3.40782150303914;-0.394475023889902;-0.696182908848287;20220809180000_20220811043000_07;02_12_07
2022-08-09 18:00:00;2022-08-11 06:00:00;36;7;Perturbed;135.97;27.62;595711.409563177;3055477.72920761;99697.78125;-3.22836411348225;3.52093800942021;-0.484609651660916;-0.668655494904888;20220809180000_20220811073000_07;02_13_07
2022-08-09 18:00:00;2022-08-11 09:00:00;39;7;Perturbed;135.78;27.91;576765.857731245;3087485.72220033;99444.515625;-3.32516016052602;3.88952854460055;-0.592160013509243;-0.578957319438383;20220809180000_20220811103000_07;02_14_07
2022-08-09 18:00:00;2022-08-09 18:00:00;0;8;Perturbed;141.02;25.69;1104735.18335954;2855158.75624954;100675.9765625;-0.627674935484142;1.21400649335863;2.40502331056972;-1.23002297551342;20220809180000_20220809193000_08;02_01_08
2022-08-09 18:00:00;2022-08-09 21:00:00;3;8;Perturbed;140.05;25.17;1009317.33380478;2793338.26050187;100637.8671875;-1.11518095991944;0.502107761753554;1.86335398695006;-1.4032667548488;20220809180000_20220809223000_08;02_02_08
2022-08-09 18:00:00;2022-08-10 00:00:00;6;8;Perturbed;139.33;25.89;933990.372520131;2870677.76800845;100774.3984375;-1.50003921862077;1.39271688144781;1.43573688637851;-1.18653299349131;20220809180000_20220810013000_08;02_03_08
2022-08-09 18:00:00;2022-08-10 03:00:00;9;8;Perturbed;138.78;25.69;879459.298969055;2846788.56821493;100647.2421875;-1.77864774940532;1.11761894141383;1.12617415923161;-1.25347932265728;20220809180000_20220810043000_08;02_04_08
2022-08-09 18:00:00;2022-08-10 06:00:00;12;8;Perturbed;138.44;25.91;844650.759164626;2870244.93735747;100567.4375;-1.95649050037526;1.38773258638995;0.928572575250906;-1.18774594425918;20220809180000_20220810073000_08;02_05_08
2022-08-09 18:00:00;2022-08-10 09:00:00;15;8;Perturbed;137.66;26.18;765851.376046801;2898343.54766121;100695.2265625;-2.35908995289885;1.71130432086363;0.481243184007579;-1.10900329775953;20220809180000_20220810103000_08;02_06_08
2022-08-09 18:00:00;2022-08-10 12:00:00;18;8;Perturbed;136.95;26.28;694711.786063717;2908153.07763251;100760.6875;-2.7225542193274;1.8242667269355;0.0773970088052958;-1.08151338482404;20220809180000_20220810133000_08;02_07_08
2022-08-09 18:00:00;2022-08-10 15:00:00;21;8;Perturbed;136.23;26.21;622882.368835659;2899524.38349153;100645.6640625;-3.08954293049362;1.72490232779764;-0.330365186920849;-1.1056941612095;20220809180000_20220810163000_08;02_08_08
2022-08-09 18:00:00;2022-08-10 18:00:00;24;8;Perturbed;135.81;26.38;580804.04501236;2918028.16109667;100534.203125;-3.30452824464309;1.93798401935781;-0.569235977981112;-1.05383976687755;20220809180000_20220810193000_08;02_09_08
2022-08-09 18:00:00;2022-08-10 21:00:00;27;8;Perturbed;135.11;26.53;510959.233004074;2934379.75991013;100612.0859375;-3.6613772701501;2.12628212849191;-0.965731940271252;-1.00801656953241;20220809180000_20220810223000_08;02_10_08
2022-08-09 18:00:00;2022-08-11 00:00:00;30;8;Perturbed;134.81;26.31;481031.376162776;2910035.97664756;100664.7734375;-3.81428378163249;1.84594939712989;-1.13562679797613;-1.07623680886767;20220809180000_20220811013000_08;02_11_08
2022-08-09 18:00:00;2022-08-11 03:00:00;33;8;Perturbed;134.66;26.1;466001.293905446;2886806.60936558;100548.421875;-3.89107502857839;1.57844980975155;-1.2209497698128;-1.14133404451465;20220809180000_20220811043000_08;02_12_08
2022-08-09 18:00:00;2022-08-11 06:00:00;36;8;Perturbed;134.81;26.2;481026.482869497;2897848.23874537;100358.2578125;-3.81430878230022;1.70560055248268;-1.13565457628881;-1.11039133561787;20220809180000_20220811073000_08;02_13_08
2022-08-09 18:00:00;2022-08-11 09:00:00;39;8;Perturbed;134.44;26.9;444389.763229762;2975482.30351847;100191.3828125;-4.00149201503141;2.5996016693113;-1.34363439599235;-0.892832116401044;20220809180000_20220811103000_08;02_14_08
2022-08-09 18:00:00;2022-08-09 18:00:00;0;9;Perturbed;141.02;25.69;1104731.6099377;2855165.73173411;100675.3359375;-0.627646200061922;1.21403969797709;2.40500302492086;-1.23000342763863;20220809180000_20220809193000_09;02_01_09
2022-08-09 18:00:00;2022-08-09 21:00:00;3;9;Perturbed;140.07;25.07;1011761.48251528;2782312.46034406;100565.8046875;-1.10264639575312;0.375092179543227;1.8772289630161;-1.43416510444037;20220809180000_20220809223000_09;02_02_09
2022-08-09 18:00:00;2022-08-10 00:00:00;6;9;Perturbed;139.68;25.22;971754.379682759;2797529.16623856;100654.5859375;-1.30704948953553;0.550321340915786;1.6501161069583;-1.39152229470041;20220809180000_20220810013000_09;02_03_09
2022-08-09 18:00:00;2022-08-10 03:00:00;9;9;Perturbed;139.75;25.74;976744.069607999;2855477.20484312;100675.140625;-1.28155631493593;1.21762649081252;1.6784416454135;-1.22913056536353;20220809180000_20220810043000_09;02_04_09
2022-08-09 18:00:00;2022-08-10 06:00:00;12;9;Perturbed;139.55;26.33;954363.062337793;2920236.93589086;100666.328125;-1.39590468820223;1.9633722153396;1.55138884421805;-1.04764996706413;20220809180000_20220810073000_09;02_05_09
2022-08-09 18:00:00;2022-08-10 09:00:00;15;9;Perturbed;137.57;26.63;755859.218147311;2948022.65821365;100739.6484375;-2.41009459468181;2.28334086390988;0.424519568497763;-0.969784147831421;20220809180000_20220810103000_09;02_06_09
2022-08-09 18:00:00;2022-08-10 12:00:00;18;9;Perturbed;137.12;25.84;712475.016514138;2859686.85843225;100745.453125;-2.63175186069837;1.26610308444632;0.178235552833242;-1.21733356683329;20220809180000_20220810133000_09;02_07_09
2022-08-09 18:00:00;2022-08-10 15:00:00;21;9;Perturbed;136.57;25.93;657218.417930459;2868872.1457907;100686.9140625;-2.91406722228998;1.37187697611158;-0.135445844515447;-1.19159301142342;20220809180000_20220810163000_09;02_08_09
2022-08-09 18:00:00;2022-08-10 18:00:00;24;9;Perturbed;136.57;26.38;656621.149152081;2918719.78530939;100362.8046875;-2.91711877007716;1.94590134970623;-0.138836427899085;-1.05190158131235;20220809180000_20220810193000_09;02_09_09
2022-08-09 18:00:00;2022-08-10 21:00:00;27;9;Perturbed;135.95;26.86;594370.080624299;2971277.38561593;100484.5;-3.23517006840799;2.55113248772795;-0.492224125708107;-0.90461584379469;20220809180000_20220810223000_09;02_10_09
2022-08-09 18:00:00;2022-08-11 00:00:00;30;9;Perturbed;135.47;27.1;546587.590353031;2997598.10658473;100546.890625;-3.47929893924778;2.85423079915364;-0.763476405096844;-0.830855497483678;20220809180000_20220811013000_09;02_11_09
2022-08-09 18:00:00;2022-08-11 03:00:00;33;9;Perturbed;135.04;27.2;503951.955587472;3008578.61963102;100507.3984375;-3.69713164980267;2.98067775198848;-1.00551094636264;-0.800084059044449;20220809180000_20220811043000_09;02_12_09
2022-08-09 18:00:00;2022-08-11 06:00:00;36;9;Perturbed;134.65;27.12;465314.904494144;2999781.24894818;100369.2890625;-3.89453491619679;2.87937094500108;-1.22484627439652;-0.824737529174008;20220809180000_20220811073000_09;02_13_09
2022-08-09 18:00:00;2022-08-11 09:00:00;39;9;Perturbed;134.53;26.91;453336.930135247;2976558.94604055;100313.9296875;-3.95573242471057;2.61195270797551;-1.2928429993237;-0.889814967844341;20220809180000_20220811103000_09;02_14_09
2022-08-09 18:00:00;2022-08-09 18:00:00;0;10;Perturbed;141.02;25.69;1104730.82205684;2855169.1330803;100675.46875;-0.627641613398043;1.2141458119936;2.40499855226827;-1.22999389581491;20220809180000_20220809193000_10;02_01_10
2022-08-09 18:00:00;2022-08-09 21:00:00;3;10;Perturbed;139.25;26.61;923337.434372859;2950282.23921866;100630.984375;-1.5544112870105;2.30942819043479;1.37526214472671;-0.963451970318306;20220809180000_20220809223000_10;02_02_10
2022-08-09 18:00:00;2022-08-10 00:00:00;6;10;Perturbed;139.1;26.11;910144.161535194;2894326.21354614;100637.0859375;-1.62181796218074;1.66506222053833;1.30036639715271;-1.12026134634892;20220809180000_20220810013000_10;02_03_10
2022-08-09 18:00:00;2022-08-10 03:00:00;9;10;Perturbed;138.86;25.61;887745.03238789;2838149.53618392;100384.046875;-1.73625892319976;1.01815531893097;1.17321072144314;-1.27768906961501;20220809180000_20220810043000_10;02_04_10
2022-08-09 18:00:00;2022-08-10 06:00:00;12;10;Perturbed;138.6;25.74;861210.083800194;2851819.21172097;100078.7421875;-1.8718304892636;1.17556953178363;1.02257677065879;-1.23938160825149;20220809180000_20220810073000_10;02_05_10
2022-08-09 18:00:00;2022-08-10 09:00:00;15;10;Perturbed;138.23;26.12;823017.332197578;2892979.09200163;100065.109375;-2.06696375398206;1.649549337517;0.805763647911885;-1.12403647666407;20220809180000_20220810103000_10;02_06_10
2022-08-09 18:00:00;2022-08-10 12:00:00;18;10;Perturbed;137.69;26.37;768425.093987226;2919450.70152551;100068.4765625;-2.34588478541528;1.95438521784566;0.495853700409727;-1.04985328509398;20220809180000_20220810133000_10;02_07_10
2022-08-09 18:00:00;2022-08-10 15:00:00;21;10;Perturbed;137.05;26.57;704190.251524585;2940446.97872069;99896.7421875;-2.67407152222931;2.19616948247992;0.131204488214004;-0.99101398965848;20220809180000_20220810163000_10;02_08_10
2022-08-09 18:00:00;2022-08-10 18:00:00;24;10;Perturbed;136.55;26.63;654293.007293009;2946387.88368868;99631.3203125;-2.92900503078269;2.26458243614756;-0.152052854720471;-0.974365387655558;20220809180000_20220810193000_10;02_09_10
2022-08-09 18:00:00;2022-08-10 21:00:00;27;10;Perturbed;136.22;26.8;621256.099241283;2964871.14016233;99455.796875;-3.09779621376452;2.4774278150205;-0.339597215889422;-0.922568501085916;20220809180000_20220810223000_10;02_10_10
2022-08-09 18:00:00;2022-08-11 00:00:00;30;10;Perturbed;136.03;26.94;602243.261190803;2980200.63080014;99396.09375;-3.19493603754459;2.65395575788512;-0.447529549042493;-0.879609626989853;20220809180000_20220811013000_10;02_11_10
2022-08-09 18:00:00;2022-08-11 03:00:00;33;10;Perturbed;135.94;27.06;593218.296019763;2993428.63363045;99151.4296875;-3.24104611979576;2.80628385429837;-0.498762591944832;-0.842539895088382;20220809180000_20220811043000_10;02_12_10
2022-08-09 18:00:00;2022-08-11 06:00:00;36;10;Perturbed;135.91;27.2;590129.560414504;3008913.22815613;99008.71875;-3.25682699541262;2.98459790805885;-0.516296767509965;-0.799146362819503;20220809180000_20220811073000_10;02_13_10
2022-08-09 18:00:00;2022-08-11 09:00:00;39;10;Perturbed;135.83;27.58;581926.831159756;3050955.46051192;98906.375;-3.29873613450097;3.46873850780586;-0.562862130573453;-0.681328556007619;20220809180000_20220811103000_10;02_14_10
2022-08-09 18:00:00;2022-08-09 18:00:00;0;11;Perturbed;141.02;25.69;1104744.65129451;2855168.31485316;100675.4921875;-0.627661700084366;1.21424039728064;2.40507705826948;-1.22999618878846;20220809180000_20220809193000_11;02_01_11
2022-08-09 18:00:00;2022-08-09 21:00:00;3;11;Perturbed;140.75;25.09;1080441.06790293;2787289.86484019;100731.7421875;-0.751832841794691;0.432580821712197;2.26711015125284;-1.42021658533258;20220809180000_20220809223000_11;02_02_11
2022-08-09 18:00:00;2022-08-10 00:00:00;6;11;Perturbed;139.9;25.91;991127.749305553;2874914.268376;100795.984375;-1.20814977915705;1.44162646232645;1.76009511055961;-1.17466076040819;20220809180000_20220810013000_11;02_03_11
2022-08-09 18:00:00;2022-08-10 03:00:00;9;11;Perturbed;138.91;25.66;892623.533677866;2843831.20477065;100744.3125;-1.71142457286544;1.08368702351362;1.20090506276763;-1.26176694335265;20220809180000_20220810043000_11;02_04_11
2022-08-09 18:00:00;2022-08-10 06:00:00;12;11;Perturbed;138.65;25.89;865770.932294142;2868599.38689901;100635.5234375;-1.84861908109854;1.36890695305465;1.04846785634534;-1.19235738221458;20220809180000_20220810073000_11;02_05_11
2022-08-09 18:00:00;2022-08-10 09:00:00;15;11;Perturbed;138.65;26.01;865397.896132997;2881902.40659153;100680.28125;-1.85052498630117;1.5220989119849;1.0463501996801;-1.1550774254586;20220809180000_20220810103000_11;02_06_11
2022-08-09 18:00:00;2022-08-10 12:00:00;18;11;Perturbed;137.14;25.75;714651.410071151;2849747.77113383;100731.7421875;-2.62071442633278;1.15181970408282;0.190590532865369;-1.24518654707712;20220809180000_20220810133000_11;02_07_11
2022-08-09 18:00:00;2022-08-10 15:00:00;21;11;Perturbed;136.94;25.78;694537.552541351;2852760.25311143;100326.28125;-2.72347954592168;1.18651017482236;0.0764079176168866;-1.23674446396751;20220809180000_20220810163000_11;02_08_11
2022-08-09 18:00:00;2022-08-10 18:00:00;24;11;Perturbed;136.8;26.31;679677.001561991;2911259.03828953;100270.6953125;-2.7994046287303;1.8601574897632;-0.00795265679519788;-1.07280934005408;20220809180000_20220810193000_11;02_09_11
2022-08-09 18:00:00;2022-08-10 21:00:00;27;11;Perturbed;136.34;26.78;633213.650609852;2962774.209337;100251.625;-3.03679379239636;2.45338445249735;-0.271716428466701;-0.928444872939494;20220809180000_20220810223000_11;02_10_11
2022-08-09 18:00:00;2022-08-11 00:00:00;30;11;Perturbed;135.9;27.08;589235.093750736;2995624.52985454;100361.0703125;-3.2614877203651;2.83167487586622;-0.521374487821463;-0.836386185767729;20220809180000_20220811013000_11;02_11_11
2022-08-09 18:00:00;2022-08-11 03:00:00;33;11;Perturbed;135.43;27.3;542551.92622706;3019732.79502967;100279.015625;-3.49999996428707;3.10929548035681;-0.786386117144133;-0.768825954785317;20220809180000_20220811043000_11;02_12_11
2022-08-09 18:00:00;2022-08-11 06:00:00;36;11;Perturbed;135.08;27.21;507928.612148037;3009703.05738043;100133.6328125;-3.67689636551808;2.99379725562615;-0.982936209251293;-0.796932970671908;20220809180000_20220811073000_11;02_13_11
2022-08-09 18:00:00;2022-08-11 09:00:00;39;11;Perturbed;135.07;27.01;506950.943567873;2987545.90065117;99997.0078125;-3.68189144060051;2.73864479234082;-0.988486251313783;-0.859025477771367;20220809180000_20220811103000_11;02_14_11
2022-08-09 18:00:00;2022-08-09 18:00:00;0;12;Perturbed;141.02;25.69;1104738.98725923;2855155.92056959;100675.3125;-0.627656433050999;1.21406856008285;2.40504490459831;-1.23003092213218;20220809180000_20220809193000_12;02_01_12
2022-08-09 18:00:00;2022-08-09 21:00:00;3;12;Perturbed;139.58;25.66;959979.923454323;2846010.98289326;100585.0625;-1.36725511428101;1.10875931832323;1.58327471647416;-1.25565840288389;20220809180000_20220809223000_12;02_02_12
2022-08-09 18:00:00;2022-08-10 00:00:00;6;12;Perturbed;138.93;25.66;894628.527895105;2843898.68332697;100680.3515625;-1.7011465107968;1.08443496822182;1.21228704073696;-1.26157784360539;20220809180000_20220810013000_12;02_03_12
2022-08-09 18:00:00;2022-08-10 03:00:00;9;12;Perturbed;138.66;25.59;867708.42747424;2835367.0114537;100546.2890625;-1.83868588309258;0.986187836561117;1.0594666548785;-1.28548672789204;20220809180000_20220810043000_12;02_04_12
2022-08-09 18:00:00;2022-08-10 06:00:00;12;12;Perturbed;138.63;25.79;864081.592471507;2857460.14559504;100458.390625;-1.85721600006457;1.24060304275088;1.03887778946205;-1.22357363564459;20220809180000_20220810073000_12;02_05_12
2022-08-09 18:00:00;2022-08-10 09:00:00;15;12;Perturbed;138.27;26.17;826899.731576269;2898632.73854077;100423;-2.04718445220141;1.7147292421686;0.827803304593414;-1.10819287849132;20220809180000_20220810103000_12;02_06_12
2022-08-09 18:00:00;2022-08-10 12:00:00;18;12;Perturbed;137.66;26.48;765166.14331318;2931581.9971052;100476.0703125;-2.36259185583391;2.09415899431885;0.477353245667166;-1.01585693050249;20220809180000_20220810133000_12;02_07_12
2022-08-09 18:00:00;2022-08-10 15:00:00;21;12;Perturbed;137.09;26.61;708106.796989333;2944940.47220918;100255.328125;-2.65411776228657;2.247989554357;0.153437985853228;-0.978421567275754;20220809180000_20220810163000_12;02_08_12
2022-08-09 18:00:00;2022-08-10 18:00:00;24;12;Perturbed;136.64;26.82;662981.849108818;2967547.9744842;99939.3359375;-2.88466879699057;2.50832800683467;-0.102727921373421;-0.915067026227663;20220809180000_20220810193000_12;02_09_12
2022-08-09 18:00:00;2022-08-10 21:00:00;27;12;Perturbed;136.24;26.98;623053.765027733;2984832.85196842;99926.3125;-3.08866817053038;2.70737335915907;-0.329392202726959;-0.866628438595857;20220809180000_20220810223000_12;02_10_12
2022-08-09 18:00:00;2022-08-11 00:00:00;30;12;Perturbed;135.86;27.25;585138.080105035;3014426.43762431;100003.96875;-3.2823858544507;3.04816059868658;-0.544632469642293;-0.783696321001115;20220809180000_20220811013000_12;02_11_12
2022-08-09 18:00:00;2022-08-11 03:00:00;33;12;Perturbed;135.49;27.35;548460.910076926;3025293.22231317;99834.53125;-3.4697757550969;3.17329790376751;-0.75284191865117;-0.753243591272006;20220809180000_20220811043000_12;02_12_12
2022-08-09 18:00:00;2022-08-11 06:00:00;36;12;Perturbed;135.3;27.23;529693.947700954;3011945.50790355;99715.796875;-3.5656593582312;3.019591259343;-0.859378461489042;-0.790648799073154;20220809180000_20220811073000_12;02_13_12
2022-08-09 18:00:00;2022-08-11 09:00:00;39;12;Perturbed;135.13;27.32;512858.814711398;3021878.44254331;99633.5078125;-3.65167291641633;3.13397474148174;-0.95494836944705;-0.762813060843114;20220809180000_20220811103000_12;02_14_12
2022-08-09 18:00:00;2022-08-09 18:00:00;0;13;Perturbed;141.02;25.69;1104729.10014392;2855159.26180426;100676.0703125;-0.627740719733732;1.21414908644288;2.40498877728996;-1.23002155876305;20220809180000_20220809193000_13;02_01_13
2022-08-09 18:00:00;2022-08-09 21:00:00;3;13;Perturbed;140.45;25.46;1048426.62728152;2827124.85057541;100715.625;-0.915399630923825;0.891316641414118;2.08537014685766;-1.30858429582927;20220809180000_20220809223000_13;02_02_13
2022-08-09 18:00:00;2022-08-10 00:00:00;6;13;Perturbed;139.65;26.03;965562.748925109;2887315.48990486;100796.890625;-1.3387652810126;1.58444663454833;1.61496737472163;-1.13990797397301;20220809180000_20220810013000_13;02_03_13
2022-08-09 18:00:00;2022-08-10 03:00:00;9;13;Perturbed;138.31;26.11;831057.24975287;2892073.58335752;100737.171875;-2.02597675635098;1.63923883012747;0.851404759343906;-1.12657404511657;20220809180000_20220810043000_13;02_04_13
2022-08-09 18:00:00;2022-08-10 06:00:00;12;13;Perturbed;137.52;26.08;752067.517514442;2886983.36787507;100677.6953125;-2.42954873491108;1.58062205745798;0.402994791668712;-1.14083870212306;20220809180000_20220810073000_13;02_05_13
2022-08-09 18:00:00;2022-08-10 09:00:00;15;13;Perturbed;136.85;25.93;685279.640902934;2869245.51687484;100692.6171875;-2.77077935747573;1.37636045334527;0.023852481095188;-1.19054668824324;20220809180000_20220810103000_13;02_06_13
2022-08-09 18:00:00;2022-08-10 12:00:00;18;13;Perturbed;136.27;26.19;626902.446432038;2897338.334752;100708.921875;-3.06903837428432;1.69986548467974;-0.307543956693063;-1.1118202742545;20220809180000_20220810133000_13;02_07_13
2022-08-09 18:00:00;2022-08-10 15:00:00;21;13;Perturbed;136.09;26.48;608648.698030938;2929311.9436934;100575.765625;-3.1622998799207;2.0680600676402;-0.411167079579237;-1.02221845555331;20220809180000_20220810163000_13;02_08_13
2022-08-09 18:00:00;2022-08-10 18:00:00;24;13;Perturbed;135.79;26.91;578443.297405757;2976705.31701391;100422.875;-3.31662440980655;2.61382214776117;-0.582637501545861;-0.889404782511745;20220809180000_20220810193000_13;02_09_13
2022-08-09 18:00:00;2022-08-10 21:00:00;27;13;Perturbed;135.31;27.3;530672.832801825;3019711.24666766;100431.390625;-3.56069183946629;3.10906027876818;-0.853821513465541;-0.768886341225571;20220809180000_20220810223000_13;02_10_13
2022-08-09 18:00:00;2022-08-11 00:00:00;30;13;Perturbed;134.98;27.65;498036.982519262;3058432.91337418;100478.0859375;-3.72743395008351;3.55496264626972;-1.03908914453034;-0.660373981347651;20220809180000_20220811013000_13;02_11_13
2022-08-09 18:00:00;2022-08-11 03:00:00;33;13;Perturbed;134.55;28;455745.025831906;3097279.58055801;100379.4375;-3.94351075087549;4.00230446649919;-1.27917268948851;-0.551511324131516;20220809180000_20220811043000_13;02_12_13
2022-08-09 18:00:00;2022-08-11 06:00:00;36;13;Perturbed;134.42;27.99;442970.165341115;3096238.65878571;100239.9609375;-4.00877968619148;3.99031765079295;-1.35169318825967;-0.554428370001878;20220809180000_20220811073000_13;02_13_13
2022-08-09 18:00:00;2022-08-11 09:00:00;39;13;Perturbed;134.4;28.05;441036.12940218;3102887.18611155;100199.0546875;-4.01866100479282;4.06687928481198;-1.36267234932635;-0.535796749743694;20220809180000_20220811103000_13;02_14_13
2022-08-09 18:00:00;2022-08-09 18:00:00;0;14;Perturbed;141.02;25.69;1104739.2787536;2855166.02502938;100675.171875;-0.627640622778207;1.21404998802694;2.40504655935747;-1.23000260571737;20220809180000_20220809193000_14;02_01_14
2022-08-09 18:00:00;2022-08-09 21:00:00;3;14;Perturbed;139.58;25.54;960427.001413908;2832693.05809605;100556.109375;-1.36495659595681;0.955260787750421;1.58581269461037;-1.29298012922833;20220809180000_20220809223000_14;02_02_14
2022-08-09 18:00:00;2022-08-10 00:00:00;6;14;Perturbed;139.2;25.34;922892.82497067;2809245.85624929;100655.96875;-1.55672508815904;0.6852527094825;1.37273818013012;-1.35868781749005;20220809180000_20220810013000_14;02_03_14
2022-08-09 18:00:00;2022-08-10 03:00:00;9;14;Perturbed;139.11;25.36;913743.976924828;2811166.88735699;100590.3046875;-1.60346810909069;0.707374492758554;1.3208018772684;-1.35330438137725;20220809180000_20220810043000_14;02_04_14
2022-08-09 18:00:00;2022-08-10 06:00:00;12;14;Perturbed;139.38;25.44;940678.676608735;2820917.46179225;100446.484375;-1.46585414667662;0.819657991765253;1.47370514041842;-1.3259796835497;20220809180000_20220810073000_14;02_05_14
2022-08-09 18:00:00;2022-08-10 09:00:00;15;14;Perturbed;139.25;26.01;925537.931923929;2883716.75948463;100467.5625;-1.54321078678874;1.54282819336598;1.38775395863445;-1.14999294096123;20220809180000_20220810103000_14;02_06_14
2022-08-09 18:00:00;2022-08-10 12:00:00;18;14;Perturbed;138.74;26.23;873715.743078599;2906557.69362736;100546.25;-1.80797916481661;1.80585474868922;1.09356906438958;-1.08598423791574;20220809180000_20220810133000_14;02_07_14
2022-08-09 18:00:00;2022-08-10 15:00:00;21;14;Perturbed;138.24;26.61;822663.730102939;2947337.66134319;100508.8984375;-2.06881258331553;2.27545964170545;0.803756314815118;-0.971703761144708;20220809180000_20220810163000_14;02_08_14
2022-08-09 18:00:00;2022-08-10 18:00:00;24;14;Perturbed;137.62;26.51;761118.124934691;2934825.1349608;100342.765625;-2.38325954933961;2.13137067002926;0.454373400834071;-1.00676846474019;20220809180000_20220810193000_14;02_09_14
2022-08-09 18:00:00;2022-08-10 21:00:00;27;14;Perturbed;137.34;26.51;733206.976810723;2934294.57509158;100273.546875;-2.52586235293278;2.12526096655033;0.295927022129204;-1.00825528874242;20220809180000_20220810223000_14;02_10_14
2022-08-09 18:00:00;2022-08-11 00:00:00;30;14;Perturbed;136.68;26.76;667046.995490931;2960949.14619384;100348.3203125;-2.86388495164388;2.43220375517862;-0.0796508440604329;-0.933559371498948;20220809180000_20220811013000_14;02_11_14
2022-08-09 18:00:00;2022-08-11 03:00:00;33;14;Perturbed;136.38;26.66;637324.735162088;2949524.37189307;100121.5703125;-3.01574103557113;2.30064087728144;-0.248378568735596;-0.96557579346357;20220809180000_20220811043000_14;02_12_14
2022-08-09 18:00:00;2022-08-11 06:00:00;36;14;Perturbed;136.38;26.54;637469.635407993;2936219.21131423;99784.09375;-3.01500071556653;2.14742426480816;-0.247555997083036;-1.00286174977085;20220809180000_20220811073000_14;02_13_14
2022-08-09 18:00:00;2022-08-11 09:00:00;39;14;Perturbed;136.27;26.51;626545.011342671;2932800.92100127;99431.9140625;-3.07081647825021;2.10806067659002;-0.309573048985532;-1.01244105717562;20220809180000_20220811103000_14;02_14_14
2022-08-09 18:00:00;2022-08-09 18:00:00;0;15;Perturbed;141.02;25.69;1104742.33983686;2855169.067952;100675.28125;-0.627599104427167;1.2140514802494;2.40506393655581;-1.22999407832836;20220809180000_20220809193000_15;02_01_15
2022-08-09 18:00:00;2022-08-09 21:00:00;3;15;Perturbed;139.7;25.72;971810.751120867;2853083.46321625;100611.7421875;-1.30676920351444;1.19003453654722;1.65043611709155;-1.23583871031087;20220809180000_20220809223000_15;02_02_15
2022-08-09 18:00:00;2022-08-10 00:00:00;6;15;Perturbed;139.33;26.02;933516.270604108;2885089.9359426;100654.0546875;-1.50242221855987;1.5586075649817;1.43304549828522;-1.14614479519023;20220809180000_20220810013000_15;02_03_15
2022-08-09 18:00:00;2022-08-10 03:00:00;9;15;Perturbed;138.8;25.95;880636.907127498;2875673.59947085;100288.84375;-1.77259188160972;1.45017300926466;1.13285922096428;-1.17253283524281;20220809180000_20220810043000_15;02_04_15
2022-08-09 18:00:00;2022-08-10 06:00:00;12;15;Perturbed;138.44;26.34;843386.210397306;2917906.74449161;100085.578125;-1.96291202773666;1.93651207866807;0.921393967907788;-1.05418002088684;20220809180000_20220810073000_15;02_05_15
2022-08-09 18:00:00;2022-08-10 09:00:00;15;15;Perturbed;137.81;26.73;779518.821232715;2959618.91483867;100193.0859375;-2.28922138314529;2.41685182365769;0.558830719505474;-0.937287169287884;20220809180000_20220810103000_15;02_06_15
2022-08-09 18:00:00;2022-08-10 12:00:00;18;15;Perturbed;137.07;26.93;705528.06125237;2980362.66776921;100160.5078125;-2.66725276208831;2.65572812546309;0.138798984356627;-0.879155539772095;20220809180000_20220810133000_15;02_07_15
2022-08-09 18:00:00;2022-08-10 15:00:00;21;15;Perturbed;136.25;27.18;623827.972471998;3006980.14766651;99894.953125;-3.0846724132666;2.96224378743306;-0.324997171560013;-0.804563565734662;20220809180000_20220810163000_15;02_08_15
2022-08-09 18:00:00;2022-08-10 18:00:00;24;15;Perturbed;135.68;27.2;567350.645216608;3008774.15584078;99697.3671875;-3.37322468529411;2.98290282823023;-0.645608417747403;-0.799536094626412;20220809180000_20220810193000_15;02_09_15
2022-08-09 18:00:00;2022-08-10 21:00:00;27;15;Perturbed;135.41;27.25;540592.861772291;3014193.12092767;99575.2734375;-3.50993475254577;3.04530534256326;-0.797507360424017;-0.784350160246797;20220809180000_20220810223000_15;02_10_15
2022-08-09 18:00:00;2022-08-11 00:00:00;30;15;Perturbed;135.2;27.48;519749.429508598;3039618.83835848;99336.15625;-3.61642739355449;3.33809717106982;-0.915831635272691;-0.713097943214987;20220809180000_20220811013000_15;02_11_15
2022-08-09 18:00:00;2022-08-11 03:00:00;33;15;Perturbed;135.01;27.66;500986.35520699;3059538.89669535;99311.21875;-3.71229113185548;3.56748815365596;-1.02234610623805;-0.657274609074356;20220809180000_20220811043000_15;02_12_15
2022-08-09 18:00:00;2022-08-11 06:00:00;36;15;Perturbed;134.84;27.9;484257.884277142;3086133.38916802;99048.8046875;-3.7977597354338;3.873739102148;-1.11731051358996;-0.582747054260224;20220809180000_20220811073000_15;02_13_15
2022-08-09 18:00:00;2022-08-11 09:00:00;39;15;Perturbed;134.78;28.12;478401.177809389;3110509.68362145;98705.5078125;-3.82768264503302;4.15444621865934;-1.15055794314145;-0.514435706603909;20220809180000_20220811103000_15;02_14_15
2022-08-09 18:00:00;2022-08-09 18:00:00;0;16;Perturbed;141.02;25.69;1104742.24951266;2855169.72340636;100675.8671875;-0.627607998514466;1.21425775349757;2.40506342380217;-1.22999224150405;20220809180000_20220809193000_16;02_01_16
2022-08-09 18:00:00;2022-08-09 21:00:00;3;16;Perturbed;140.59;25.36;1062997.5212751;2816605.26003488;100717.90625;-0.840888916070096;0.770165673239164;2.16808639262156;-1.33806405978558;20220809180000_20220809223000_16;02_02_16
2022-08-09 18:00:00;2022-08-10 00:00:00;6;16;Perturbed;140.47;25.54;1050062.98552041;2836086.45623002;100774.2578125;-0.906973659470883;0.994502904666119;2.09465944717827;-1.28347057886953;20220809180000_20220810013000_16;02_03_16
2022-08-09 18:00:00;2022-08-10 03:00:00;9;16;Perturbed;140.1;25.91;1011198.4163607;2875680.83527578;100784.421875;-1.10553935436812;1.45045505905222;1.87403254154436;-1.17251255785457;20220809180000_20220810043000_16;02_04_16
2022-08-09 18:00:00;2022-08-10 06:00:00;12;16;Perturbed;139.11;26.53;909669.796294672;2940944.92134091;100747.9453125;-1.62426634481855;2.20200872304692;1.29767351421538;-0.989618571191266;20220809180000_20220810073000_16;02_05_16
2022-08-09 18:00:00;2022-08-10 09:00:00;15;16;Perturbed;138.11;26.78;809242.201085418;2965843.77151834;100824.796875;-2.13736801198578;2.4887333706798;0.727564799508647;-0.919842830093187;20220809180000_20220810103000_16;02_06_16
2022-08-09 18:00:00;2022-08-10 12:00:00;18;16;Perturbed;137.57;26.61;755905.40992491;2945814.6782472;100887.5078125;-2.40987475088344;2.25808678781953;0.424781790598193;-0.97597172024504;20220809180000_20220810133000_16;02_07_16
2022-08-09 18:00:00;2022-08-10 15:00:00;21;16;Perturbed;137.59;26.26;758675.378866364;2907055.85335994;100833.625;-2.39572250837579;1.81175652239482;0.440506387305898;-1.0845882110198;20220809180000_20220810163000_16;02_08_16
2022-08-09 18:00:00;2022-08-10 18:00:00;24;16;Perturbed;137.29;26.43;728365.704467639;2925330.93428733;100674.9609375;-2.55057979070817;2.02220463955801;0.268444022587994;-1.03337470894041;20220809180000_20220810193000_16;02_09_16
2022-08-09 18:00:00;2022-08-10 21:00:00;27;16;Perturbed;136.95;27.1;693326.780117337;2999008.18634572;100781.6796875;-2.72959961551256;2.87064077152635;0.0695345885381727;-0.826903935076983;20220809180000_20220810223000_16;02_10_16
2022-08-09 18:00:00;2022-08-11 00:00:00;30;16;Perturbed;136.77;27.57;674724.668361567;3050827.76914175;100828.6875;-2.82464096878632;3.46737321145003;-0.036066128095694;-0.681686394217877;20220809180000_20220811013000_16;02_11_16
2022-08-09 18:00:00;2022-08-11 03:00:00;33;16;Perturbed;135.76;27.67;574953.363409288;3060884.82689503;100819.921875;-3.33438953739238;3.58318604296568;-0.602449205500261;-0.653502817345832;20220809180000_20220811043000_16;02_12_16
2022-08-09 18:00:00;2022-08-11 06:00:00;36;16;Perturbed;135.73;26.01;573047.434975986;2877000.92599897;100686.1015625;-3.34412724996621;1.46565666654628;-0.613268805503316;-1.16881317784822;20220809180000_20220811073000_16;02_13_16
2022-08-09 18:00:00;2022-08-11 09:00:00;39;16;Perturbed;135.46;26.43;545860.035984312;2923381.53765867;100778.546875;-3.48303229612909;1.99975621091712;-0.767606595461012;-1.03883763568158;20220809180000_20220811103000_16;02_14_16
2022-08-09 18:00:00;2022-08-09 18:00:00;0;17;Perturbed;141.02;25.69;1104738.04446269;2855165.78003455;100675.6484375;-0.62761000349772;1.21405450196443;2.40503955251835;-1.23000329228304;20220809180000_20220809193000_17;02_01_17
2022-08-09 18:00:00;2022-08-09 21:00:00;3;17;Perturbed;140.64;25.41;1067819.62724602;2822370.84637704;100763.84375;-0.816232477067667;0.836401890294222;2.19546058824514;-1.32190676509035;20220809180000_20220809223000_17;02_02_17
2022-08-09 18:00:00;2022-08-10 00:00:00;6;17;Perturbed;139.6;25.96;960818.231523297;2879370.36972511;100812.546875;-1.36292080929503;1.49278433891143;1.58803363492416;-1.1621731245605;20220809180000_20220810013000_17;02_03_17
2022-08-09 18:00:00;2022-08-10 03:00:00;9;17;Perturbed;138.11;25.99;811362.323002669;2878274.80584642;100772.828125;-2.12651646913477;1.48016828777499;0.739600335944092;-1.16524329772156;20220809180000_20220810043000_17;02_04_17
2022-08-09 18:00:00;2022-08-10 06:00:00;12;17;Perturbed;137.81;25.92;781479.924942426;2869836.33500725;100707.671875;-2.27919072397197;1.38299441987834;0.569963539255069;-1.18889099841221;20220809180000_20220810073000_17;02_05_17
2022-08-09 18:00:00;2022-08-10 09:00:00;15;17;Perturbed;137.52;25.84;752583.375147043;2860392.94390601;100634.8984375;-2.42682811232623;1.27424831446916;0.405923219171939;-1.21535485549286;20220809180000_20220810103000_17;02_06_17
2022-08-09 18:00:00;2022-08-10 12:00:00;18;17;Perturbed;137.31;25.98;731262.680827783;2875518.65877384;100601.2578125;-2.53575916636154;1.44842966159041;0.284889616707578;-1.17296703609476;20220809180000_20220810133000_17;02_07_17
2022-08-09 18:00:00;2022-08-10 15:00:00;21;17;Perturbed;136.81;26.3;680688.183964407;2910168.94577206;100457.84375;-2.79415287381487;1.84744773909765;-0.00221236301862698;-1.07586418044753;20220809180000_20220810163000_17;02_08_17
2022-08-09 18:00:00;2022-08-10 18:00:00;24;17;Perturbed;136.31;26.44;630616.3762747;2925071.20565692;100287.7265625;-3.04997825676996;2.01905587296615;-0.286460670125271;-1.03410256414426;20220809180000_20220810193000_17;02_09_17
2022-08-09 18:00:00;2022-08-10 21:00:00;27;17;Perturbed;135.95;26.59;594592.351179685;2941378.77813237;100275.578125;-3.23403112884973;2.20684699337736;-0.490962337248632;-0.988402744800132;20220809180000_20220810223000_17;02_10_17
2022-08-09 18:00:00;2022-08-11 00:00:00;30;17;Perturbed;135.55;26.82;554651.312814602;2966609.38296208;100391.640625;-3.43809668803008;2.49739198753618;-0.717700157654707;-0.917697305079001;20220809180000_20220811013000_17;02_11_17
2022-08-09 18:00:00;2022-08-11 03:00:00;33;17;Perturbed;135.3;26.88;529803.670962719;2973183.36784256;100263.9140625;-3.56504751696122;2.57309522222244;-0.858755583010195;-0.899274580184702;20220809180000_20220811043000_17;02_12_17
2022-08-09 18:00:00;2022-08-11 06:00:00;36;17;Perturbed;135.06;27;505959.984952152;2986445.73597406;100164.1015625;-3.6868689647211;2.72581905493688;-0.994111738427754;-0.862108544062708;20220809180000_20220811073000_17;02_13_17
2022-08-09 18:00:00;2022-08-11 09:00:00;39;17;Perturbed;134.81;27.02;481161.329511311;2988655.02665391;100002.8671875;-3.81356951374538;2.75126031375745;-1.13488907707033;-0.85591729854779;20220809180000_20220811103000_17;02_14_17
2022-08-09 18:00:00;2022-08-09 18:00:00;0;18;Perturbed;141.02;25.69;1104740.99472477;2855167.80528059;100675.3359375;-0.627665500717767;1.21411101232082;2.40505630060554;-1.22999761679832;20220809180000_20220809193000_18;02_01_18
2022-08-09 18:00:00;2022-08-09 21:00:00;3;18;Perturbed;140.06;25.34;1009614.50990196;2812242.66242673;100592.84375;-1.11368289317493;0.71980318799736;1.86504100019032;-1.35028966374125;20220809180000_20220809223000_18;02_02_18
2022-08-09 18:00:00;2022-08-10 00:00:00;6;18;Perturbed;139.2;25.59;922020.978468708;2836977.97741819;100603.21875;-1.56121314537124;1.00464463346467;1.36778887025549;-1.28097220841604;20220809180000_20220810013000_18;02_03_18
2022-08-09 18:00:00;2022-08-10 03:00:00;9;18;Perturbed;139.18;25.36;920805.73915509;2811384.83081722;100441.6953125;-1.56742200974289;0.709924761314483;1.36089018347817;-1.35269362359741;20220809180000_20220810043000_18;02_04_18
2022-08-09 18:00:00;2022-08-10 06:00:00;12;18;Perturbed;139.04;25.79;905238.91134529;2858647.9779166;100322.1640625;-1.6469555810195;1.25418721124768;1.2725202073156;-1.22024489235136;20220809180000_20220810073000_18;02_05_18
2022-08-09 18:00:00;2022-08-10 09:00:00;15;18;Perturbed;138.68;26.21;867793.738324281;2904161.56579887;100328.1015625;-1.83826933959763;1.77830247581033;1.0599509486522;-1.09269906987816;20220809180000_20220810103000_18;02_06_18
2022-08-09 18:00:00;2022-08-10 12:00:00;18;18;Perturbed;138.07;26.67;805557.751441841;2953566.77668791;100414.171875;-2.15624358323695;2.3472320280764;0.706648866529022;-0.954247487603332;20220809180000_20220810133000_18;02_07_18
2022-08-09 18:00:00;2022-08-10 15:00:00;21;18;Perturbed;137.22;27.08;720127.277173198;2997234.40689236;100349.7890625;-2.59272240843229;2.85009002328951;0.221676008415672;-0.831874717864976;20220809180000_20220810163000_18;02_08_18
2022-08-09 18:00:00;2022-08-10 18:00:00;24;18;Perturbed;136.69;26.78;668009.229887441;2963188.84233236;100145.7265625;-2.85900237755933;2.45803567409801;-0.0741884189779843;-0.927282918699488;20220809180000_20220810193000_18;02_09_18
2022-08-09 18:00:00;2022-08-10 21:00:00;27;18;Perturbed;136.54;26.91;652922.907198636;2977387.65292631;100016.1875;-2.93608096643642;2.62154318289245;-0.159830657247703;-0.887492626182186;20220809180000_20220810223000_18;02_10_18
2022-08-09 18:00:00;2022-08-11 00:00:00;30;18;Perturbed;136.33;27.37;631532.966874326;3028115.67005088;100001.1640625;-3.04536581009062;3.20570561334631;-0.281257356359006;-0.74533405403612;20220809180000_20220811013000_18;02_11_18
2022-08-09 18:00:00;2022-08-11 03:00:00;33;18;Perturbed;135.94;27.43;592910.566012811;3034411.36213662;99793.296875;-3.24269422595833;3.27820414568915;-0.500509517761134;-0.727691207965832;20220809180000_20220811043000_18;02_12_18
2022-08-09 18:00:00;2022-08-11 06:00:00;36;18;Perturbed;135.79;27.68;577903.612318486;3062006.35451231;99351.46875;-3.31936730514155;3.59597642870494;-0.585701193062212;-0.65035988423448;20220809180000_20220811073000_18;02_13_18
2022-08-09 18:00:00;2022-08-11 09:00:00;39;18;Perturbed;135.7;27.88;568896.748180799;3084101.48065426;99267.6484375;-3.36538490613425;3.85041457393298;-0.636831479776496;-0.588441209668215;20220809180000_20220811103000_18;02_14_18
2022-08-09 18:00:00;2022-08-09 18:00:00;0;19;Perturbed;141.02;25.69;1104747.1886162;2855153.32547357;100675.9765625;-0.627611663429575;1.21400642446562;2.40509146217116;-1.23003819454623;20220809180000_20220809193000_19;02_01_19
2022-08-09 18:00:00;2022-08-09 21:00:00;3;19;Perturbed;139.37;25.63;938964.406365636;2841950.96527064;100574.546875;-1.47462409843955;1.0619736177243;1.46397354819103;-1.26703606636917;20220809180000_20220809223000_19;02_02_19
2022-08-09 18:00:00;2022-08-10 00:00:00;6;19;Perturbed;138.34;25.79;834968.190155341;2856681.24383836;100680.03125;-2.00595845734163;1.23160128734618;0.873606438090687;-1.22575640500653;20220809180000_20220810013000_19;02_03_19
2022-08-09 18:00:00;2022-08-10 03:00:00;9;19;Perturbed;138.16;25.51;817642.760875176;2825186.72446501;100495.6796875;-2.09447702267736;0.868923697604481;0.775253209597296;-1.3140156384307;20220809180000_20220810043000_19;02_04_19
2022-08-09 18:00:00;2022-08-10 06:00:00;12;19;Perturbed;138.15;25.58;816453.525222629;2832937.62852601;100305.875;-2.10055302992124;0.958179836738994;0.768502140750689;-1.29229475288047;20220809180000_20220810073000_19;02_05_19
2022-08-09 18:00:00;2022-08-10 09:00:00;15;19;Perturbed;137.8;25.71;780976.49927859;2846549.32252588;100189.21875;-2.28181119029133;1.11492635868637;0.56710568571828;-1.2541497771216;20220809180000_20220810103000_19;02_06_19
2022-08-09 18:00:00;2022-08-10 12:00:00;18;19;Perturbed;137.32;25.86;732488.022203185;2862237.13622402;100164.046875;-2.52954706780539;1.29558059864822;0.291845651004244;-1.21018674994583;20220809180000_20220810133000_19;02_07_19
2022-08-09 18:00:00;2022-08-10 15:00:00;21;19;Perturbed;136.86;26.03;686115.888689933;2880333.4275985;99989.1953125;-2.76647018605963;1.50396985079578;0.0285997037089463;-1.15947428198916;20220809180000_20220810163000_19;02_08_19
2022-08-09 18:00:00;2022-08-10 18:00:00;24;19;Perturbed;136.41;26.18;640901.374098593;2896391.6279914;99814.703125;-2.99747883232498;1.68888930757635;-0.228074657018776;-1.11447329499051;20220809180000_20220810193000_19;02_09_19
2022-08-09 18:00:00;2022-08-10 21:00:00;27;19;Perturbed;136.08;26.4;607718.334480342;2920436.56048043;99788.8671875;-3.16701662633792;1.96578059958963;-0.416448579817644;-1.04709054550129;20220809180000_20220810223000_19;02_10_19
2022-08-09 18:00:00;2022-08-11 00:00:00;30;19;Perturbed;135.61;26.59;560741.339289339;2941173.69877411;99857.6640625;-3.40703008579383;2.2045807300293;-0.683128213969229;-0.988977452632199;20220809180000_20220811013000_19;02_11_19
2022-08-09 18:00:00;2022-08-11 03:00:00;33;19;Perturbed;135.43;26.57;542832.739732935;2938872.78938223;99765.578125;-3.49852816727109;2.17808442879764;-0.784791991280889;-0.995425447494379;20220809180000_20220811043000_19;02_12_19
2022-08-09 18:00:00;2022-08-11 06:00:00;36;19;Perturbed;135.34;26.78;533795.197246001;2962119.87622556;99385.2109375;-3.54470250916863;2.44578806716436;-0.836096433258192;-0.930278555115572;20220809180000_20220811073000_19;02_13_19
2022-08-09 18:00:00;2022-08-11 09:00:00;39;19;Perturbed;135.02;26.87;501980.847316129;2972034.72792252;99533.6796875;-3.70724743474258;2.55996331376741;-1.01670056014142;-0.902493491945892;20220809180000_20220811103000_19;02_14_19
2022-08-09 18:00:00;2022-08-09 18:00:00;0;20;Perturbed;141.02;25.69;1104745.82323199;2855151.34061557;100675.265625;-0.627600532214622;1.21405779975649;2.40508371113984;-1.23004375684879;20220809180000_20220809193000_20;02_01_20
2022-08-09 18:00:00;2022-08-09 21:00:00;3;20;Perturbed;140.57;25.12;1062085.24246198;2789862.45936258;100670.4375;-0.845560696149674;0.462218604845615;2.1629075560626;-1.41300722875323;20220809180000_20220809223000_20;02_02_20
2022-08-09 18:00:00;2022-08-10 00:00:00;6;20;Perturbed;140.54;25.36;1057944.95775173;2816385.11216013;100736.984375;-0.866714115017776;0.767642277966037;2.13940393248421;-1.33868099514613;20220809180000_20220810013000_20;02_03_20
2022-08-09 18:00:00;2022-08-10 03:00:00;9;20;Perturbed;140.4;25.89;1041428.7438916;2874659.08398067;100736.578125;-0.951098261120905;1.43870073718574;2.0456444689025;-1.17537588099305;20220809180000_20220810043000_20;02_04_20
2022-08-09 18:00:00;2022-08-10 06:00:00;12;20;Perturbed;138.84;26.59;882532.527927194;2946762.47004654;100633.921875;-1.76292605753508;2.26901289278931;1.14362030645512;-0.973315658831175;20220809180000_20220810073000_20;02_05_20
2022-08-09 18:00:00;2022-08-10 09:00:00;15;20;Perturbed;138.53;26.7;851297.624664908;2958074.54643727;100694.609375;-1.92251049151751;2.39927798912971;0.966305590158795;-0.941615057883879;20220809180000_20220810103000_20;02_06_20
2022-08-09 18:00:00;2022-08-10 12:00:00;18;20;Perturbed;137.94;26.46;793157.502729666;2929983.47305201;100613.609375;-2.21955826441421;2.07579304662747;0.63625496890943;-1.02033658316434;20220809180000_20220810133000_20;02_07_20
2022-08-09 18:00:00;2022-08-10 15:00:00;21;20;Perturbed;137.79;27.08;776685.751547575;2998367.99180325;100526.9296875;-2.30371524313191;2.86328029614972;0.542747911652665;-0.828697995779773;20220809180000_20220810163000_20;02_08_20
2022-08-09 18:00:00;2022-08-10 18:00:00;24;20;Perturbed;137.37;27.2;734767.374979319;3010800.54113585;100296.484375;-2.51788335954752;3.00644828588272;0.304785111307535;-0.79385741730975;20220809180000_20220810193000_20;02_09_20
2022-08-09 18:00:00;2022-08-10 21:00:00;27;20;Perturbed;136.79;27.6;676654.900515503;3054167.57126177;100270.578125;-2.81478987680973;3.50584469748928;-0.025108560406526;-0.672327039613772;20220809180000_20220810223000_20;02_10_20
2022-08-09 18:00:00;2022-08-11 00:00:00;30;20;Perturbed;136.5;28.09;647367.61586052;3108075.8701654;100311.8359375;-2.96442359602765;4.12662991035988;-0.191367009362832;-0.521256147563233;20220809180000_20220811013000_20;02_11_20
2022-08-09 18:00:00;2022-08-11 03:00:00;33;20;Perturbed;135.93;28.59;590946.359441465;3162920.41085029;100322.25;-3.2526893926144;4.75819648835051;-0.511659951877127;-0.367561561499955;20220809180000_20220811043000_20;02_12_20
2022-08-09 18:00:00;2022-08-11 06:00:00;36;20;Perturbed;135.32;28.83;531226.013022344;3189198.03644925;100255.4375;-3.55781080120343;5.06079853168981;-0.850681212596403;-0.293921984274534;20220809180000_20220811073000_20;02_13_20
2022-08-09 18:00:00;2022-08-11 09:00:00;39;20;Perturbed;134.78;28.75;478525.030635986;3180317.77451545;100281.71875;-3.82706908491966;4.95853718404867;-1.14985485376012;-0.318807746193701;20220809180000_20220811103000_20;02_14_20
2022-08-10 00:00:00;2022-08-10 00:00:00;0;0;Unperturbed;140.15;25.34;1018681.50732399;2812581.58026088;100659.984375;-1.24438715345272;0.69778424128162;1.91651265233686;-1.34933989124652;20220810000000_20220810013000_00;03_01_00
2022-08-10 00:00:00;2022-08-10 03:00:00;3;0;Unperturbed;138.46;25.34;848308.963425085;2807092.55056438;100614.046875;-2.25927776033488;0.636832589988027;0.94933951808887;-1.36472217244639;20220810000000_20220810043000_00;03_02_00
2022-08-10 00:00:00;2022-08-10 06:00:00;6;0;Unperturbed;138.42;25.99;842420.229986276;2879067.96035633;100570.7109375;-2.29435630125885;1.43606675739445;0.915910277400047;-1.16302058689997;20220810000000_20220810073000_00;03_03_00
2022-08-10 00:00:00;2022-08-10 09:00:00;9;0;Unperturbed;137.7;26.01;770247.527331578;2879593.9708723;100555.203125;-2.72428119597085;1.44190771860591;0.506199314375914;-1.16154651185974;20220810000000_20220810103000_00;03_04_00
2022-08-10 00:00:00;2022-08-10 12:00:00;12;0;Unperturbed;137.72;26.11;772017.018491511;2890708.60662152;100544.921875;-2.7137405306965;1.56532760151779;0.516244385442015;-1.13039921224909;20220810000000_20220810133000_00;03_05_00
2022-08-10 00:00:00;2022-08-10 15:00:00;15;0;Unperturbed;137.03;26.39;702514.742626474;2920476.54673547;100436.75;-3.12775798514158;1.89587875643513;0.121692936907895;-1.04697848929953;20220810000000_20220810163000_00;03_06_00
2022-08-10 00:00:00;2022-08-10 18:00:00;18;0;Unperturbed;136.56;26.51;655445.365195616;2933102.18030162;100173.4765625;-3.40814511755838;2.03607716253508;-0.145511133977593;-1.01159681775112;20220810000000_20220810193000_00;03_07_00
2022-08-10 00:00:00;2022-08-10 21:00:00;21;0;Unperturbed;136.2;26.73;619336.573428763;2957097.84992048;100162.0390625;-3.62324124015773;2.30253148470736;-0.350494005676554;-0.944352120953121;20220810000000_20220810223000_00;03_08_00
2022-08-10 00:00:00;2022-08-11 00:00:00;24;0;Unperturbed;135.83;26.9;582428.686563311;2975623.77978035;100217.28125;-3.84309748484609;2.5082483562025;-0.560013191111211;-0.892435647851291;20220810000000_20220811013000_00;03_09_00
2022-08-10 00:00:00;2022-08-11 03:00:00;27;0;Unperturbed;135.64;27;563498.862004199;2986590.08534824;100062.703125;-3.95586037900332;2.63002114117744;-0.667474272166999;-0.861704023994975;20220810000000_20220811043000_00;03_10_00
2022-08-10 00:00:00;2022-08-11 06:00:00;30;0;Unperturbed;135.25;27.12;524776.596659516;2999751.63318874;99760.9453125;-4.18652467781683;2.77617048246623;-0.887293345601865;-0.824820523430713;20220810000000_20220811073000_00;03_11_00
2022-08-10 00:00:00;2022-08-11 09:00:00;33;0;Unperturbed;135.13;27.05;512889.22792094;2991984.70382846;99599.59375;-4.25733643302831;2.68992442511818;-0.954775719332652;-0.846586317766908;20220810000000_20220811103000_00;03_12_00
2022-08-10 00:00:00;2022-08-11 12:00:00;36;0;Unperturbed;135.01;27.17;500981.571615033;3005260.26613453;99516.28125;-4.32826903905911;2.83733981347395;-1.0223732617968;-0.809383306712227;20220810000000_20220811133000_00;03_13_00
2022-08-10 00:00:00;2022-08-11 15:00:00;39;0;Unperturbed;134.76;27.28;476240.981130355;3017466.73838004;99385.65625;-4.47564603019282;2.97288374035542;-1.16282097652019;-0.775176279437729;20220810000000_20220811163000_00;03_14_00
2022-08-10 00:00:00;2022-08-10 00:00:00;0;1;Perturbed;140.15;25.34;1018690.91554187;2812585.70932178;100659.984375;-1.24431126568955;0.69797779969364;1.91656606103383;-1.34932832009835;20220810000000_20220810013000_01;03_01_01
2022-08-10 00:00:00;2022-08-10 03:00:00;3;1;Perturbed;138.8;25.41;882349.856493053;2815786.49229302;100636.53125;-2.05648004003802;0.733520148399385;1.14258331481637;-1.34035854830887;20220810000000_20220810043000_01;03_02_01
2022-08-10 00:00:00;2022-08-10 06:00:00;6;1;Perturbed;138.83;25.61;884733.878803546;2838050.32733151;100473.5234375;-2.0422786799236;0.980743716999996;1.15611696453123;-1.27796708932883;20220810000000_20220810073000_01;03_03_01
2022-08-10 00:00:00;2022-08-10 09:00:00;9;1;Perturbed;138.56;25.97;856516.60154364;2877216.50789697;100484.1875;-2.21036591386114;1.41565544317445;0.99593274785602;-1.16820903803481;20220810000000_20220810103000_01;03_04_01
2022-08-10 00:00:00;2022-08-10 12:00:00;12;1;Perturbed;137.54;25.6;755096.761635291;2833839.58337003;100598.7578125;-2.81451280583659;0.93398649180411;0.420191245180037;-1.28976714348362;20220810000000_20220810133000_01;03_05_01
2022-08-10 00:00:00;2022-08-10 15:00:00;15;1;Perturbed;137.44;25.93;744377.892071519;2870200.60754054;100350.8671875;-2.87836393928636;1.33774901240615;0.359342223181866;-1.18787017271981;20220810000000_20220810163000_01;03_06_01
2022-08-10 00:00:00;2022-08-10 18:00:00;18;1;Perturbed;137.03;26.2;702848.39486152;2899428.30761947;100103.1640625;-3.12575061123731;1.66230119773315;0.123587018375095;-1.10596340115943;20220810000000_20220810193000_01;03_07_01
2022-08-10 00:00:00;2022-08-10 21:00:00;21;1;Perturbed;136.88;26.26;687741.959570185;2905848.36818829;100083.6875;-3.21573799376853;1.73359126441356;0.0378306046145259;-1.08797202883132;20220810000000_20220810223000_01;03_08_01
2022-08-10 00:00:00;2022-08-11 00:00:00;24;1;Perturbed;136.48;26.67;647269.8286275;2950741.93973175;100038.7109375;-3.45682605053083;2.23210146919259;-0.191922129234175;-0.962163720308558;20220810000000_20220811013000_01;03_09_01
2022-08-10 00:00:00;2022-08-11 03:00:00;27;1;Perturbed;136.14;26.77;613338.662815488;2961469.41376293;99906.1171875;-3.6589502935286;2.35122220501708;-0.384543024808548;-0.932101390309298;20220810000000_20220811043000_01;03_10_01
2022-08-10 00:00:00;2022-08-11 06:00:00;30;1;Perturbed;135.99;26.64;598538.417270733;2946951.89379275;99619.2578125;-3.74711373723367;2.19001578716253;-0.468561256523481;-0.97278482378542;20220810000000_20220811073000_01;03_11_01
2022-08-10 00:00:00;2022-08-11 09:00:00;33;1;Perturbed;136.04;26.7;603455.547500291;2953625.9225275;99405.71875;-3.71782293034312;2.26412598416565;-0.440647625918485;-0.954081739194836;20220810000000_20220811103000_01;03_12_01
2022-08-10 00:00:00;2022-08-11 12:00:00;36;1;Perturbed;135.76;26.95;575436.078712654;2981120.22903676;99349.8984375;-3.8847318408497;2.56943010448769;-0.599708920814585;-0.877032574314105;20220810000000_20220811133000_01;03_13_01
2022-08-10 00:00:00;2022-08-11 15:00:00;39;1;Perturbed;135.49;26.97;548635.90498097;2983205.32484056;99170.0078125;-4.04437754408716;2.59258356500326;-0.751848505241075;-0.871189368546222;20220810000000_20220811163000_01;03_14_01
2022-08-10 00:00:00;2022-08-10 00:00:00;0;2;Perturbed;140.15;25.34;1018699.99338303;2812593.30545544;100659.65625;-1.24434384061201;0.698012530974192;1.91661759424388;-1.34930703293644;20220810000000_20220810013000_02;03_01_02
2022-08-10 00:00:00;2022-08-10 03:00:00;3;2;Perturbed;138.04;26.08;804114.544814104;2888093.65284727;100697.984375;-2.52260588414539;1.53638854663049;0.698456051856114;-1.13772727504056;20220810000000_20220810043000_02;03_02_02
2022-08-10 00:00:00;2022-08-10 06:00:00;6;2;Perturbed;137.66;25.79;766731.098601902;2855122.30875368;100497.5703125;-2.74529498384071;1.17026593863031;0.48623720476594;-1.23012511480968;20220810000000_20220810073000_02;03_03_02
2022-08-10 00:00:00;2022-08-10 09:00:00;9;2;Perturbed;137.47;26.01;747210.926825431;2879120.27073282;100382.9921875;-2.86157451179342;1.43674571578325;0.375424832736608;-1.16287399397456;20220810000000_20220810103000_02;03_04_02
2022-08-10 00:00:00;2022-08-10 12:00:00;12;2;Perturbed;137.2;26.37;719507.723370113;2918533.43036952;100422.40625;-3.02659946431177;1.87439996350689;0.218158917105929;-1.05242381643342;20220810000000_20220810133000_02;03_05_02
2022-08-10 00:00:00;2022-08-10 15:00:00;15;2;Perturbed;136.66;26.7;665145.702545964;2954285.4097581;100349.9765625;-3.35042807567709;2.27139948823837;-0.0904441292613541;-0.952233613280108;20220810000000_20220810163000_02;03_06_02
2022-08-10 00:00:00;2022-08-10 18:00:00;18;2;Perturbed;135.98;27.01;597222.555275215;2987930.04892172;100221.265625;-3.75503883382753;2.64499854446264;-0.476031159486237;-0.857948952948811;20220810000000_20220810193000_02;03_07_02
2022-08-10 00:00:00;2022-08-10 21:00:00;21;2;Perturbed;135.47;27.16;546572.340158015;3004234.25849998;100214.359375;-4.05675662463254;2.82604484076262;-0.763562977607735;-0.812258557680156;20220810000000_20220810223000_02;03_08_02
2022-08-10 00:00:00;2022-08-11 00:00:00;24;2;Perturbed;135.22;27.2;521790.128327353;3008599.59352235;100261.6171875;-4.2043815495713;2.87451868637376;-0.904246968944279;-0.800025282482439;20220810000000_20220811013000_02;03_09_02
2022-08-10 00:00:00;2022-08-11 03:00:00;27;2;Perturbed;135.03;27.29;502967.939620645;3018559.02796397;100198.640625;-4.31650326873009;2.985110905533;-1.01109702135458;-0.772115282055528;20220810000000_20220811043000_02;03_10_02
2022-08-10 00:00:00;2022-08-11 06:00:00;30;2;Perturbed;134.81;27.57;481240.538386708;3049577.06462832;99895.046875;-4.44593102111117;3.32954346631546;-1.13443942306784;-0.685191328530015;20220810000000_20220811073000_02;03_11_02
2022-08-10 00:00:00;2022-08-11 09:00:00;33;2;Perturbed;134.46;27.76;446780.169397308;3070742.90001284;99644.4453125;-4.65120766954689;3.56457455359807;-1.33006450631246;-0.625876868649705;20220810000000_20220811103000_02;03_12_02
2022-08-10 00:00:00;2022-08-11 12:00:00;36;2;Perturbed;134.28;27.9;429131.983518229;3086341.20937094;99574.421875;-4.75633598228615;3.73778234538142;-1.43024996378023;-0.582164665572767;20220810000000_20220811133000_02;03_13_02
2022-08-10 00:00:00;2022-08-11 15:00:00;39;2;Perturbed;133.93;28.09;394880.702828967;3107637.66158511;99398.9609375;-4.9603671145902;3.97426383681439;-1.62468809176814;-0.522484169268162;20220810000000_20220811163000_02;03_14_02
2022-08-10 00:00:00;2022-08-10 00:00:00;0;3;Perturbed;140.15;25.34;1018684.0382476;2812591.30329651;100659.8984375;-1.24436643069599;0.698018559262729;1.91652701991782;-1.34931264372256;20220810000000_20220810013000_03;03_01_03
2022-08-10 00:00:00;2022-08-10 03:00:00;3;3;Perturbed;138.02;25.58;803386.722688428;2832634.35364172;100546.515625;-2.52686898801884;0.920581941690724;0.694324341485674;-1.29314464071291;20220810000000_20220810043000_03;03_02_03
2022-08-10 00:00:00;2022-08-10 06:00:00;6;3;Perturbed;137.44;25.44;745386.742254366;2815920.30099805;100446.8671875;-2.87236852682249;0.734984638566468;0.365069277383214;-1.33998356707511;20220810000000_20220810073000_03;03_03_03
2022-08-10 00:00:00;2022-08-10 09:00:00;9;3;Perturbed;137.47;25.44;748402.805884089;2815970.18379792;100380.875;-2.85440216570869;0.735538550494641;0.38219090770636;-1.33984377711276;20220810000000_20220810103000_03;03_04_03
2022-08-10 00:00:00;2022-08-10 12:00:00;12;3;Perturbed;136.79;25.67;679661.252698505;2840363.59569672;100444.5;-3.26388807836804;1.00640950913868;-0.00804206015391799;-1.27148446007521;20220810000000_20220810133000_03;03_05_03
2022-08-10 00:00:00;2022-08-10 15:00:00;15;3;Perturbed;136.19;25.56;619541.738519326;2827498.00091766;100319.3359375;-3.62201344783468;0.863546509662134;-0.349329321748398;-1.30753859124911;20220810000000_20220810163000_03;03_06_03
2022-08-10 00:00:00;2022-08-10 18:00:00;18;3;Perturbed;135.8;25.58;580347.21809095;2829413.4276682;100049.390625;-3.85549091852158;0.884815919709564;-0.571829299154102;-1.30217086060751;20220810000000_20220810193000_03;03_07_03
2022-08-10 00:00:00;2022-08-10 21:00:00;21;3;Perturbed;135.44;25.61;544185.643855675;2832559.59750934;99932.7734375;-4.07090146051142;0.91975182963726;-0.777111807075244;-1.29335413490647;20220810000000_20220810223000_03;03_08_03
2022-08-10 00:00:00;2022-08-11 00:00:00;24;3;Perturbed;135.03;25.71;503017.329493034;2843573.64782979;100010.5703125;-4.3161366057506;1.0420547850922;-1.0108166442669;-1.26248871268318;20220810000000_20220811013000_03;03_09_03
2022-08-10 00:00:00;2022-08-11 03:00:00;27;3;Perturbed;134.68;25.69;467883.074431644;2841384.91144447;99826.8203125;-4.52542751980049;1.01775047188791;-1.21026725297153;-1.26862235750073;20220810000000_20220811043000_03;03_10_03
2022-08-10 00:00:00;2022-08-11 06:00:00;30;3;Perturbed;134.54;25.68;453846.232522712;2840319.39041255;99418.4765625;-4.609043451556;1.00591864186071;-1.28995178472367;-1.27160833954921;20220810000000_20220811073000_03;03_11_03
2022-08-10 00:00:00;2022-08-11 09:00:00;33;3;Perturbed;134.16;25.62;415669.877441423;2833863.71225199;99318.3046875;-4.83645582264784;0.934233067931826;-1.50667182747917;-1.28969952547683;20220810000000_20220811103000_03;03_12_03
2022-08-10 00:00:00;2022-08-11 12:00:00;36;3;Perturbed;133.88;25.56;387500.773976877;2827423.00515506;99299.703125;-5.00425609055616;0.862713736690768;-1.66658257050902;-1.30774875697472;20220810000000_20220811133000_03;03_13_03
2022-08-10 00:00:00;2022-08-11 15:00:00;39;3;Perturbed;133.58;25.5;357277.912518753;2821075.10296738;99080.234375;-5.18429037017078;0.792224935940453;-1.83815211436546;-1.32553791496423;20220810000000_20220811163000_03;03_14_03
2022-08-10 00:00:00;2022-08-10 00:00:00;0;4;Perturbed;140.15;25.34;1018699.89737043;2812597.54720188;100659.7578125;-1.24427501023249;0.698133972796304;1.91661704919826;-1.34929514600193;20220810000000_20220810013000_04;03_01_04
2022-08-10 00:00:00;2022-08-10 03:00:00;3;4;Perturbed;140.27;26.04;1027684.8475191;2890789.75044982;100638.2734375;-1.19075264506431;1.56640107459104;1.96762293428682;-1.13017181738085;20220810000000_20220810043000_04;03_02_04
2022-08-10 00:00:00;2022-08-10 06:00:00;6;4;Perturbed;140.15;26.9;1011818.60475292;2985787.51218326;100627.609375;-1.28526611760754;2.6212815848092;1.87755323529815;-0.863953129354176;20220810000000_20220810073000_04;03_03_04
2022-08-10 00:00:00;2022-08-10 09:00:00;9;4;Perturbed;138.34;26.49;832977.305196239;2934290.02720006;100611.9609375;-2.35060417554233;2.04943976198331;0.86230455574652;-1.00826803360812;20220810000000_20220810103000_04;03_04_04
2022-08-10 00:00:00;2022-08-10 12:00:00;12;4;Perturbed;137.89;26.28;788609.399522048;2909925.38950196;100718.03125;-2.61489893621978;1.77888831974652;0.610436235834665;-1.07654671474624;20220810000000_20220810133000_04;03_05_04
2022-08-10 00:00:00;2022-08-10 15:00:00;15;4;Perturbed;137.79;26.89;777149.277799116;2977310.4257838;100636.984375;-2.6831656276958;2.52714975408974;0.545379263672478;-0.887709045055473;20220810000000_20220810163000_04;03_06_04
2022-08-10 00:00:00;2022-08-10 18:00:00;18;4;Perturbed;137.51;27.54;747873.955393953;3048749.65242105;100500.8515625;-2.85755552082362;3.32043000058814;0.379188722175828;-0.687510042026591;20220810000000_20220810193000_04;03_07_04
2022-08-10 00:00:00;2022-08-10 21:00:00;21;4;Perturbed;136.9;27.9;687012.103953967;3087572.96498512;100571.3359375;-3.22010291214831;3.75153442893104;0.0336873504977998;-0.578712833049624;20220810000000_20220810223000_04;03_08_04
2022-08-10 00:00:00;2022-08-11 00:00:00;24;4;Perturbed;136.47;28.11;644397.297679654;3110251.36451527;100616.40625;-3.47395465147296;4.00336143233375;-0.208228951310512;-0.515159611802137;20220810000000_20220811013000_04;03_09_04
2022-08-10 00:00:00;2022-08-11 03:00:00;27;4;Perturbed;136.35;28.07;632661.534293811;3105699.6265512;100463.765625;-3.54386331018237;3.95281771868932;-0.274850689748685;-0.527915256639705;20220810000000_20220811043000_04;03_10_04
2022-08-10 00:00:00;2022-08-11 06:00:00;30;4;Perturbed;136.7;28.09;667015.306425588;3108334.05797656;100142.4765625;-3.33922164756684;3.98207114861658;-0.079830736970097;-0.520532610301966;20220810000000_20220811073000_04;03_11_04
2022-08-10 00:00:00;2022-08-11 09:00:00;33;4;Perturbed;136.44;28.43;641021.702710428;3145671.16148892;99915.703125;-3.49406270144689;4.39667231483891;-0.22739157394691;-0.415900306020215;20220810000000_20220811103000_04;03_12_04
2022-08-10 00:00:00;2022-08-11 12:00:00;36;4;Perturbed;136.44;28.79;640553.681462965;3185568.69842105;99837.3828125;-3.49685065282099;4.83970521737727;-0.230048443219652;-0.304092725044038;20220810000000_20220811133000_04;03_13_04
2022-08-10 00:00:00;2022-08-11 15:00:00;39;4;Perturbed;136.31;29.21;627344.903391268;3231959.06468012;99743.25;-3.57553389888035;5.3548362303151;-0.305032211113435;-0.174089846900241;20220810000000_20220811163000_04;03_14_04
2022-08-10 00:00:00;2022-08-10 00:00:00;0;5;Perturbed;140.15;25.34;1018701.11995388;2812584.85523641;100660.1171875;-1.24434542529046;0.697848073389416;1.91662398957631;-1.34933071355989;20220810000000_20220810013000_05;03_01_05
2022-08-10 00:00:00;2022-08-10 03:00:00;3;5;Perturbed;137.94;25.48;795583.949493299;2821356.00138219;100605.703125;-2.57343000284379;0.795245222044577;0.650029454326881;-1.32475073423393;20220810000000_20220810043000_05;03_02_05
2022-08-10 00:00:00;2022-08-10 06:00:00;6;5;Perturbed;137.83;25.49;784504.887761742;2822228.49164421;100350.234375;-2.63942676163549;0.804933586864599;0.587135688616629;-1.32230569543899;20220810000000_20220810073000_05;03_03_05
2022-08-10 00:00:00;2022-08-10 09:00:00;9;5;Perturbed;137.7;25.78;770774.689833114;2854100.9485146;100196.6328125;-2.72121604874425;1.158853857741;0.509191917510203;-1.23298734206523;20220810000000_20220810103000_05;03_04_05
2022-08-10 00:00:00;2022-08-10 12:00:00;12;5;Perturbed;137.16;26.11;715996.421118465;2889658.8711765;100383.484375;-3.04752420325976;1.55369852476732;0.198225909554938;-1.1333409572739;20220810000000_20220810133000_05;03_05_05
2022-08-10 00:00:00;2022-08-10 15:00:00;15;5;Perturbed;136.56;26.28;655766.437366478;2907636.16460501;100271.6640625;-3.4063076278873;1.75332319084543;-0.14368846718689;-1.08296196535368;20220810000000_20220810163000_05;03_06_05
2022-08-10 00:00:00;2022-08-10 18:00:00;18;5;Perturbed;136.32;26.4;631660.014008768;2920651.89206677;99932.84375;-3.54990695481747;1.89785330371536;-0.280536133488211;-1.04648710715328;20220810000000_20220810193000_05;03_07_05
2022-08-10 00:00:00;2022-08-10 21:00:00;21;5;Perturbed;135.93;26.79;592437.696532939;2963517.16200603;99952.3828125;-3.78355000947532;2.37384070593492;-0.503193909544408;-0.926362846150572;20220810000000_20220810223000_05;03_08_05
2022-08-10 00:00:00;2022-08-11 00:00:00;24;5;Perturbed;135.45;26.92;544687.073056231;2977662.74349315;99942.484375;-4.06799525006545;2.53091701956778;-0.774265287087884;-0.886721721179216;20220810000000_20220811013000_05;03_09_05
2022-08-10 00:00:00;2022-08-11 03:00:00;27;5;Perturbed;135.33;27.05;532724.314150235;2992009.00035205;99793.671875;-4.13925609625728;2.69022168610828;-0.842175636728672;-0.84651822996658;20220810000000_20220811043000_05;03_10_05
2022-08-10 00:00:00;2022-08-11 06:00:00;30;5;Perturbed;135.19;27.17;518827.06210826;3005278.51966024;99531.9609375;-4.22204050644513;2.83756997140211;-0.921067742858444;-0.809332153615817;20220810000000_20220811073000_05;03_11_05
2022-08-10 00:00:00;2022-08-11 09:00:00;33;5;Perturbed;135.06;27.51;505920.872555457;3042932.47697962;99163.5;-4.29892126579772;3.25568956689595;-0.994333772204051;-0.703811908363025;20220810000000_20220811103000_05;03_12_05
2022-08-10 00:00:00;2022-08-11 12:00:00;36;5;Perturbed;134.6;27.89;460623.836408303;3085083.37969305;99148.921875;-4.56875075506464;3.7237444447074;-1.25147659240273;-0.585689567217792;20220810000000_20220811133000_05;03_13_05
2022-08-10 00:00:00;2022-08-11 15:00:00;39;5;Perturbed;134.32;27.99;433129.074608868;3096289.65984099;98944.7734375;-4.73253404344042;3.84818197149117;-1.40755922365545;-0.554285446276354;20220810000000_20220811163000_05;03_14_05
2022-08-10 00:00:00;2022-08-10 00:00:00;0;6;Perturbed;140.15;25.34;1018690.19889815;2812597.3314965;100659.7890625;-1.24442292958541;0.697999298160602;1.91656199278118;-1.34929575048778;20220810000000_20220810013000_06;03_01_06
2022-08-10 00:00:00;2022-08-10 03:00:00;3;6;Perturbed;138.67;25.71;868339.408244054;2848687.87428559;100688.046875;-2.14004614257615;1.09875832128616;1.06304861494569;-1.2481567680932;20220810000000_20220810043000_06;03_02_06
2022-08-10 00:00:00;2022-08-10 06:00:00;6;6;Perturbed;138.72;26;872456.630341437;2880998.60473731;100589.703125;-2.11552030092668;1.45754529902641;1.08642131637512;-1.15761021085772;20220810000000_20220810073000_06;03_03_06
2022-08-10 00:00:00;2022-08-10 09:00:00;9;6;Perturbed;138.49;26.01;849373.583427337;2881464.8344489;100524.75;-2.25302348632985;1.462722438225;0.955383167146383;-1.15630366363097;20220810000000_20220810103000_06;03_04_06
2022-08-10 00:00:00;2022-08-10 12:00:00;12;6;Perturbed;138.29;26.53;827873.674580901;2938580.43595386;100627.1328125;-2.38109609144407;2.09694932691771;0.833332197258938;-0.996244729388179;20220810000000_20220810133000_06;03_05_06
2022-08-10 00:00:00;2022-08-10 15:00:00;15;6;Perturbed;137.64;26.7;762666.383535962;2955919.2986509;100484.0703125;-2.769528791146;2.28948468769582;0.463162575954369;-0.94765485532321;20220810000000_20220810163000_06;03_06_06
2022-08-10 00:00:00;2022-08-10 18:00:00;18;6;Perturbed;137.07;26.71;705935.768239379;2955985.15059006;100306.328125;-3.10746686068208;2.2902159252104;0.141113460829516;-0.94747031395584;20220810000000_20220810193000_06;03_07_06
2022-08-10 00:00:00;2022-08-10 21:00:00;21;6;Perturbed;136.79;26.82;677899.920392177;2967747.32162217;100326;-3.27447333945477;2.42082621279215;-0.0180408149308286;-0.914508382186329;20220810000000_20220810223000_06;03_08_06
2022-08-10 00:00:00;2022-08-11 00:00:00;24;6;Perturbed;136.42;27.09;640787.677279467;2997195.22678509;100335.8359375;-3.49554691195344;2.74782361416548;-0.228720092641162;-0.831984514944024;20220810000000_20220811013000_06;03_09_06
2022-08-10 00:00:00;2022-08-11 03:00:00;27;6;Perturbed;135.94;27.37;592948.094252886;3027770.69400368;100231.71875;-3.78052207485084;3.08734176565838;-0.500296476946309;-0.746300803873292;20220810000000_20220811043000_06;03_10_06
2022-08-10 00:00:00;2022-08-11 06:00:00;30;6;Perturbed;135.54;27.29;553438.377894901;3018666.8561059;100104.4453125;-4.01587713321101;2.986250318962;-0.724585762817838;-0.771813107920565;20220810000000_20220811073000_06;03_11_06
2022-08-10 00:00:00;2022-08-11 09:00:00;33;6;Perturbed;135.55;26.93;554599.425037953;2978792.21049233;99991.453125;-4.00896090238728;2.54347160773677;-0.71799471487867;-0.883556538998025;20220810000000_20220811103000_06;03_12_06
2022-08-10 00:00:00;2022-08-11 12:00:00;36;6;Perturbed;135.49;27.13;548551.448519108;3000937.70728072;99549.1015625;-4.04498803691936;2.78938111681265;-0.752327948812537;-0.8214967073438;20220810000000_20220811133000_06;03_13_06
2022-08-10 00:00:00;2022-08-11 15:00:00;39;6;Perturbed;135.17;27.12;516853.986654945;2999747.03263905;99269.765625;-4.23380634984561;2.77615954768733;-0.932268523962134;-0.824833415863961;20220810000000_20220811163000_06;03_14_06
2022-08-10 00:00:00;2022-08-10 00:00:00;0;7;Perturbed;140.15;25.34;1018684.18578672;2812599.39919688;100660.125;-1.24441615196009;0.698192102493404;1.91652785746985;-1.34928995603038;20220810000000_20220810013000_07;03_01_07
2022-08-10 00:00:00;2022-08-10 03:00:00;3;7;Perturbed;138.24;25.46;825833.97457296;2819843.14939184;100530.7109375;-2.3932037641954;0.778628638703515;0.821753200993103;-1.32899030224795;20220810000000_20220810043000_07;03_02_07
2022-08-10 00:00:00;2022-08-10 06:00:00;6;7;Perturbed;138.36;25.36;838176.795837508;2809065.48799374;100170.03125;-2.31967892810885;0.658950608957004;0.891821093710483;-1.35919327571851;20220810000000_20220810073000_07;03_03_07
2022-08-10 00:00:00;2022-08-10 09:00:00;9;7;Perturbed;138.49;25.76;850106.624268113;2853737.32590437;100331.8359375;-2.24861424515665;1.15499862427521;0.959544503188451;-1.23400634643404;20220810000000_20220810103000_07;03_04_07
2022-08-10 00:00:00;2022-08-10 12:00:00;12;7;Perturbed;137.84;26;784292.965824214;2878770.96830053;100421.046875;-2.6406590091234;1.4329788733003;0.58593264732932;-1.16385286793487;20220810000000_20220810133000_07;03_05_07
2022-08-10 00:00:00;2022-08-10 15:00:00;15;7;Perturbed;137.27;26.16;726895.08388001;2895392.26077675;100360.8828125;-2.98257191308678;1.61754614275871;0.26009558398118;-1.11727388969806;20220810000000_20220810163000_07;03_06_07
2022-08-10 00:00:00;2022-08-10 18:00:00;18;7;Perturbed;136.77;26.24;676789.371315913;2903470.00959285;100094.5078125;-3.28104616174631;1.70724362233139;-0.0243451947695414;-1.09463706486356;20220810000000_20220810193000_07;03_07_07
2022-08-10 00:00:00;2022-08-10 21:00:00;21;7;Perturbed;136.58;26.19;657877.392690092;2897689.49211455;99926.078125;-3.3937027496311;1.64305521288294;-0.131704967792709;-1.11083620209698;20220810000000_20220810223000_07;03_08_07
2022-08-10 00:00:00;2022-08-11 00:00:00;24;7;Perturbed;136.22;26.41;621681.629613214;2921672.23980725;99858.2421875;-3.60931695081044;1.90936604653716;-0.337181559386801;-1.04362771729139;20220810000000_20220811013000_07;03_09_07
2022-08-10 00:00:00;2022-08-11 03:00:00;27;7;Perturbed;136.17;26.43;616664.203002829;2923828.07546378;99681.7890625;-3.63920521227012;1.93330502126468;-0.365664553826943;-1.03758627242353;20220810000000_20220811043000_07;03_10_07
2022-08-10 00:00:00;2022-08-11 06:00:00;30;7;Perturbed;135.94;26.66;593539.653412956;2949117.94082794;99419.8359375;-3.77695562457287;2.21413043853661;-0.496938306000186;-0.966714762876713;20220810000000_20220811073000_07;03_11_07
2022-08-10 00:00:00;2022-08-11 09:00:00;33;7;Perturbed;135.77;26.74;576567.060673913;2957875.54181585;99232.765625;-3.87805950288035;2.31137717814227;-0.593288547301247;-0.942172742067803;20220810000000_20220811103000_07;03_12_07
2022-08-10 00:00:00;2022-08-11 12:00:00;36;7;Perturbed;135.56;26.9;555613.546840614;2975481.44607143;99132.6796875;-4.00287729267169;2.50687783968521;-0.712237734675505;-0.892834519283172;20220810000000_20220811133000_07;03_13_07
2022-08-10 00:00:00;2022-08-11 15:00:00;39;7;Perturbed;135.41;27.08;540647.100270135;2995357.70515913;98850.0078125;-4.0920307777062;2.72758912745736;-0.797199458594555;-0.83713392675708;20220810000000_20220811163000_07;03_14_07
2022-08-10 00:00:00;2022-08-10 00:00:00;0;8;Perturbed;140.15;25.34;1018699.10840536;2812601.01658832;100659.71875;-1.24432710781139;0.698072374687341;1.9166125703908;-1.34928542350437;20220810000000_20220810013000_08;03_01_08
2022-08-10 00:00:00;2022-08-10 03:00:00;3;8;Perturbed;139.94;26.24;993745.644333822;2911694.77025149;100663.625;-1.39297216361569;1.79843587290285;1.77495641204446;-1.07158825874513;20220810000000_20220810043000_08;03_02_08
2022-08-10 00:00:00;2022-08-10 06:00:00;6;8;Perturbed;138.63;26.56;861686.641601926;2942827.79168;100654.484375;-2.17963319690021;2.14414525520692;1.0252821003569;-0.984342075595468;20220810000000_20220810073000_08;03_03_08
2022-08-10 00:00:00;2022-08-10 09:00:00;9;8;Perturbed;137.19;26.63;718028.974675566;2947323.7298349;100588.1171875;-3.03538620400843;2.19406935287213;0.209764336753132;-0.971742802357783;20220810000000_20220810103000_08;03_04_08
2022-08-10 00:00:00;2022-08-10 12:00:00;12;8;Perturbed;137.01;26.18;700864.897326396;2897165.5373713;100621.328125;-3.13763073519186;1.63709939176827;0.112327073058097;-1.1123045161055;20220810000000_20220810133000_08;03_05_08
2022-08-10 00:00:00;2022-08-10 15:00:00;15;8;Perturbed;136.84;26.48;683412.685242362;2930162.3699648;100408.4296875;-3.24159165347169;2.0035050308767;0.0132541222492409;-1.01983524817975;20220810000000_20220810163000_08;03_06_08
2022-08-10 00:00:00;2022-08-10 18:00:00;18;8;Perturbed;136.41;26.88;640047.553012176;2973914.3452809;100139.4765625;-3.499913002437;2.48933864634662;-0.232921639973535;-0.897226112399144;20220810000000_20220810193000_08;03_07_08
2022-08-10 00:00:00;2022-08-10 21:00:00;21;8;Perturbed;136.06;27.22;604965.255265991;3011238.72429031;100226.1484375;-3.70889441244385;2.90379851629076;-0.432077296696797;-0.792629466857351;20220810000000_20220810223000_08;03_08_08
2022-08-10 00:00:00;2022-08-11 00:00:00;24;8;Perturbed;135.48;27.77;547290.365406642;3071825.50525557;100317.9296875;-4.05245742225573;3.5765703084983;-0.75948688227986;-0.622843010355467;20220810000000_20220811013000_08;03_09_08
2022-08-10 00:00:00;2022-08-11 03:00:00;27;8;Perturbed;134.9;27.88;490164.146590796;3083923.47125945;100319.4140625;-4.39275205868083;3.71090935310223;-1.08378176475014;-0.58894005750082;20220810000000_20220811043000_08;03_10_08
2022-08-10 00:00:00;2022-08-11 06:00:00;30;8;Perturbed;134.65;27.73;465494.198142945;3067343.60884021;100178.296875;-4.53970824292873;3.52680213405811;-1.22382845781474;-0.635402933471509;20220810000000_20220811073000_08;03_11_08
2022-08-10 00:00:00;2022-08-11 09:00:00;33;8;Perturbed;134.56;27.61;456589.733186755;3054087.9252528;100140.6171875;-4.59275116660962;3.37960748430191;-1.27437744348692;-0.672550237041023;20220810000000_20220811103000_08;03_12_08
2022-08-10 00:00:00;2022-08-11 12:00:00;36;8;Perturbed;134.51;27.75;451719.300692316;3069598.37795992;100149.84375;-4.62176380020034;3.55183969237555;-1.30202597976507;-0.629084240631804;20220810000000_20220811133000_08;03_13_08
2022-08-10 00:00:00;2022-08-11 15:00:00;39;8;Perturbed;134.34;28.16;435193.443642604;3115109.37891265;99839.4609375;-4.72020652287509;4.05720599816562;-1.39584018593428;-0.501545667687183;20220810000000_20220811163000_08;03_14_08
2022-08-10 00:00:00;2022-08-10 00:00:00;0;9;Perturbed;140.15;25.34;1018687.14588377;2812590.60842688;100659.953125;-1.24434357751802;0.697911360663949;1.91654466138839;-1.34931459100297;20220810000000_20220810013000_09;03_01_09
2022-08-10 00:00:00;2022-08-10 03:00:00;3;9;Perturbed;138.56;25.36;858329.534650616;2809573.58013048;100664.328125;-2.19957632604797;0.664409472929158;1.0062244307477;-1.35776941457093;20220810000000_20220810043000_09;03_02_09
2022-08-10 00:00:00;2022-08-10 06:00:00;6;9;Perturbed;138.41;25.96;841512.67283507;2875698.93851808;100630.75;-2.29975253227966;1.39868310760699;0.910758244834505;-1.17246182590757;20220810000000_20220810073000_09;03_03_09
2022-08-10 00:00:00;2022-08-10 09:00:00;9;9;Perturbed;137.71;26.41;770332.285838826;2923936.1613927;100663.0703125;-2.72376631116406;1.93432210950545;0.506680472602662;-1.03728337587456;20220810000000_20220810103000_09;03_04_09
2022-08-10 00:00:00;2022-08-10 12:00:00;12;9;Perturbed;136.65;25.34;666049.753530452;2803610.64024025;100680.8515625;-3.34496594861534;0.598195396312683;-0.0853120005498957;-1.37447976653495;20220810000000_20220810133000_09;03_05_09
2022-08-10 00:00:00;2022-08-10 15:00:00;15;9;Perturbed;136.28;25.72;628408.428090643;2845298.66944987;100712.75;-3.56919120665999;1.06111040315283;-0.298994779885928;-1.25765456728717;20220810000000_20220810163000_09;03_06_09
2022-08-10 00:00:00;2022-08-10 18:00:00;18;9;Perturbed;136.53;25.93;653218.247235529;2868827.92376894;100525.8359375;-3.42140182797037;1.32238552530573;-0.158154066979028;-1.19171693780232;20220810000000_20220810193000_09;03_07_09
2022-08-10 00:00:00;2022-08-10 21:00:00;21;9;Perturbed;136.3;26.68;629358.859636853;2951643.69546476;100557.5625;-3.56352958990733;2.24199396561552;-0.293599357381814;-0.959636668894054;20220810000000_20220810223000_09;03_08_09
2022-08-10 00:00:00;2022-08-11 00:00:00;24;9;Perturbed;135.78;27.28;577201.099377258;3017694.97334341;100615.453125;-3.87422766221459;2.97544499054285;-0.589689227916121;-0.774536681078765;20220810000000_20220811013000_09;03_09_09
2022-08-10 00:00:00;2022-08-11 03:00:00;27;9;Perturbed;135.19;27.5;518757.566059008;3041825.20927381;100561.03125;-4.22236939702892;3.2433935729671;-0.921462258959659;-0.706914879954732;20220810000000_20220811043000_09;03_10_09
2022-08-10 00:00:00;2022-08-11 06:00:00;30;9;Perturbed;134.93;27.4;493076.319983993;3030743.46910192;100462.2421875;-4.37534977061556;3.12033897132888;-1.06724989991021;-0.737969994051964;20220810000000_20220811073000_09;03_11_09
2022-08-10 00:00:00;2022-08-11 09:00:00;33;9;Perturbed;135.11;27.3;510874.782650368;3019660.20981304;100401.375;-4.26932627549322;2.99726750101001;-0.966211349167855;-0.769029365274043;20220810000000_20220811103000_09;03_12_09
2022-08-10 00:00:00;2022-08-11 12:00:00;36;9;Perturbed;134.86;27.82;486211.292836561;3077269.96908228;100300.25;-4.41624398636463;3.63698164945502;-1.10622137777239;-0.607585619123207;20220810000000_20220811133000_09;03_13_09
2022-08-10 00:00:00;2022-08-11 15:00:00;39;9;Perturbed;134.71;27.94;471475.807020364;3090597.08354583;100130.890625;-4.50402166345078;3.78496948673161;-1.18987198059472;-0.570238139951815;20220810000000_20220811163000_09;03_14_09
2022-08-10 00:00:00;2022-08-10 00:00:00;0;10;Perturbed;140.15;25.34;1018683.8777771;2812588.85231468;100659.7890625;-1.24435300426245;0.69795641472856;1.91652610895676;-1.34931951227563;20220810000000_20220810013000_10;03_01_10
2022-08-10 00:00:00;2022-08-10 03:00:00;3;10;Perturbed;138.14;25.73;815062.135303345;2849525.15499839;100597.015625;-2.45730544991129;1.1081069815377;0.760603479860857;-1.24581039941247;20220810000000_20220810043000_10;03_02_10
2022-08-10 00:00:00;2022-08-10 06:00:00;6;10;Perturbed;138.09;25.82;809796.975975884;2859388.73376306;100417.5234375;-2.488669428067;1.21763479366714;0.730714153021452;-1.21816902186773;20220810000000_20220810073000_10;03_03_10
2022-08-10 00:00:00;2022-08-10 09:00:00;9;10;Perturbed;138.08;25.91;808561.102198444;2869341.6117989;100216.8984375;-2.49603139296646;1.32815420874606;0.723698328244132;-1.19027739490261;20220810000000_20220810103000_10;03_04_10
2022-08-10 00:00:00;2022-08-10 12:00:00;12;10;Perturbed;137.83;26.29;782587.67054235;2910885.46587852;100248.734375;-2.65075228409729;1.78946825644863;0.576252004281825;-1.07385622742625;20220810000000_20220810133000_10;03_05_10
2022-08-10 00:00:00;2022-08-10 15:00:00;15;10;Perturbed;137.2;26.57;719127.324309202;2940694.51852394;100129.8515625;-3.02877862465441;2.12047593589227;0.215999462632888;-0.990320292033897;20220810000000_20220810163000_10;03_06_10
2022-08-10 00:00:00;2022-08-10 18:00:00;18;10;Perturbed;136.67;26.69;666160.598619473;2953189.26205222;99897.7421875;-3.34429561553591;2.25922090406465;-0.0846827536670884;-0.955305422539801;20220810000000_20220810193000_10;03_07_10
2022-08-10 00:00:00;2022-08-10 21:00:00;21;10;Perturbed;136.18;26.79;617291.032431009;2963729.32883908;99866.71875;-3.63540627545837;2.37626061981138;-0.362106160151426;-0.925768276605931;20220810000000_20220810223000_10;03_08_10
2022-08-10 00:00:00;2022-08-11 00:00:00;24;10;Perturbed;135.94;26.71;593503.550236327;2954667.91910975;99657.5546875;-3.77710570476949;2.27564030682563;-0.497143256995798;-0.951161681311418;20220810000000_20220811013000_10;03_09_10
2022-08-10 00:00:00;2022-08-11 03:00:00;27;10;Perturbed;135.7;26.88;569530.620863782;2973340.2633455;99311.2890625;-3.919909822633;2.4829830026424;-0.633233102857979;-0.898834901247164;20220810000000_20220811043000_10;03_10_10
2022-08-10 00:00:00;2022-08-11 06:00:00;30;10;Perturbed;135.64;26.91;563540.213262293;2976632.91495609;99009.6796875;-3.95559402542188;2.51954548524804;-0.66723952879239;-0.889607679722085;20220810000000_20220811073000_10;03_11_10
2022-08-10 00:00:00;2022-08-11 09:00:00;33;10;Perturbed;135.38;27.13;537653.387157286;3000883.37278956;98865.8359375;-4.1097990167587;2.78882904378261;-0.814194209204791;-0.821648972583397;20220810000000_20220811103000_10;03_12_10
2022-08-10 00:00:00;2022-08-11 12:00:00;36;10;Perturbed;135.22;27.3;521775.252431863;3019692.53777;98794.6875;-4.20438332840227;2.99769103367891;-0.904331416626615;-0.7689387704418;20220810000000_20220811133000_10;03_13_10
2022-08-10 00:00:00;2022-08-11 15:00:00;39;10;Perturbed;134.99;27.45;499008.893211345;3036270.2497571;98720.1328125;-4.34000003985736;3.18177437375037;-1.03357178892386;-0.722481920773341;20220810000000_20220811163000_10;03_14_10
2022-08-10 00:00:00;2022-08-10 00:00:00;0;11;Perturbed;140.15;25.34;1018684.99054687;2812596.36395605;100659.9921875;-1.24445217436747;0.698140118723229;1.91653242594307;-1.3492984618922;20220810000000_20220810013000_11;03_01_11
2022-08-10 00:00:00;2022-08-10 03:00:00;3;11;Perturbed;139.88;26.14;988154.187895793;2900356.06468744;100638.9140625;-1.42632082598272;1.67264726704849;1.7432147574068;-1.10336348443574;20220810000000_20220810043000_11;03_02_11
2022-08-10 00:00:00;2022-08-10 06:00:00;6;11;Perturbed;138.4;25.8;840971.23021379;2857947.9673273;100573.1484375;-2.30307360448929;1.20173643121031;0.907684576125601;-1.22220657962996;20220810000000_20220810073000_11;03_03_11
2022-08-10 00:00:00;2022-08-10 09:00:00;9;11;Perturbed;137.12;25.79;712564.151792082;2854149.21746534;100564.96875;-3.06798052414354;1.15955409849574;0.178741557170375;-1.23285207470205;20220810000000_20220810103000_11;03_04_11
2022-08-10 00:00:00;2022-08-10 12:00:00;12;11;Perturbed;136.77;25.46;677963.786379013;2817065.2303627;100597.0546875;-3.27409111596079;0.747763604467887;-0.0176782596431864;-1.33677505365564;20220810000000_20220810133000_11;03_05_11
2022-08-10 00:00:00;2022-08-10 15:00:00;15;11;Perturbed;136.75;25.65;675670.518449119;2838093.74519354;100381.3828125;-3.28775186215764;0.9812698476584;-0.0306967136773195;-1.27784541650142;20220810000000_20220810163000_11;03_06_11
2022-08-10 00:00:00;2022-08-10 18:00:00;18;11;Perturbed;136.41;26.1;641004.828918253;2887526.50295684;100207.515625;-3.49425158259877;1.53018438816263;-0.227487363315851;-1.13931663774753;20220810000000_20220810193000_11;03_07_11
2022-08-10 00:00:00;2022-08-10 21:00:00;21;11;Perturbed;135.86;26.25;585892.623202506;2903653.46796867;100252.984375;-3.8225489633003;1.70926251347349;-0.540349069302037;-1.09412294698091;20220810000000_20220810223000_11;03_08_11
2022-08-10 00:00:00;2022-08-11 00:00:00;24;11;Perturbed;135.59;26.32;558893.027397954;2911265.15685299;100212.90625;-3.98338260201097;1.79378473912814;-0.693620735617079;-1.0727921935876;20220810000000_20220811013000_11;03_09_11
2022-08-10 00:00:00;2022-08-11 03:00:00;27;11;Perturbed;135.17;26.6;516933.699344761;2942134.22603891;100087.421875;-4.23332972927545;2.13656312525655;-0.93181600989922;-0.986285701757421;20220810000000_20220811043000_11;03_10_11
2022-08-10 00:00:00;2022-08-11 06:00:00;30;11;Perturbed;134.92;26.5;492030.304193503;2931059.17805116;99944.6953125;-4.38167652999871;2.01358283541788;-1.07318793632975;-1.01732206189192;20220810000000_20220811073000_11;03_11_11
2022-08-10 00:00:00;2022-08-11 09:00:00;33;11;Perturbed;134.72;26.4;472075.128018285;2920020.86770979;99828.5;-4.50054733156944;1.89101049021325;-1.18646974714375;-1.04825546962165;20220810000000_20220811103000_11;03_12_11
2022-08-10 00:00:00;2022-08-11 12:00:00;36;11;Perturbed;134.62;26.52;462132.700468918;2933334.02898146;99743.796875;-4.55977328487472;2.03884338752176;-1.24291105273733;-1.01094709242875;20220810000000_20220811133000_11;03_13_11
2022-08-10 00:00:00;2022-08-11 15:00:00;39;11;Perturbed;134.42;26.68;442284.871535917;2951129.57547836;99566.53125;-4.67800463066632;2.23644988714579;-1.35558347329202;-0.961077422294673;20220810000000_20220811163000_11;03_14_11
2022-08-10 00:00:00;2022-08-10 00:00:00;0;12;Perturbed;140.15;25.34;1018681.39236775;2812589.9735401;100659.796875;-1.24443372734161;0.698041087717477;1.91651199975171;-1.34931637018937;20220810000000_20220810013000_12;03_01_12
2022-08-10 00:00:00;2022-08-10 03:00:00;3;12;Perturbed;140.16;26.12;1016299.10498244;2899218.09291233;100685.0859375;-1.25862475269649;1.65998285450387;1.90298819888332;-1.1065525001289;20220810000000_20220810043000_12;03_02_12
2022-08-10 00:00:00;2022-08-10 06:00:00;6;12;Perturbed;138.18;25.92;818569.835876124;2870687.54428836;100535.1953125;-2.43647637907558;1.34317202506872;0.780516041353109;-1.18650559675728;20220810000000_20220810073000_12;03_03_12
2022-08-10 00:00:00;2022-08-10 09:00:00;9;12;Perturbed;138.13;26.08;813123.534728648;2888315.62727193;100482.375;-2.46891939923794;1.53891896512883;0.74959840620887;-1.13710522101495;20220810000000_20220810103000_12;03_04_12
2022-08-10 00:00:00;2022-08-10 12:00:00;12;12;Perturbed;137.92;26.45;791177.868665927;2928830.73195219;100538.5703125;-2.59964733132801;1.98880950482998;0.625016955798429;-1.02356698794049;20220810000000_20220810133000_12;03_05_12
2022-08-10 00:00:00;2022-08-10 15:00:00;15;12;Perturbed;137.31;26.78;729667.460483542;2964152.64266741;100440.7578125;-2.96605810422127;2.38103343218632;0.275833848537143;-0.924581995477338;20220810000000_20220810163000_12;03_06_12
2022-08-10 00:00:00;2022-08-10 18:00:00;18;12;Perturbed;136.78;26.9;676781.177626564;2976607.53393859;100247.7578125;-3.28109590594775;2.51933587025554;-0.0243917088147504;-0.88967880667346;20220810000000_20220810193000_12;03_07_12
2022-08-10 00:00:00;2022-08-10 21:00:00;21;12;Perturbed;136.51;26.92;649927.35201726;2978464.38117829;100188.3984375;-3.44106120755119;2.53995479777415;-0.176835864937171;-0.884475237378785;20220810000000_20220810223000_12;03_08_12
2022-08-10 00:00:00;2022-08-11 00:00:00;24;12;Perturbed;136.3;27.33;628611.200960873;3023661.05616831;100188.515625;-3.56803918761143;3.04183074415088;-0.297843676146133;-0.757817521455183;20220810000000_20220811013000_12;03_09_12
2022-08-10 00:00:00;2022-08-11 03:00:00;27;12;Perturbed;135.79;27.51;578029.073060504;3043171.70936496;100055.28125;-3.86935139031386;3.2584822464939;-0.584988975845133;-0.703141491180591;20220810000000_20220811043000_12;03_10_12
2022-08-10 00:00:00;2022-08-11 06:00:00;30;12;Perturbed;135.54;27.58;553292.132200212;3050786.67910491;99911.6953125;-4.01670664103434;3.34304090364542;-0.725415972332031;-0.681801543622438;20220810000000_20220811073000_12;03_11_12
2022-08-10 00:00:00;2022-08-11 09:00:00;33;12;Perturbed;135.51;27.48;550383.026225565;3039713.55869579;99835.03125;-4.034035867097;3.22008201815441;-0.741930424009343;-0.712832501972277;20220810000000_20220811103000_12;03_12_12
2022-08-10 00:00:00;2022-08-11 12:00:00;36;12;Perturbed;135.52;27.6;551311.570077659;3053000.56299463;99577.1640625;-4.02850463294387;3.36762446145278;-0.73665925385971;-0.675597426243162;20220810000000_20220811133000_12;03_13_12
2022-08-10 00:00:00;2022-08-11 15:00:00;39;12;Perturbed;135.38;27.84;537420.988325136;3079534.81550375;99171.8515625;-4.11124930894712;3.66226788582757;-0.81551349400117;-0.601238685975492;20220810000000_20220811163000_12;03_14_12
2022-08-10 00:00:00;2022-08-10 00:00:00;0;13;Perturbed;140.15;25.34;1018686.75579625;2812600.06426167;100659.7578125;-1.24444115316501;0.698193685959456;1.9165424469343;-1.34928809227411;20220810000000_20220810013000_13;03_01_13
2022-08-10 00:00:00;2022-08-10 03:00:00;3;13;Perturbed;140.32;26.08;1032523.48583018;2895433.71726942;100635.8203125;-1.1620172659585;1.61800068513111;1.99509098091996;-1.11715771334941;20220810000000_20220810043000_13;03_02_13
2022-08-10 00:00:00;2022-08-10 06:00:00;6;13;Perturbed;138.59;26.12;859051.116729199;2893933.65304717;100516.1015625;-2.19537319247827;1.60134357149757;1.0103207175354;-1.12136144533125;20220810000000_20220810073000_13;03_03_13
2022-08-10 00:00:00;2022-08-10 09:00:00;9;13;Perturbed;138.73;26.43;872085.947310715;2928706.34547046;100425.40625;-2.11772613258973;1.98746883230175;1.08431701799211;-1.02391556463716;20220810000000_20220810103000_13;03_04_13
2022-08-10 00:00:00;2022-08-10 12:00:00;12;13;Perturbed;138.16;27.03;813524.965014027;2993683.93453044;100533.7265625;-2.46656749812082;2.70899732991707;0.751877251018058;-0.841824448014597;20220810000000_20220810133000_13;03_05_13
2022-08-10 00:00:00;2022-08-10 15:00:00;15;13;Perturbed;137.42;27.2;739718.979595949;3010907.54953679;100468.1328125;-2.90622167958879;2.90025294956713;0.332894446573811;-0.793557540390684;20220810000000_20220810163000_13;03_06_13
2022-08-10 00:00:00;2022-08-10 18:00:00;18;13;Perturbed;136.91;27.21;689174.418421677;3011143.68472901;100187.2578125;-3.2073101014133;2.90287505778851;0.0459624061676016;-0.792895802683144;20220810000000_20220810193000_13;03_07_13
2022-08-10 00:00:00;2022-08-10 21:00:00;21;13;Perturbed;136.65;27.44;663068.528952539;3036248.70279204;100056.8046875;-3.36282002924682;3.18164788127541;-0.102235856078103;-0.722542303298819;20220810000000_20220810223000_13;03_08_13
2022-08-10 00:00:00;2022-08-11 00:00:00;24;13;Perturbed;136.32;27.73;630121.293610916;3067983.32811651;99966.3671875;-3.55908310606505;3.53403763386551;-0.289271162007861;-0.633610204639438;20220810000000_20220811013000_13;03_09_13
2022-08-10 00:00:00;2022-08-11 03:00:00;27;13;Perturbed;135.93;27.91;591508.430021568;3087578.62791679;99835.2265625;-3.78909571058954;3.75162907469548;-0.508469182095879;-0.578696963431099;20220810000000_20220811043000_13;03_10_13
2022-08-10 00:00:00;2022-08-11 06:00:00;30;13;Perturbed;135.7;27.99;568834.901193456;3096292.29021833;99313.3125;-3.92415944155183;3.84838790739629;-0.637182573580835;-0.554278074991047;20220810000000_20220811073000_13;03_11_13
2022-08-10 00:00:00;2022-08-11 09:00:00;33;13;Perturbed;135.66;28.1;564842.35764394;3108451.06176843;99091.484375;-3.94794258673029;3.9834021530201;-0.659847498163388;-0.520204722619178;20220810000000_20220811103000_13;03_12_13
2022-08-10 00:00:00;2022-08-11 12:00:00;36;13;Perturbed;135.48;28.36;547041.55379233;3137169.41768909;99075.6484375;-4.05398002803698;4.30229844482138;-0.760899339377375;-0.439725320831436;20220810000000_20220811133000_13;03_13_13
2022-08-10 00:00:00;2022-08-11 15:00:00;39;13;Perturbed;135.4;28.6;539115.587981714;3163740.71176065;98926.6796875;-4.10119413934611;4.59735318859543;-0.805893568022248;-0.365262776474323;20220810000000_20220811163000_13;03_14_13
2022-08-10 00:00:00;2022-08-10 00:00:00;0;14;Perturbed;140.15;25.34;1018682.59478461;2812583.25876587;100659.8984375;-1.24440986754105;0.697836413748933;1.91651882564785;-1.34933518745785;20220810000000_20220810013000_14;03_01_14
2022-08-10 00:00:00;2022-08-10 03:00:00;3;14;Perturbed;139.85;26.13;985207.012147711;2899147.81909871;100665.171875;-1.44382025140113;1.65907240399212;1.72648419073084;-1.10674943321576;20220810000000_20220810043000_14;03_02_14
2022-08-10 00:00:00;2022-08-10 06:00:00;6;14;Perturbed;137.91;25.6;792292.683205914;2834589.43938688;100522.515625;-2.59298980592851;0.942198918905528;0.631345549878612;-1.28766577097366;20220810000000_20220810073000_14;03_03_14
2022-08-10 00:00:00;2022-08-10 09:00:00;9;14;Perturbed;137.58;25.5;759333.106441988;2822832.00944524;100438.5078125;-2.78932639924937;0.811641277658178;0.44424018399778;-1.32061441646294;20220810000000_20220810103000_14;03_04_14
2022-08-10 00:00:00;2022-08-10 12:00:00;12;14;Perturbed;137.18;25.71;718730.359806481;2845381.33257661;100461.8125;-3.03119251940569;1.06203498226609;0.213745969238379;-1.25742291478559;20220810000000_20220810133000_14;03_05_14
2022-08-10 00:00:00;2022-08-10 15:00:00;15;14;Perturbed;136.59;25.9;659264.338130794;2865583.97595493;100432.7734375;-3.38542510551485;1.28637052834433;-0.123831537378299;-1.20080767336611;20220810000000_20220810163000_14;03_06_14
2022-08-10 00:00:00;2022-08-10 18:00:00;18;14;Perturbed;136.07;25.93;607149.275249736;2868376.60616121;100191.078125;-3.69586883420884;1.31738063977322;-0.419679022863467;-1.1929816958263;20220810000000_20220810193000_14;03_07_14
2022-08-10 00:00:00;2022-08-10 21:00:00;21;14;Perturbed;135.83;25.89;583139.645278719;2863772.71972525;100187.96875;-3.83889157352276;1.26625785557356;-0.555977211173564;-1.20588347987299;20220810000000_20220810223000_14;03_08_14
2022-08-10 00:00:00;2022-08-11 00:00:00;24;14;Perturbed;135.59;26.09;559002.300220756;2885787.17713871;100262.984375;-3.9826750976388;1.51071226844327;-0.693000414196155;-1.14419086877049;20220810000000_20220811013000_14;03_09_14
2022-08-10 00:00:00;2022-08-11 03:00:00;27;14;Perturbed;135.1;26.29;509973.67784272;2907802.19538506;100114.34375;-4.27473323788331;1.75517290895118;-0.971326752983248;-1.08249668600782;20220810000000_20220811043000_14;03_10_14
2022-08-10 00:00:00;2022-08-11 06:00:00;30;14;Perturbed;134.9;26.19;490009.643510015;2896722.06455109;100010.1171875;-4.39365680652919;1.63213617783093;-1.08465884990406;-1.11354729014795;20220810000000_20220811073000_14;03_11_14
2022-08-10 00:00:00;2022-08-11 09:00:00;33;14;Perturbed;134.91;25.99;490992.36934831;2874580.80487009;99942.375;-4.38780281621126;1.38627371872683;-1.07908009873102;-1.17559524786798;20220810000000_20220811103000_14;03_12_14
2022-08-10 00:00:00;2022-08-11 12:00:00;36;14;Perturbed;134.93;26.26;493001.149710714;2904483.78661582;99693.5859375;-4.37583673133374;1.7183244119789;-1.06767662752222;-1.09179608857019;20220810000000_20220811133000_14;03_13_14
2022-08-10 00:00:00;2022-08-11 15:00:00;39;14;Perturbed;134.41;26.36;441136.845280279;2915680.15975642;99570.7734375;-4.68478671936795;1.84265192870812;-1.36210060408349;-1.06041973070912;20220810000000_20220811163000_14;03_14_14
2022-08-10 00:00:00;2022-08-10 00:00:00;0;15;Perturbed;140.15;25.34;1018687.07986578;2812584.77658837;100659.8984375;-1.24435297780855;0.697820917553594;1.91654428661654;-1.34933093396062;20220810000000_20220810013000_15;03_01_15
2022-08-10 00:00:00;2022-08-10 03:00:00;3;15;Perturbed;138.21;25.61;822411.329958801;2836403.7279081;100470.3984375;-2.41354614931827;0.962312912549408;0.802323486303528;-1.28258146687001;20220810000000_20220810043000_15;03_02_15
2022-08-10 00:00:00;2022-08-10 06:00:00;6;15;Perturbed;138.06;25.69;807136.011850901;2844914.40412768;100455.8125;-2.50453954831361;1.05681773359991;0.715608356312753;-1.25873142013148;20220810000000_20220810073000_15;03_03_15
2022-08-10 00:00:00;2022-08-10 09:00:00;9;15;Perturbed;138.01;25.93;801490.164492015;2871404.26682922;100463.5078125;-2.53817124342889;1.35096824169949;0.683557934568628;-1.18449707644032;20220810000000_20220810103000_15;03_04_15
2022-08-10 00:00:00;2022-08-10 12:00:00;12;15;Perturbed;137.57;26.51;756137.751499509;2934730.17993669;100669.5078125;-2.80833060650588;2.05415608854881;0.426100750354142;-1.00703456366168;20220810000000_20220810133000_15;03_05_15
2022-08-10 00:00:00;2022-08-10 15:00:00;15;15;Perturbed;136.76;26.64;675179.519450045;2947760.09096172;100682.9921875;-3.29058993876977;2.19884369949223;-0.0334840233575016;-0.970519957897371;20220810000000_20220810163000_15;03_06_15
2022-08-10 00:00:00;2022-08-10 18:00:00;18;15;Perturbed;136.27;26.75;626283.107511563;2959380.60031199;100525.3125;-3.58186051588841;2.32788093793588;-0.311059828154334;-0.937955014292576;20220810000000_20220810193000_15;03_07_15
2022-08-10 00:00:00;2022-08-10 21:00:00;21;15;Perturbed;135.93;26.73;592501.818333389;2956867.5815719;100552.0234375;-3.78309196017348;2.29997570688233;-0.502829902050619;-0.944997417605745;20220810000000_20220810223000_15;03_08_15
2022-08-10 00:00:00;2022-08-11 00:00:00;24;15;Perturbed;135.7;26.88;569529.13322723;2973345.17038089;100561.5625;-3.91993773235927;2.48294725245163;-0.633241547893041;-0.898821149928188;20220810000000_20220811013000_15;03_09_15
2022-08-10 00:00:00;2022-08-11 03:00:00;27;15;Perturbed;135.47;26.99;546634.848526395;2985418.59554775;100475.140625;-4.05631648190679;2.61701378904904;-0.763208129266685;-0.864986969530011;20220810000000_20220811043000_15;03_10_15
2022-08-10 00:00:00;2022-08-11 06:00:00;30;15;Perturbed;135.41;27.18;540620.185290224;3006429.50629946;100336.109375;-4.09214517285814;2.85032455184473;-0.797352249912234;-0.806106665483893;20220810000000_20220811073000_15;03_11_15
2022-08-10 00:00:00;2022-08-11 09:00:00;33;15;Perturbed;135.15;27.41;514826.008415776;3031857.5889668;100238.1484375;-4.24579826286346;3.13268477095456;-0.943780977934337;-0.734847820188899;20220810000000_20220811103000_15;03_12_15
2022-08-10 00:00:00;2022-08-11 12:00:00;36;15;Perturbed;134.66;27.64;466464.44948546;3057363.45275856;100253.2578125;-4.53388277912025;3.41590869243705;-1.21832052202606;-0.663371003559455;20220810000000_20220811133000_15;03_13_15
2022-08-10 00:00:00;2022-08-11 15:00:00;39;15;Perturbed;134.39;27.61;439805.366201438;3054140.19556909;100105.5859375;-4.69268802199493;3.38011678401154;-1.36965916231358;-0.67240375637905;20220810000000_20220811163000_15;03_14_15
2022-08-10 00:00:00;2022-08-10 00:00:00;0;16;Perturbed;140.15;25.34;1018691.71818517;2812597.04657733;100659.875;-1.24433517960234;0.698148794072827;1.91657061749009;-1.34929654893616;20220810000000_20220810013000_16;03_01_16
2022-08-10 00:00:00;2022-08-10 03:00:00;3;16;Perturbed;138.9;25.69;891509.75050832;2847132.54954801;100668.390625;-2.00194424856488;1.08164023986692;1.19458232358495;-1.25251536037515;20220810000000_20220810043000_16;03_02_16
2022-08-10 00:00:00;2022-08-10 06:00:00;6;16;Perturbed;137.91;26.39;790333.604817785;2922156.9721369;100550.46875;-2.60463948074262;1.91473145944176;0.620224227501644;-1.04226931891982;20220810000000_20220810073000_16;03_03_16
2022-08-10 00:00:00;2022-08-10 09:00:00;9;16;Perturbed;137.67;26;767270.341489618;2878415.09141771;100494.875;-2.74202481748851;1.42900993707117;0.489298385997948;-1.16485016592501;20220810000000_20220810103000_16;03_04_16
2022-08-10 00:00:00;2022-08-10 12:00:00;12;16;Perturbed;137.66;25.81;766695.970127297;2857336.72300017;100541.3671875;-2.74544628486314;1.1949501063433;0.486037786971805;-1.22391951117553;20220810000000_20220810133000_16;03_05_16
2022-08-10 00:00:00;2022-08-10 15:00:00;15;16;Perturbed;137.3;26.31;729605.510175916;2912049.2993322;100312.140625;-2.96639009745263;1.80249316192008;0.275482168202843;-1.07059473779251;20220810000000_20220810163000_16;03_06_16
2022-08-10 00:00:00;2022-08-10 18:00:00;18;16;Perturbed;136.73;26.65;672193.716347702;2948837.07049099;100039.203125;-3.30838587298723;2.21099439501924;-0.0504338703143782;-0.967501864922536;20220810000000_20220810193000_16;03_07_16
2022-08-10 00:00:00;2022-08-10 21:00:00;21;16;Perturbed;136.22;27.01;621036.941600238;2988120.73734428;100086.9453125;-3.61312118409695;2.647210720302;-0.340841332915167;-0.857414573814492;20220810000000_20220810223000_16;03_08_16
2022-08-10 00:00:00;2022-08-11 00:00:00;24;16;Perturbed;135.6;27.19;559428.295093336;3007616.31022543;100094.4765625;-3.98011715194302;2.86369476679525;-0.690582120810035;-0.802780804133584;20220810000000_20220811013000_16;03_09_16
2022-08-10 00:00:00;2022-08-11 03:00:00;27;16;Perturbed;135.33;27;532747.670756817;2986484.09469587;99972.0546875;-4.13905071251105;2.62903700335853;-0.842043045632267;-0.862001048808004;20220810000000_20220811043000_16;03_10_16
2022-08-10 00:00:00;2022-08-11 06:00:00;30;16;Perturbed;135.29;27.09;528756.323990952;2996445.98950422;99612.9453125;-4.16282672858022;2.73965654308684;-0.864701176297397;-0.834084153528086;20220810000000_20220811073000_16;03_11_16
2022-08-10 00:00:00;2022-08-11 09:00:00;33;16;Perturbed;135.42;27.1;541628.510651743;2997586.77839336;99311.796875;-4.08614852073575;2.75232416749687;-0.791628175023616;-0.830887243244707;20220810000000_20220811103000_16;03_12_16
2022-08-10 00:00:00;2022-08-11 12:00:00;36;16;Perturbed;135.19;27.41;518775.274621175;3031858.03535449;99079.375;-4.22228274784482;3.1328813550485;-0.92136173075727;-0.734846569246323;20220810000000_20220811133000_16;03_13_16
2022-08-10 00:00:00;2022-08-11 15:00:00;39;16;Perturbed;135.06;27.5;505921.161657243;3041820.26364377;98884.3828125;-4.29885329265419;3.2435045978381;-0.994332131027168;-0.706928739430115;20220810000000_20220811163000_16;03_14_16
2022-08-10 00:00:00;2022-08-10 00:00:00;0;17;Perturbed;140.15;25.34;1018681.46506228;2812597.10034859;100660.1015625;-1.24437354496404;0.697997187576747;1.916512412425;-1.3492963982493;20220810000000_20220810013000_17;03_01_17
2022-08-10 00:00:00;2022-08-10 03:00:00;3;17;Perturbed;138.56;26.23;855723.919349191;2906034.28709024;100617.625;-2.21509381878301;1.73554865642048;0.991432838980311;-1.08745101564896;20220810000000_20220810043000_17;03_02_17
2022-08-10 00:00:00;2022-08-10 06:00:00;6;17;Perturbed;138.04;25.92;804526.864064123;2870366.97024525;100484.59375;-2.52006907664893;1.33948924717733;0.7007967112853;-1.18740396319893;20220810000000_20220810073000_17;03_03_17
2022-08-10 00:00:00;2022-08-10 09:00:00;9;17;Perturbed;137.91;25.86;791644.216841158;2863409.31449273;100405.65625;-2.59680959691798;1.26222958004191;0.627664327352365;-1.20690187506946;20220810000000_20220810103000_17;03_04_17
2022-08-10 00:00:00;2022-08-10 12:00:00;12;17;Perturbed;137.54;26.18;753859.804465789;2898096.90956457;100441.84375;-2.82188720818543;1.64740989713505;0.413169270188175;-1.10969446847037;20220810000000_20220810133000_17;03_05_17
2022-08-10 00:00:00;2022-08-10 15:00:00;15;17;Perturbed;136.95;26.56;694247.775508321;2939174.64281375;100211.3828125;-3.17698954370035;2.10354801468448;0.074762907482889;-0.994579543095693;20220810000000_20220810163000_17;03_06_17
2022-08-10 00:00:00;2022-08-10 18:00:00;18;17;Perturbed;136.46;26.78;645146.717907072;2962892.8935097;100011.578125;-3.46947917264582;2.36692180306734;-0.203974632547446;-0.928112276211222;20220810000000_20220810193000_17;03_07_17
2022-08-10 00:00:00;2022-08-10 21:00:00;21;17;Perturbed;136.21;26.69;620389.191405218;2952674.88801296;99975.421875;-3.61695704978122;2.2534583418749;-0.344518489879494;-0.956746887890007;20220810000000_20220810223000_17;03_08_17
2022-08-10 00:00:00;2022-08-11 00:00:00;24;17;Perturbed;135.95;26.97;594286.696076854;2983457.85166208;99695.7578125;-3.77244675908943;2.59528058913305;-0.492697484221487;-0.870481695461177;20220810000000_20220811013000_17;03_09_17
2022-08-10 00:00:00;2022-08-11 03:00:00;27;17;Perturbed;135.68;27.01;567462.105606765;2987727.15774082;99681.171875;-3.93223791016661;2.64268810371486;-0.644975677914886;-0.858517528702646;20220810000000_20220811043000_17;03_10_17
2022-08-10 00:00:00;2022-08-11 06:00:00;30;17;Perturbed;135.57;27.21;556452.75188651;3009816.40347778;99273.4765625;-3.99781942596038;2.88797298609688;-0.707473724254921;-0.796615333195202;20220810000000_20220811073000_17;03_11_17
2022-08-10 00:00:00;2022-08-11 09:00:00;33;17;Perturbed;135.43;27.41;542505.849218154;3031925.25623259;99124.9140625;-4.08089959949827;3.13347559004007;-0.786647687724113;-0.734658191608266;20220810000000_20220811103000_17;03_12_17
2022-08-10 00:00:00;2022-08-11 12:00:00;36;17;Perturbed;135.17;27.67;516757.601661859;3060664.44362983;99079.3671875;-4.23427909357958;3.45260320011915;-0.932815683579077;-0.654120412357071;20220810000000_20220811133000_17;03_13_17
2022-08-10 00:00:00;2022-08-11 15:00:00;39;17;Perturbed;134.81;27.86;481297.331667936;3081710.35084523;99011.65625;-4.44551204291966;3.68630257299159;-1.13411701820992;-0.595142035340807;20220810000000_20220811163000_17;03_14_17
2022-08-10 00:00:00;2022-08-10 00:00:00;0;18;Perturbed;140.15;25.34;1018683.67679162;2812593.53376966;100659.8125;-1.24444264971759;0.697989586391329;1.9165249679997;-1.34930639311597;20220810000000_20220810013000_18;03_01_18
2022-08-10 00:00:00;2022-08-10 03:00:00;3;18;Perturbed;140.07;25.97;1007924.69472906;2882222.05889101;100672.859375;-1.30853272893471;1.47116331980888;1.85544823483232;-1.15418164208181;20220810000000_20220810043000_18;03_02_18
2022-08-10 00:00:00;2022-08-10 06:00:00;6;18;Perturbed;138.55;25.62;856557.169182053;2838382.35610161;100508.3359375;-2.21021252046151;0.984355555052675;0.996163042767956;-1.27703662252674;20220810000000_20220810073000_18;03_03_18
2022-08-10 00:00:00;2022-08-10 09:00:00;9;18;Perturbed;138.25;25.93;825552.350479621;2871964.64566807;100458.6640625;-2.39490483384184;1.35726226470303;0.820154473576111;-1.18292668871165;20220810000000_20220810103000_18;03_04_18
2022-08-10 00:00:00;2022-08-10 12:00:00;12;18;Perturbed;137.57;26.17;756886.083258876;2897056.75676052;100549.5859375;-2.80394227624422;1.63589176574253;0.430348890087227;-1.11260935940872;20220810000000_20220810133000_18;03_05_18
2022-08-10 00:00:00;2022-08-10 15:00:00;15;18;Perturbed;136.96;26.18;695875.816790211;2897091.98919883;100369.9375;-3.16737375965956;1.63628299614437;0.0840049939908222;-1.11251062515087;20220810000000_20220810163000_18;03_06_18
2022-08-10 00:00:00;2022-08-10 18:00:00;18;18;Perturbed;136.56;26.3;655737.434883259;2909839.51874387;100227.4765625;-3.40647370992493;1.77783496773954;-0.143853108871245;-1.07678735621128;20220810000000_20220810193000_18;03_07_18
2022-08-10 00:00:00;2022-08-10 21:00:00;21;18;Perturbed;136.2;26.38;619705.729540219;2918327.01616945;100126.84375;-3.62111063713015;1.87208240527278;-0.348398375329242;-1.05300226498347;20220810000000_20220810223000_18;03_08_18
2022-08-10 00:00:00;2022-08-11 00:00:00;24;18;Perturbed;135.93;26.5;592670.538511363;2931392.0727755;100154.2109375;-3.78215631269822;2.01716028213152;-0.501872109089342;-1.0163891683674;20220810000000_20220811013000_18;03_09_18
2022-08-10 00:00:00;2022-08-11 03:00:00;27;18;Perturbed;135.68;26.65;567680.533212383;2947847.35318309;99990.609375;-3.93101904059714;2.19988410925541;-0.643735705164007;-0.97027541704018;20220810000000_20220811043000_18;03_10_18
2022-08-10 00:00:00;2022-08-11 06:00:00;30;18;Perturbed;135.53;26.78;552691.97591694;2962170.78833926;99794.296875;-4.02030423680156;2.35893535751553;-0.728822947542046;-0.930135880637089;20220810000000_20220811073000_18;03_11_18
2022-08-10 00:00:00;2022-08-11 09:00:00;33;18;Perturbed;135.42;26.8;541734.89814424;2964349.05991344;99606.9296875;-4.08557435049423;2.38312346666292;-0.791024233084329;-0.924031562071442;20220810000000_20220811103000_18;03_12_18
2022-08-10 00:00:00;2022-08-11 12:00:00;36;18;Perturbed;135.19;26.93;518868.761261917;2978702.80702079;99567.75;-4.22178542656598;2.54251130692205;-0.920831024545651;-0.883807080426204;20220810000000_20220811133000_18;03_13_18
2022-08-10 00:00:00;2022-08-11 15:00:00;39;18;Perturbed;135.07;27.02;506934.596788554;2988658.74275858;99380.3828125;-4.29287593885057;2.65306467553985;-0.9885790489291;-0.855906884654955;20220810000000_20220811163000_18;03_14_18
2022-08-10 00:00:00;2022-08-10 00:00:00;0;19;Perturbed;140.15;25.34;1018689.84562075;2812589.31516883;100660.1015625;-1.24438002896615;0.698002677355166;1.91655998729132;-1.34931821518796;20220810000000_20220810013000_19;03_01_19
2022-08-10 00:00:00;2022-08-10 03:00:00;3;19;Perturbed;139.78;26.1;978309.842967737;2895550.81588508;100708.671875;-1.4849192875848;1.61922933161668;1.68733024854875;-1.11682955993545;20220810000000_20220810043000_19;03_02_19
2022-08-10 00:00:00;2022-08-10 06:00:00;6;19;Perturbed;137.96;25.98;796364.721977629;2876831.09205749;100622.671875;-2.5687464702702;1.41136052016194;0.654461754001009;-1.16928911505198;20220810000000_20220810073000_19;03_03_19
2022-08-10 00:00:00;2022-08-10 09:00:00;9;19;Perturbed;137.7;26.08;770091.335052977;2887343.31337715;100578.515625;-2.72525416212359;1.5280910324063;0.505312639961231;-1.13983000236447;20220810000000_20220810103000_19;03_04_19
2022-08-10 00:00:00;2022-08-10 12:00:00;12;19;Perturbed;136.68;25.54;668798.938670367;2825801.44282118;100686.3046875;-3.32864188695732;0.844713670379263;-0.0697053896045485;-1.31229297137728;20220810000000_20220810133000_19;03_05_19
2022-08-10 00:00:00;2022-08-10 15:00:00;15;19;Perturbed;136.31;26.06;631042.57067714;2882992.73386112;100466.4453125;-3.55355244090813;1.47978103587711;-0.284041244045377;-1.15202192720335;20220810000000_20220810163000_19;03_06_19
2022-08-10 00:00:00;2022-08-10 18:00:00;18;19;Perturbed;135.72;26.09;571996.882337037;2885859.21495168;100201.375;-3.90528114731765;1.51161120724297;-0.619232596764825;-1.14398899230826;20220810000000_20220810193000_19;03_07_19
2022-08-10 00:00:00;2022-08-10 21:00:00;21;19;Perturbed;135.4;26.2;539962.774330983;2897884.59747243;100141.09375;-4.09610482448528;1.64514426547067;-0.801084249232004;-1.11028944508446;20220810000000_20220810223000_19;03_08_19
2022-08-10 00:00:00;2022-08-11 00:00:00;24;19;Perturbed;134.81;26.32;481030.387074849;2911145.03974569;100188.59375;-4.44715860873165;1.79239175694511;-1.1356324128437;-1.07312880592596;20220810000000_20220811013000_19;03_09_19
2022-08-10 00:00:00;2022-08-11 03:00:00;27;19;Perturbed;134.47;26.4;447140.038391995;2920095.08304518;100036.765625;-4.64903970855603;1.89177542735972;-1.32802159719374;-1.04804749094027;20220810000000_20220811043000_19;03_10_19
2022-08-10 00:00:00;2022-08-11 06:00:00;30;19;Perturbed;134.14;26.33;414170.404631557;2912520.90936454;99918.015625;-4.84543621030497;1.80766978054318;-1.51518405476679;-1.06927311292707;20220810000000_20220811073000_19;03_11_19
2022-08-10 00:00:00;2022-08-11 09:00:00;33;19;Perturbed;134.08;26.19;408073.788923018;2897046.86634424;99653.421875;-4.8817530831694;1.63584187535321;-1.54979340430278;-1.11263707599487;20220810000000_20220811103000_19;03_12_19
2022-08-10 00:00:00;2022-08-11 12:00:00;36;19;Perturbed;133.95;26.2;395086.130225578;2898263.86601657;99493.1484375;-4.95911914530465;1.64935576464766;-1.6235219187775;-1.10922659505105;20220810000000_20220811133000_19;03_13_19
2022-08-10 00:00:00;2022-08-11 15:00:00;39;19;Perturbed;133.66;26.32;366251.65468899;2911822.00286667;99193.65625;-5.1308829618608;1.79990893618627;-1.78720985487868;-1.07123170613517;20220810000000_20220811163000_19;03_14_19
2022-08-10 00:00:00;2022-08-10 00:00:00;0;20;Perturbed;140.15;25.34;1018691.4820766;2812586.12401847;100659.8515625;-1.2443491692119;0.698038822642385;1.91656927714576;-1.34932715796562;20220810000000_20220810013000_20;03_01_20
2022-08-10 00:00:00;2022-08-10 03:00:00;3;20;Perturbed;140.25;26.14;1025244.33445578;2901810.81520258;100605.7265625;-1.20531454440834;1.68881361609967;1.95376859711133;-1.09928673813689;20220810000000_20220810043000_20;03_02_20
2022-08-10 00:00:00;2022-08-10 06:00:00;6;20;Perturbed;138.18;25.92;818566.270930786;2870691.99612579;100480.0625;-2.43647316022719;1.34326194050102;0.780495803823767;-1.1864931210705;20220810000000_20220810073000_20;03_03_20
2022-08-10 00:00:00;2022-08-10 09:00:00;9;20;Perturbed;138.26;26;826368.108367754;2879762.15777041;100389.4140625;-2.38999846806141;1.44397943709091;0.824785378858134;-1.16107519027762;20220810000000_20220810103000_20;03_04_20
2022-08-10 00:00:00;2022-08-10 12:00:00;12;20;Perturbed;138.26;26.36;825359.777912846;2919661.35990696;100403.671875;-2.39600498227962;1.88703083050381;0.819061275055291;-1.04926294278583;20220810000000_20220810133000_20;03_05_20
2022-08-10 00:00:00;2022-08-10 15:00:00;15;20;Perturbed;137.88;26.83;786234.225734453;2970854.01965368;100290.1328125;-2.62907161664583;2.45548779251711;0.596952817532857;-0.905802271021686;20220810000000_20220810163000_20;03_06_20
2022-08-10 00:00:00;2022-08-10 18:00:00;18;20;Perturbed;137.43;27.09;740945.528173711;2998734.34218969;100154.4375;-2.89885143386566;2.76507833786444;0.339857333932971;-0.827671347178205;20220810000000_20220810193000_20;03_07_20
2022-08-10 00:00:00;2022-08-10 21:00:00;21;20;Perturbed;137.22;27.39;719527.352000401;3031594.11446095;100102.046875;-3.02643716638684;3.12996202256034;0.218270345176689;-0.735586172714237;20220810000000_20220810223000_20;03_08_20
2022-08-10 00:00:00;2022-08-11 00:00:00;24;20;Perturbed;136.91;27.7;688327.627814381;3065427.85054134;100075.3359375;-3.21229051041212;3.50566086143637;0.0411553339306832;-0.64077159323354;20220810000000_20220811013000_20;03_09_20
2022-08-10 00:00:00;2022-08-11 03:00:00;27;20;Perturbed;136.64;27.77;661602.359860141;3072798.49946965;99929.234375;-3.37149000812732;3.58750651506295;-0.11055902437729;-0.620116322500888;20220810000000_20220811043000_20;03_10_20
2022-08-10 00:00:00;2022-08-11 06:00:00;30;20;Perturbed;136.64;27.89;661434.416731495;3086104.52710352;99525.8359375;-3.37249042697329;3.7352601985527;-0.111512406174563;-0.582827936386319;20220810000000_20220811073000_20;03_11_20
2022-08-10 00:00:00;2022-08-11 09:00:00;33;20;Perturbed;136.54;28.09;651293.496896914;3108129.18526031;99380.796875;-3.43289877710844;3.97982788319994;-0.169080515425717;-0.521106739047064;20220810000000_20220811103000_20;03_12_20
2022-08-10 00:00:00;2022-08-11 12:00:00;36;20;Perturbed;136.47;28.39;644027.708730984;3141277.36490049;99149.609375;-3.47618028240529;4.34791412032366;-0.210327038793909;-0.428213341000035;20220810000000_20220811133000_20;03_13_20
2022-08-10 00:00:00;2022-08-11 15:00:00;39;20;Perturbed;136.4;28.77;636666.226648915;3183299.39271104;98986.9921875;-3.52003182589258;4.81453793680447;-0.252116798664197;-0.310452154759304;20220810000000_20220811163000_20;03_14_20
2022-08-10 06:00:00;2022-08-10 06:00:00;0;0;Unperturbed;138.57;25.91;857694.529547092;2870594.72216663;100617;-2.54554001362129;1.00864697101775;1.00261962528912;-1.18676571850138;20220810060000_20220810073000_00;04_01_00
2022-08-10 06:00:00;2022-08-10 09:00:00;3;0;Unperturbed;138.18;26.26;817641.564594815;2908384.85670836;100608.859375;-2.82118303062923;1.32404736882759;0.775246418536953;-1.08086385455768;20220810060000_20220810103000_00;04_02_00
2022-08-10 06:00:00;2022-08-10 12:00:00;6;0;Unperturbed;137.81;26.6;779837.152326252;2945215.43904806;100640.3046875;-3.08135159159181;1.63143924404524;0.560637825711785;-0.97765100900404;20220810060000_20220810133000_00;04_03_00
2022-08-10 06:00:00;2022-08-10 15:00:00;9;0;Unperturbed;137.28;26.7;726839.516131543;2955245.64824097;100551.359375;-3.44607935525189;1.71515241437191;0.259780136244011;-0.949542671678553;20220810060000_20220810163000_00;04_04_00
2022-08-10 06:00:00;2022-08-10 18:00:00;12;0;Unperturbed;136.92;26.72;690993.198593333;2956855.31053891;100323.0078125;-3.69277238101489;1.72858682351774;0.0562872817542018;-0.945031805555984;20220810060000_20220810193000_00;04_05_00
2022-08-10 06:00:00;2022-08-10 21:00:00;15;0;Unperturbed;136.44;27.17;642666.553748198;3006092.13800875;100297.7578125;-4.02535455571422;2.13952251240059;-0.218054061592131;-0.807052095587688;20220810060000_20220810223000_00;04_06_00
2022-08-10 06:00:00;2022-08-11 00:00:00;18;0;Unperturbed;136.01;27.29;599950.877821253;3018959.22071185;100332.2890625;-4.31932225074169;2.2469125244348;-0.460542981592641;-0.770993794703052;20220810060000_20220811013000_00;04_07_00
2022-08-10 06:00:00;2022-08-11 03:00:00;21;0;Unperturbed;135.59;27.3;558387.947325478;3019805.17525218;100158.6875;-4.60535679453132;2.25397294911403;-0.696487980922946;-0.768623118765555;20220810060000_20220811043000_00;04_08_00
2022-08-10 06:00:00;2022-08-11 06:00:00;24;0;Unperturbed;135.53;27.31;552435.379859274;3020885.0465898;99791.78125;-4.64632214272172;2.26298566774014;-0.730279595471631;-0.765596921879523;20220810060000_20220811073000_00;04_09_00
2022-08-10 06:00:00;2022-08-11 09:00:00;27;0;Unperturbed;135.22;27.53;521725.21531451;3045159.91555229;99647.734375;-4.8576683543696;2.465586251739;-0.904615468003155;-0.697569805773921;20220810060000_20220811103000_00;04_10_00
2022-08-10 06:00:00;2022-08-11 12:00:00;30;0;Unperturbed;135.14;27.59;513825.429605804;3051790.05337293;99475.9921875;-4.9120343861742;2.52092207235793;-0.949461077095602;-0.678989719676715;20220810060000_20220811133000_00;04_11_00
2022-08-10 06:00:00;2022-08-11 15:00:00;33;0;Unperturbed;134.88;27.84;488181.305144883;3079481.25545437;99323.796875;-5.08851629814646;2.75203572829565;-1.09503798557114;-0.601388780944208;20220810060000_20220811163000_00;04_12_00
2022-08-10 06:00:00;2022-08-11 18:00:00;36;0;Unperturbed;134.68;28;468530.942427932;3097252.35567116;99176.5859375;-5.22374936443891;2.90035518113336;-1.20658942727139;-0.551587618283356;20220810060000_20220811193000_00;04_13_00
2022-08-10 06:00:00;2022-08-11 21:00:00;39;0;Unperturbed;134.53;28.14;453843.822146585;3112810.23876937;99130.453125;-5.32482558065243;3.03020289344667;-1.28996546797908;-0.507988704463669;20220810060000_20220811223000_00;04_14_00
2022-08-10 06:00:00;2022-08-10 06:00:00;0;1;Perturbed;138.57;25.91;857695.968850191;2870586.07405932;100616.9765625;-2.54550718268267;1.00868581233291;1.00262779594419;-1.1867899536806;20220810060000_20220810073000_01;04_01_01
2022-08-10 06:00:00;2022-08-10 09:00:00;3;1;Perturbed;137.23;26.2;722837.607717442;2899744.66963192;100441.59375;-3.47359741459607;1.25204648714128;0.237062049073017;-1.10507683837773;20220810060000_20220810103000_01;04_02_01
2022-08-10 06:00:00;2022-08-10 12:00:00;6;1;Perturbed;137.96;26.71;794513.74661521;2957740.84412574;100542.1171875;-2.98032488915877;1.73608859835944;0.643954112325197;-0.94255021456491;20220810060000_20220810133000_01;04_03_01
2022-08-10 06:00:00;2022-08-10 15:00:00;9;1;Perturbed;137.46;27.32;743411.578188835;3024275.41915047;100461.40625;-3.33200811404555;2.29139308947567;0.353856639617784;-0.756095850290522;20220810060000_20220810163000_01;04_04_01
2022-08-10 06:00:00;2022-08-10 18:00:00;12;1;Perturbed;137.19;26.82;717666.314725346;2968385.81631368;100210.2109375;-3.50918606087661;1.8249326446553;0.207705583900742;-0.912719085091491;20220810060000_20220810193000_01;04_05_01
2022-08-10 06:00:00;2022-08-10 21:00:00;15;1;Perturbed;136.72;27.48;669933.66745617;3040774.81406868;100102.703125;-3.83768036632261;2.42909875747418;-0.0632637460675613;-0.709858473870189;20220810060000_20220810223000_01;04_06_01
2022-08-10 06:00:00;2022-08-11 00:00:00;18;1;Perturbed;136.47;27.8;644800.280222061;3075916.9525132;100090.4609375;-4.01064740367162;2.72239870413229;-0.205941294627884;-0.611377269466597;20220810060000_20220811013000_01;04_07_01
2022-08-10 06:00:00;2022-08-11 03:00:00;21;1;Perturbed;136.17;28.08;614964.801645885;3106623.52250828;99874.09375;-4.21597405897446;2.97867893465458;-0.375311738162675;-0.525326160169655;20220810060000_20220811043000_01;04_08_01
2022-08-10 06:00:00;2022-08-11 06:00:00;24;1;Perturbed;136.21;28.18;618777.575683811;3117727.47836687;99370.1953125;-4.18973468967344;3.07135370645767;-0.35366733154615;-0.494208789542801;20220810060000_20220811073000_01;04_09_01
2022-08-10 06:00:00;2022-08-11 09:00:00;27;1;Perturbed;135.83;28.58;581174.785942259;3161743.2686811;99324.9453125;-4.44851569189453;3.43871407559553;-0.567131350915279;-0.370860347052234;20220810060000_20220811103000_01;04_10_01
2022-08-10 06:00:00;2022-08-11 12:00:00;30;1;Perturbed;135.69;28.87;567300.220826418;3193770.10058183;99242.859375;-4.54399993364194;3.70601334945562;-0.645894667599558;-0.281109378032686;20220810060000_20220811133000_01;04_11_01
2022-08-10 06:00:00;2022-08-11 15:00:00;33;1;Perturbed;135.47;29.16;545714.761926218;3225797.42317386;99078.2421875;-4.69255025998711;3.97331671867638;-0.768431289175603;-0.191357033915543;20220810060000_20220811163000_01;04_12_01
2022-08-10 06:00:00;2022-08-11 18:00:00;36;1;Perturbed;135.34;29.38;532991.46715301;3250145.26692387;98964.296875;-4.7801115020012;4.17652635785049;-0.840659058992001;-0.123125415600203;20220810060000_20220811193000_01;04_13_01
2022-08-10 06:00:00;2022-08-11 21:00:00;39;1;Perturbed;135.42;29.71;540624.400427049;3286732.66215451;98719.578125;-4.72758193873957;4.48188856813381;-0.797328321367173;-0.0205940698202498;20220810060000_20220811223000_01;04_14_01
2022-08-10 06:00:00;2022-08-10 06:00:00;0;2;Perturbed;138.57;25.91;857697.004382663;2870597.40369841;100617.015625;-2.54560016318055;1.00874307701714;1.00263367446877;-1.18675820386251;20220810060000_20220810073000_02;04_01_02
2022-08-10 06:00:00;2022-08-10 09:00:00;3;2;Perturbed;138.19;26.11;819051.688453146;2891786.30300017;100686.9609375;-2.81155579190191;1.18558783689876;0.783251428502346;-1.12737911039848;20220810060000_20220810103000_02;04_02_02
2022-08-10 06:00:00;2022-08-10 12:00:00;6;2;Perturbed;137.81;26.6;779833.555939017;2945207.52430271;100770.859375;-3.08145352308091;1.63144691241234;0.560617409692661;-0.977673189033167;20220810060000_20220810133000_02;04_03_02
2022-08-10 06:00:00;2022-08-10 15:00:00;9;2;Perturbed;137.05;26.87;703654.881748881;2973675.76777165;100751.953125;-3.60571232915066;1.86904583668016;0.128165293916026;-0.897894694377771;20220810060000_20220810163000_02;04_04_02
2022-08-10 06:00:00;2022-08-10 18:00:00;12;2;Perturbed;136.24;27.11;622918.234261624;2999224.01108407;100643.359375;-4.16133893814229;2.08227413559452;-0.330161585591385;-0.826299114735564;20220810060000_20220810193000_02;04_05_02
2022-08-10 06:00:00;2022-08-10 21:00:00;15;2;Perturbed;135.66;26.42;565814.433205778;2922370.8126011;100691.515625;-4.55432517585052;1.44084933866193;-0.654329206622081;-1.04167005924475;20220810060000_20220810223000_02;04_06_02
2022-08-10 06:00:00;2022-08-11 00:00:00;18;2;Perturbed;135.08;27.01;507936.383634817;2987537.49656317;100675.9375;-4.9526397630798;1.98473726853651;-0.982892091971273;-0.859049029118683;20220810060000_20220811013000_02;04_07_02
2022-08-10 06:00:00;2022-08-11 03:00:00;21;2;Perturbed;134.75;26.86;475173.925499494;2970948.39207509;100565.4140625;-5.17810978298411;1.84628287512668;-1.16887845218675;-0.905537804767395;20220810060000_20220811043000_02;04_08_02
2022-08-10 06:00:00;2022-08-11 06:00:00;24;2;Perturbed;134.42;26.91;442411.935796384;2976606.59417273;100477.2734375;-5.40357657915534;1.89350681899792;-1.35486215319997;-0.889681440243238;20220810060000_20220811073000_02;04_09_02
2022-08-10 06:00:00;2022-08-11 09:00:00;27;2;Perturbed;134.04;27;404758.555726159;2986807.04064773;100474.6328125;-5.66270574213915;1.97864080740697;-1.56861336442306;-0.861096035405174;20220810060000_20220811103000_02;04_10_02
2022-08-10 06:00:00;2022-08-11 12:00:00;30;2;Perturbed;133.93;26.83;393676.529317995;2968046.45544315;100476.5859375;-5.73897183623101;1.82206300983033;-1.6315239600491;-0.91367009913722;20220810060000_20220811133000_02;04_11_02
2022-08-10 06:00:00;2022-08-11 15:00:00;33;2;Perturbed;133.94;26.9;394744.071243105;2975796.30682046;100253.875;-5.73162505235695;1.88674407638414;-1.62546372378085;-0.891952163594078;20220810060000_20220811163000_02;04_12_02
2022-08-10 06:00:00;2022-08-11 18:00:00;36;2;Perturbed;133.84;27.3;385212.187290071;3020197.82203905;99709.609375;-5.79722312365365;2.25732374573773;-1.67957444999982;-0.767522777972784;20220810060000_20220811193000_02;04_13_02
2022-08-10 06:00:00;2022-08-11 21:00:00;39;2;Perturbed;133.41;27.47;342903.732384357;3039502.22874022;99516.9921875;-6.08838833873949;2.41844033415074;-1.91975165226446;-0.713424726278262;20220810060000_20220811223000_02;04_14_02
2022-08-10 06:00:00;2022-08-10 06:00:00;0;3;Perturbed;138.57;25.91;857686.115200861;2870592.87087044;100617.3984375;-2.54559139767523;1.00872648672586;1.00257185861598;-1.18677090651459;20220810060000_20220810073000_03;04_01_03
2022-08-10 06:00:00;2022-08-10 09:00:00;3;3;Perturbed;138.58;26.38;857253.669917941;2922738.02677128;100642.8984375;-2.54856747004883;1.44393538752561;1.00011694745423;-1.04064099000328;20220810060000_20220810103000_03;04_02_03
2022-08-10 06:00:00;2022-08-10 12:00:00;6;3;Perturbed;138.41;26.79;839065.87794179;2967733.18984703;100752.3203125;-2.67373517883125;1.81946970370906;0.896868246882722;-0.914547984620853;20220810060000_20220810133000_03;04_03_03
2022-08-10 06:00:00;2022-08-10 15:00:00;9;3;Perturbed;138.06;27.09;803442.590917411;3000102.11585959;100744.1953125;-2.91889331688269;2.0896241306473;0.694641494994647;-0.82383834200761;20220810060000_20220810163000_03;04_04_03
2022-08-10 06:00:00;2022-08-10 18:00:00;12;3;Perturbed;137.78;27.61;774386.038292816;3057083.40752811;100618.1484375;-3.11885943272046;2.56519592413012;0.529692868712199;-0.664155793353218;20220810060000_20220810193000_03;04_05_03
2022-08-10 06:00:00;2022-08-10 21:00:00;15;3;Perturbed;136.75;28.14;671850.036263668;3113953.51687985;100712.8046875;-3.82450838991807;3.03983977842022;-0.0523848780087342;-0.504784818466069;20220810060000_20220810223000_03;04_06_03
2022-08-10 06:00:00;2022-08-11 00:00:00;18;3;Perturbed;136.23;28.34;620550.423845124;3135490.70240412;100792.5625;-4.17755041702478;3.2195913713805;-0.343603203409749;-0.444429698835492;20220810060000_20220811013000_03;04_07_03
2022-08-10 06:00:00;2022-08-11 03:00:00;21;3;Perturbed;136.55;27.38;653273.158810916;3029469.45726511;100646.453125;-3.95235377049763;2.33472701991295;-0.157842344213971;-0.741540244061422;20220810060000_20220811043000_03;04_08_03
2022-08-10 06:00:00;2022-08-11 06:00:00;24;3;Perturbed;136.3;28.05;627760.404974596;3103414.92436882;100563.84375;-4.12793159471122;2.9518835879847;-0.302673486171985;-0.534317832936539;20220810060000_20220811073000_03;04_09_03
2022-08-10 06:00:00;2022-08-11 09:00:00;27;3;Perturbed;136;28.57;597793.309138123;3160763.66005103;100600.9921875;-4.33416403511043;3.4305221074662;-0.472791096329112;-0.373605570934541;20220810060000_20220811103000_03;04_10_03
2022-08-10 06:00:00;2022-08-11 12:00:00;30;3;Perturbed;135.82;28.69;580100.383117697;3173925.67455565;100616.09375;-4.45592609476766;3.54037365102587;-0.573230535229234;-0.336720762605678;20220810060000_20220811133000_03;04_11_03
2022-08-10 06:00:00;2022-08-11 15:00:00;33;3;Perturbed;135.63;28.25;561797.422114007;3125066.12432866;100553.5625;-4.58188639251958;3.13258675729606;-0.677133028875518;-0.473643202899617;20220810060000_20220811163000_03;04_12_03
2022-08-10 06:00:00;2022-08-11 18:00:00;36;3;Perturbed;135.57;29.02;555500.46315133;3210342.47787598;100368.734375;-4.62522183019606;3.84431208346282;-0.712879689674205;-0.234667478137061;20220810060000_20220811193000_03;04_13_03
2022-08-10 06:00:00;2022-08-11 21:00:00;39;3;Perturbed;135.35;29.69;533866.479163054;3284489.68328059;100438.609375;-4.77410610439486;4.46315238040003;-0.835691779118775;-0.0268797220523545;20220810060000_20220811223000_03;04_14_03
2022-08-10 06:00:00;2022-08-10 06:00:00;0;4;Perturbed;138.57;25.91;857687.42702799;2870584.61730296;100616.7890625;-2.54558589406681;1.00869223554425;1.00257930561376;-1.18679403604801;20220810060000_20220810073000_04;04_01_04
2022-08-10 06:00:00;2022-08-10 09:00:00;3;4;Perturbed;137.68;25.92;768444.222972558;2869564.05621363;100535.375;-3.159754309379;1.000174526426;0.495962292089324;-1.18965402379189;20220810060000_20220810103000_04;04_02_04
2022-08-10 06:00:00;2022-08-10 12:00:00;6;4;Perturbed;137.28;26.2;727819.105761018;2899838.83512362;100494.1015625;-3.43933485698223;1.25285098359161;0.265341083744908;-1.10481295201663;20220810060000_20220810133000_04;04_03_04
2022-08-10 06:00:00;2022-08-10 15:00:00;9;4;Perturbed;136.68;26.32;667683.50918209;2912210.44553785;100214.65625;-3.85318579886227;1.35610573231146;-0.0760374746314047;-1.0701431468217;20220810060000_20220810163000_04;04_04_04
2022-08-10 06:00:00;2022-08-10 18:00:00;12;4;Perturbed;136.15;26.42;614686.615141561;2922705.30049093;99968.2265625;-4.21790845504484;1.44369688453412;-0.376890951028407;-1.04073270108424;20220810060000_20220810193000_04;04_05_04
2022-08-10 06:00:00;2022-08-10 21:00:00;15;4;Perturbed;135.81;26.53;580702.570058672;2934626.40612841;99903.265625;-4.45178539094566;1.54319167347808;-0.569812032354431;-1.00732537606177;20220810060000_20220810223000_04;04_06_04
2022-08-10 06:00:00;2022-08-11 00:00:00;18;4;Perturbed;135.45;26.68;544776.213816736;2951080.43209579;99868.9765625;-4.69902924009462;1.68051868748896;-0.773759251627281;-0.961215140137637;20220810060000_20220811013000_04;04_07_04
2022-08-10 06:00:00;2022-08-11 03:00:00;21;4;Perturbed;135.04;26.91;503977.287231145;2976472.41515679;99689.109375;-4.97980593735379;1.89244282207431;-1.00536714334928;-0.890057459224447;20220810060000_20220811043000_04;04_08_04
2022-08-10 06:00:00;2022-08-11 06:00:00;24;4;Perturbed;134.68;26.87;468211.005765218;2972079.48624185;99470.1484375;-5.22594815784034;1.85577897993338;-1.20840564799427;-0.902368062663833;20220810060000_20220811073000_04;04_09_04
2022-08-10 06:00:00;2022-08-11 09:00:00;27;4;Perturbed;134.6;26.75;460224.976041696;2958805.07530527;99255.578125;-5.28090771775131;1.74498936404927;-1.25374084826268;-0.939567847157477;20220810060000_20220811103000_04;04_10_04
2022-08-10 06:00:00;2022-08-11 12:00:00;30;4;Perturbed;134.48;26.89;448362.623527352;2974348.23366737;98939.640625;-5.36254398712017;1.87471418218172;-1.3210812095574;-0.896010197467166;20220810060000_20220811133000_04;04_11_04
2022-08-10 06:00:00;2022-08-11 15:00:00;33;4;Perturbed;134.31;27;431538.323113005;2986618.44843258;98607.046875;-5.47832819762205;1.97712267225699;-1.41658962300768;-0.86162454019488;20220810060000_20220811163000_04;04_12_04
2022-08-10 06:00:00;2022-08-11 18:00:00;36;4;Perturbed;134.18;27.2;418779.706061539;3008855.35895301;98300.3125;-5.56613252624304;2.1627142428945;-1.48901791080538;-0.799308533622802;20220810060000_20220811193000_04;04_13_04
2022-08-10 06:00:00;2022-08-11 21:00:00;39;4;Perturbed;134.19;27.39;419904.926933355;3029887.29975507;98071.8984375;-5.55838879800028;2.3382490107943;-1.48263024192159;-0.740369295636416;20220810060000_20220811223000_04;04_14_04
2022-08-10 06:00:00;2022-08-10 06:00:00;0;5;Perturbed;138.57;25.91;857699.482342672;2870590.49706908;100617.1484375;-2.5455926937408;1.00863235162704;1.00264774138526;-1.18677755877955;20220810060000_20220810073000_05;04_01_05
2022-08-10 06:00:00;2022-08-10 09:00:00;3;5;Perturbed;137.21;26.41;720428.976040569;2922989.37644074;100499.5703125;-3.49028321910897;1.44595885493334;0.223388696578191;-1.03993661573152;20220810060000_20220810103000_05;04_02_05
2022-08-10 06:00:00;2022-08-10 12:00:00;6;5;Perturbed;136.86;26.07;686045.587127341;2884754.89614904;100278.6875;-3.72690842441629;1.12684990122648;0.0282006148588378;-1.14708369998808;20220810060000_20220810133000_05;04_03_05
2022-08-10 06:00:00;2022-08-10 15:00:00;9;5;Perturbed;136.58;26.22;657843.786983188;2901018.58164658;99969.5;-3.92099216543401;1.26258831385672;-0.131895741118809;-1.10150686810669;20220810060000_20220810163000_05;04_04_05
2022-08-10 06:00:00;2022-08-10 18:00:00;12;5;Perturbed;136.32;26.4;631652.953091292;2920655.67492689;99739.28125;-4.10123651140235;1.42648153910042;-0.28057621699891;-1.04647650618711;20220810060000_20220810193000_05;04_05_05
2022-08-10 06:00:00;2022-08-10 21:00:00;15;5;Perturbed;136.04;26.61;603534.860751242;2943669.79924996;99792.484375;-4.29474417842161;1.61855981706278;-0.440197379395457;-0.981982460521458;20220810060000_20220810223000_05;04_06_05
2022-08-10 06:00:00;2022-08-11 00:00:00;18;5;Perturbed;135.7;26.91;569508.049325462;2976656.65244206;99526.5703125;-4.52891543070562;1.89387152858353;-0.633361237268382;-0.889541158550875;20220810060000_20220811013000_05;04_07_05
2022-08-10 06:00:00;2022-08-11 03:00:00;21;5;Perturbed;135.42;27.03;541652.825904486;2989836.82513997;99713.5;-4.72061404358826;2.00387462231507;-0.791490141871871;-0.852605464282129;20220810060000_20220811043000_05;04_08_05
2022-08-10 06:00:00;2022-08-11 06:00:00;24;5;Perturbed;135.26;27.16;525757.074044823;3004183.30738612;99194.6171875;-4.83000801742833;2.12361185697909;-0.881727358476796;-0.812401341451471;20220810060000_20220811073000_05;04_09_05
2022-08-10 06:00:00;2022-08-11 09:00:00;27;5;Perturbed;135.06;27.3;505931.440646355;3019661.83375458;99302.28125;-4.96644729004045;2.25279724976278;-0.994273779124399;-0.769024814392233;20220810060000_20220811103000_05;04_10_05
2022-08-10 06:00:00;2022-08-11 12:00:00;30;5;Perturbed;134.93;27.6;493095.226870766;3052900.62307861;99096.328125;-5.05478563643448;2.53021164647365;-1.06714256904268;-0.675877494666231;20220810060000_20220811133000_05;04_11_05
2022-08-10 06:00:00;2022-08-11 15:00:00;33;5;Perturbed;134.66;27.78;466496.556463494;3072874.27138444;99028.9296875;-5.23783669815229;2.69691379500444;-1.21813825670404;-0.619903981711199;20220810060000_20220811163000_05;04_12_05
2022-08-10 06:00:00;2022-08-11 18:00:00;36;5;Perturbed;134.56;27.83;456664.132324406;3078449.8351944;98811.4453125;-5.30550307584565;2.7434480311219;-1.27395509346795;-0.60427920008043;20220810060000_20220811193000_05;04_13_05
2022-08-10 06:00:00;2022-08-11 21:00:00;39;5;Perturbed;134.69;27.91;469488.00816655;3087280.17623898;98522.25;-5.21724963865129;2.81714697694547;-1.20115634369515;-0.579533334864025;20220810060000_20220811223000_05;04_14_05
2022-08-10 06:00:00;2022-08-10 06:00:00;0;6;Perturbed;138.57;25.91;857703.053181578;2870582.96650648;100617.1328125;-2.54558250134455;1.00857903500604;1.00266801237129;-1.18679866218726;20220810060000_20220810073000_06;04_01_06
2022-08-10 06:00:00;2022-08-10 09:00:00;3;6;Perturbed;138.46;25.99;846419.519463757;2879171.85042044;100648.5;-2.62323536125634;1.0802627544756;0.938613497356634;-1.16272944870827;20220810060000_20220810103000_06;04_02_06
2022-08-10 06:00:00;2022-08-10 12:00:00;6;6;Perturbed;138.42;26.12;842042.612730818;2893461.9705147;100644.796875;-2.65335707080936;1.19952958475122;0.913766614717378;-1.12268327336875;20220810060000_20220810133000_06;04_03_06
2022-08-10 06:00:00;2022-08-10 15:00:00;9;6;Perturbed;138.21;26.52;819932.603453681;2937270.10961015;100584.671875;-2.80551733336384;1.56515687519536;0.788252218550881;-0.999916746009872;20220810060000_20220810163000_06;04_04_06
2022-08-10 06:00:00;2022-08-10 18:00:00;12;6;Perturbed;137.78;27.09;775668.027461503;2999443.76301034;100463.078125;-3.11014450110533;2.08406466034906;0.536970481958889;-0.825683288968347;20220810060000_20220810193000_06;04_05_06
2022-08-10 06:00:00;2022-08-10 21:00:00;15;6;Perturbed;136.68;26.36;667627.905199959;2916637.79125491;100663.984375;-3.85367260928814;1.39295739784773;-0.0763531280603176;-1.0577360948372;20220810060000_20220810223000_06;04_06_06
2022-08-10 06:00:00;2022-08-11 00:00:00;18;6;Perturbed;136.75;26.2;674859.065430519;2899018.09969283;100653.3046875;-3.80390803318761;1.24590161740772;-0.0353031810184405;-1.10711295472843;20220810060000_20220811013000_06;04_07_06
2022-08-10 06:00:00;2022-08-11 03:00:00;21;6;Perturbed;135.98;27.67;596659.972280163;3061022.28027924;100428.0703125;-4.3420712874918;2.59800537738204;-0.479224838151512;-0.653117622379762;20220810060000_20220811043000_06;04_08_06
2022-08-10 06:00:00;2022-08-11 06:00:00;24;6;Perturbed;135.94;27.32;593000.774751099;3022227.55899642;100120.6640625;-4.36725374896354;2.2742205940278;-0.499997419589975;-0.76183470806492;20220810060000_20220811073000_06;04_09_06
2022-08-10 06:00:00;2022-08-11 09:00:00;27;6;Perturbed;135.81;27.61;579923.354483569;3054260.04774981;99916.1875;-4.45725206947533;2.54156708056919;-0.574235493745453;-0.672067886462477;20220810060000_20220811103000_06;04_10_06
2022-08-10 06:00:00;2022-08-11 12:00:00;30;6;Perturbed;135.35;27.89;534456.421158356;3085074.56948033;99828.390625;-4.77015381572041;2.798748287516;-0.832342788515221;-0.585714256676057;20220810060000_20220811133000_06;04_11_06
2022-08-10 06:00:00;2022-08-11 15:00:00;33;6;Perturbed;135.17;28.06;516714.959065692;3103866.54866125;99684.578125;-4.89224989882389;2.9555881024881;-0.933057757638917;-0.533052215469161;20220810060000_20220811163000_06;04_12_06
2022-08-10 06:00:00;2022-08-11 18:00:00;36;6;Perturbed;134.92;28.37;492154.475948149;3138188.33921151;99505.3203125;-5.06127423132359;3.24204134020141;-1.07248303645341;-0.4368699277574;20220810060000_20220811193000_06;04_13_06
2022-08-10 06:00:00;2022-08-11 21:00:00;39;6;Perturbed;134.58;28.54;458917.305505784;3157101.71203084;99580.21875;-5.29001120369147;3.39989431911983;-1.26116424983807;-0.383867696902234;20220810060000_20220811223000_06;04_14_06
2022-08-10 06:00:00;2022-08-10 06:00:00;0;7;Perturbed;138.57;25.91;857693.211187326;2870581.39017349;100616.9765625;-2.54560102142076;1.00869353564026;1.00261214120678;-1.1868030796524;20220810060000_20220810073000_07;04_01_07
2022-08-10 06:00:00;2022-08-10 09:00:00;3;7;Perturbed;137.31;26.24;730753.741057024;2904314.01445388;100597.6328125;-3.41919373960771;1.29022953031785;0.282000460614911;-1.09227185264494;20220810060000_20220810103000_07;04_02_07
2022-08-10 06:00:00;2022-08-10 12:00:00;6;7;Perturbed;137.13;26.23;712772.43977477;2902905.19283419;100531.484375;-3.54294038710496;1.27847135838536;0.179923969174285;-1.09621988927669;20220810060000_20220810133000_07;04_03_07
2022-08-10 06:00:00;2022-08-10 15:00:00;9;7;Perturbed;136.78;26.62;677211.677836362;2945590.93475212;100515.3671875;-3.78766822983728;1.63473100511556;-0.0219478394700987;-0.97659873185696;20220810060000_20220810163000_07;04_04_07
2022-08-10 06:00:00;2022-08-10 18:00:00;12;7;Perturbed;136.41;26.98;639921.642353708;2985007.2671026;100320.8125;-4.0442968688661;1.9637038191662;-0.233636411282333;-0.866139663204246;20220810060000_20220810193000_07;04_05_07
2022-08-10 06:00:00;2022-08-10 21:00:00;15;7;Perturbed;136.15;27.21;613882.002525655;3010212.58425398;100292.8125;-4.22350070290328;2.17407002063316;-0.381458586680092;-0.795505088863787;20220810060000_20220810223000_07;04_06_07
2022-08-10 06:00:00;2022-08-11 00:00:00;18;7;Perturbed;135.91;27.68;589745.82253249;3062088.57267861;100336.9921875;-4.38960499706202;2.60703242164914;-0.518475175847267;-0.650129478675807;20220810060000_20220811013000_07;04_07_07
2022-08-10 06:00:00;2022-08-11 03:00:00;21;7;Perturbed;135.56;28.09;555010.981599759;3107301.85933931;100207.53125;-4.62864888211265;2.98438721998492;-0.715658385088125;-0.523425210737769;20220810060000_20220811043000_07;04_08_07
2022-08-10 06:00:00;2022-08-11 06:00:00;24;7;Perturbed;135.2;28.47;519587.494598832;3149283.93573487;100142.0078125;-4.87243200382439;3.33477400099569;-0.916750909532722;-0.405775983064155;20220810060000_20220811073000_07;04_09_07
2022-08-10 06:00:00;2022-08-11 09:00:00;27;7;Perturbed;134.82;28.6;482395.84737645;3163684.22802033;100127.0703125;-5.12838353850072;3.45496033985076;-1.12788094955408;-0.365421064701002;20220810060000_20220811103000_07;04_10_07
2022-08-10 06:00:00;2022-08-11 12:00:00;30;7;Perturbed;134.69;28.81;469755.778817156;3186968.05698283;100109.53125;-5.21537202080215;3.64928960081697;-1.19963625968701;-0.300171207383023;20220810060000_20220811133000_07;04_11_07
2022-08-10 06:00:00;2022-08-11 15:00:00;33;7;Perturbed;134.54;29.28;455324.391442631;3239098.48469054;99966.4140625;-5.3146882926503;4.0843755785833;-1.28156055241136;-0.154082564688899;20220810060000_20220811163000_07;04_12_07
2022-08-10 06:00:00;2022-08-11 18:00:00;36;7;Perturbed;134.33;29.64;435157.007538702;3279076.26166988;99795.1640625;-5.45347947954645;4.41803426796726;-1.39604702689588;-0.0420501215716867;20220810060000_20220811193000_07;04_13_07
2022-08-10 06:00:00;2022-08-11 21:00:00;39;7;Perturbed;134.37;29.93;439188.799415969;3311202.42094628;99800.5078125;-5.42573283761065;4.68616253844721;-1.37315929688179;0.0479791993074541;20220810060000_20220811223000_07;04_14_07
2022-08-10 06:00:00;2022-08-10 06:00:00;0;8;Perturbed;138.57;25.91;857694.15219715;2870583.34612851;100617.3125;-2.5455943701196;1.00860637243046;1.00261748314393;-1.18679759834662;20220810060000_20220810073000_08;04_01_08
2022-08-10 06:00:00;2022-08-10 09:00:00;3;8;Perturbed;138.32;25.94;832547.300436926;2873248.55169259;100564.3359375;-2.71865406983717;1.03085045558465;0.859863498981803;-1.17932871154716;20220810060000_20220810103000_08;04_02_08
2022-08-10 06:00:00;2022-08-10 12:00:00;6;8;Perturbed;138.13;26.34;812434.78425039;2917133.08805242;100608.9140625;-2.85706765914032;1.39711536555229;0.745688498288687;-1.05634809093889;20220810060000_20220810133000_08;04_03_08
2022-08-10 06:00:00;2022-08-10 15:00:00;9;8;Perturbed;137.56;26.5;755155.84373327;2933603.10150803;100504.703125;-3.25125920011536;1.53457581280462;0.420526643223483;-1.01019305218927;20220810060000_20220810163000_08;04_04_08
2022-08-10 06:00:00;2022-08-10 18:00:00;12;8;Perturbed;137.2;26.53;719209.511685815;2936251.23395093;100294.984375;-3.49864052201589;1.55667740191172;0.216466025030884;-1.00277201055834;20220810060000_20220810193000_08;04_05_08
2022-08-10 06:00:00;2022-08-10 21:00:00;15;8;Perturbed;136.69;26.7;668123.221396926;2954326.28868407;100268.3984375;-3.8502144741503;1.70753369079246;-0.0735413104534332;-0.952119055485868;20220810060000_20220810223000_08;04_06_08
2022-08-10 06:00:00;2022-08-11 00:00:00;18;8;Perturbed;136.11;26.58;610530.821685669;2940393.21803726;100320.4765625;-4.24656322965575;1.59124683238327;-0.400482614861326;-0.991164646877658;20220810060000_20220811013000_08;04_07_08
2022-08-10 06:00:00;2022-08-11 03:00:00;21;8;Perturbed;135.88;26.48;587714.746950151;2929139.92102886;99975.8828125;-4.40358260846753;1.49732564379364;-0.530005212858579;-1.02270052636456;20220810060000_20220811043000_08;04_08_08
2022-08-10 06:00:00;2022-08-11 06:00:00;24;8;Perturbed;135.67;26.61;566703.559451539;2943422.90509212;99514.53125;-4.54818082035866;1.61653291601147;-0.649281802866903;-0.982674348810003;20220810060000_20220811073000_08;04_09_08
2022-08-10 06:00:00;2022-08-11 09:00:00;27;8;Perturbed;135.5;26.72;549729.199641549;2955517.40948302;99333.3359375;-4.66499773404729;1.71747490900674;-0.745642075499931;-0.94878109666884;20220810060000_20220811103000_08;04_10_08
2022-08-10 06:00:00;2022-08-11 12:00:00;30;8;Perturbed;135.22;26.89;521839.508737681;2974268.58366349;99280.578125;-4.85693355086686;1.87397416119624;-0.903966645570954;-0.89623340608965;20220810060000_20220811133000_08;04_11_08
2022-08-10 06:00:00;2022-08-11 15:00:00;33;8;Perturbed;135.03;26.82;502976.870353425;2966494.59834076;99096.984375;-4.98674552756226;1.80909167022101;-1.01104632325137;-0.918018973829264;20220810060000_20220811163000_08;04_12_08
2022-08-10 06:00:00;2022-08-11 18:00:00;36;8;Perturbed;134.91;27;491072.155067244;2986441.01608854;98828.046875;-5.0686733359533;1.9755665496789;-1.07862717009544;-0.862121770918872;20220810060000_20220811193000_08;04_13_08
2022-08-10 06:00:00;2022-08-11 21:00:00;39;8;Perturbed;134.65;27.15;465317.018306892;3003101.40856794;98661.2578125;-5.24591923044661;2.11461592008713;-1.22483427467606;-0.815433220084165;20220810060000_20220811223000_08;04_14_08
2022-08-10 06:00:00;2022-08-10 06:00:00;0;9;Perturbed;138.57;25.91;857693.732063608;2870582.77327423;100617.1796875;-2.54553396319504;1.00856743880079;1.00261509812422;-1.18679920369514;20220810060000_20220810073000_09;04_01_09
2022-08-10 06:00:00;2022-08-10 09:00:00;3;9;Perturbed;138.24;25.94;824530.197055575;2873062.69609954;100476.8671875;-2.77376417923909;1.02926513292461;0.814351899357321;-1.17984954731465;20220810060000_20220810103000_09;04_02_09
2022-08-10 06:00:00;2022-08-10 12:00:00;6;9;Perturbed;137.96;26.31;795524.610793367;2913408.65959556;100496.3046875;-2.9733795464641;1.36599674531442;0.649692599602039;-1.06678531008324;20220810060000_20220810133000_09;04_03_09
2022-08-10 06:00:00;2022-08-10 15:00:00;9;9;Perturbed;137.39;26.45;738313.458118334;2927742.4329382;100404.0390625;-3.36710457402792;1.48562791014644;0.324915563464783;-1.02661680227715;20220810060000_20220810163000_09;04_04_09
2022-08-10 06:00:00;2022-08-10 18:00:00;12;9;Perturbed;136.95;26.49;694354.157633645;2931435.61353558;100190.1328125;-3.66963084706653;1.51645157996721;0.0753668189537332;-1.01626715113444;20220810060000_20220810193000_09;04_05_09
2022-08-10 06:00:00;2022-08-10 21:00:00;15;9;Perturbed;136.48;26.73;647189.930207866;2957376.60954586;100197.1484375;-3.99421330826461;1.73295783379359;-0.1923756976506;-0.943570933897869;20220810060000_20220810223000_09;04_06_09
2022-08-10 06:00:00;2022-08-11 00:00:00;18;9;Perturbed;135.93;26.87;592368.660574335;2972369.96860025;100233.2109375;-4.37149124951059;1.85809396965562;-0.503585813796881;-0.901554024196655;20220810060000_20220811013000_09;04_07_09
2022-08-10 06:00:00;2022-08-11 03:00:00;21;9;Perturbed;135.9;26.59;589621.379659466;2941330.99905077;99807.328125;-4.39039793471717;1.599039497841;-0.51918161481204;-0.988536639369712;20220810060000_20220811043000_09;04_08_09
2022-08-10 06:00:00;2022-08-11 06:00:00;24;9;Perturbed;135.67;26.61;566700.198041594;2943415.3080631;99377.296875;-4.54814065518906;1.61643535788808;-0.649300884963801;-0.982695638481056;20220810060000_20220811073000_09;04_09_09
2022-08-10 06:00:00;2022-08-11 09:00:00;27;9;Perturbed;135.47;26.8;546722.805300806;2964362.19064864;99199.453125;-4.68562432995782;1.79126022105599;-0.762708815074161;-0.923994764919228;20220810060000_20220811103000_09;04_10_09
2022-08-10 06:00:00;2022-08-11 12:00:00;30;9;Perturbed;135.15;27.01;514873.614253897;2987554.0500332;99265.671875;-4.90480927968357;1.98482189434829;-0.943510728476237;-0.859002640203907;20220810060000_20220811133000_09;04_11_09
2022-08-10 06:00:00;2022-08-11 15:00:00;33;9;Perturbed;134.81;27.1;481162.049343523;2997525.25104479;99134.5625;-5.1368110171586;2.06804257624939;-1.13488499071721;-0.831059665517787;20220810060000_20220811163000_09;04_12_09
2022-08-10 06:00:00;2022-08-11 18:00:00;36;9;Perturbed;134.81;27.09;481169.929565141;2996408.16270232;98862.3828125;-5.13675678576614;2.05871924062557;-1.13484025616981;-0.834190158147445;20220810060000_20220811193000_09;04_13_09
2022-08-10 06:00:00;2022-08-11 21:00:00;39;9;Perturbed;134.77;27.36;477251.527962367;3026334.03561117;98749.3671875;-5.16372308004483;2.30848369197556;-1.15708429075818;-0.750326849386528;20220810060000_20220811223000_09;04_14_09
2022-08-10 06:00:00;2022-08-10 06:00:00;0;10;Perturbed;138.57;25.91;857693.77086477;2870595.6486733;100617.1640625;-2.54552209584399;1.00872341810852;1.00261531839118;-1.18676312208872;20220810060000_20220810073000_10;04_01_10
2022-08-10 06:00:00;2022-08-10 09:00:00;3;10;Perturbed;137.22;26.21;721813.004159909;2900838.80818181;100676.7578125;-3.48064848492673;1.26113597645695;0.23124556590371;-1.10201065951251;20220810060000_20220810103000_10;04_02_10
2022-08-10 06:00:00;2022-08-10 12:00:00;6;10;Perturbed;137.05;26.03;705133.087598843;2880613.47178148;100549.8671875;-3.59543905111356;1.09233321288228;0.13655679264143;-1.1586894951308;20220810060000_20220810133000_10;04_03_10
2022-08-10 06:00:00;2022-08-10 15:00:00;9;10;Perturbed;137.04;26.38;703526.652088844;2919368.0151764;100495.8828125;-3.60649448062127;1.41578266740063;0.127437358068126;-1.05008500267318;20220810060000_20220810163000_10;04_04_10
2022-08-10 06:00:00;2022-08-10 18:00:00;12;10;Perturbed;136.7;27.09;668543.993296346;2997549.45668828;100358.84375;-3.84724383897746;2.06829311895682;-0.0711526669111593;-0.830991832396911;20220810060000_20220810193000_10;04_05_10
2022-08-10 06:00:00;2022-08-10 21:00:00;15;10;Perturbed;136.16;27.5;614578.255395925;3042359.27714133;100483.296875;-4.21863404261547;2.44228054631226;-0.377506089080673;-0.705418225250308;20220810060000_20220810223000_10;04_06_10
2022-08-10 06:00:00;2022-08-11 00:00:00;18;10;Perturbed;135.8;27.72;578859.85612344;3066446.76119154;100476.6015625;-4.46444673962536;2.64331719632167;-0.580272775449978;-0.637916230627487;20220810060000_20220811013000_10;04_07_10
2022-08-10 06:00:00;2022-08-11 03:00:00;21;10;Perturbed;135.59;27.94;558047.739137853;3090692.4477913;100374.25;-4.60767495564045;2.84567422128254;-0.698419279309366;-0.569970894241509;20220810060000_20220811043000_10;04_08_10
2022-08-10 06:00:00;2022-08-11 06:00:00;24;10;Perturbed;135.45;28.3;544128.12972377;3130523.99933333;100234.6015625;-4.70346919057515;3.17811249794087;-0.777438304067924;-0.458348228611332;20220810060000_20220811073000_10;04_09_10
2022-08-10 06:00:00;2022-08-11 09:00:00;27;10;Perturbed;135.21;28.64;520534.283982434;3168127.14301651;100175.7109375;-4.86584116055817;3.49195225057473;-0.911376162905972;-0.352970381866836;20220810060000_20220811103000_10;04_10_10
2022-08-10 06:00:00;2022-08-11 12:00:00;30;10;Perturbed;135.08;28.7;507807.642832204;3174753.36950733;100063.21875;-4.95342543221463;3.54725542682766;-0.983622929480176;-0.334401256755192;20220810060000_20220811133000_10;04_11_10
2022-08-10 06:00:00;2022-08-11 15:00:00;33;10;Perturbed;135.18;29.11;517508.20190561;3220185.80020962;99889.390625;-4.88666654500507;3.92643922415296;-0.928554666083519;-0.20708286656656;20220810060000_20220811163000_10;04_12_10
2022-08-10 06:00:00;2022-08-11 18:00:00;36;10;Perturbed;134.95;29.59;495162.721081369;3273347.03646573;99608.2265625;-5.04044731399997;4.37012843739789;-1.05540579027571;-0.0581055189771412;20220810060000_20220811193000_10;04_13_10
2022-08-10 06:00:00;2022-08-11 21:00:00;39;10;Perturbed;134.82;30;482648.387264792;3318807.70314658;99710.0390625;-5.12657049447252;4.7495478951404;-1.12644732774072;0.0692919988144196;20220810060000_20220811223000_10;04_14_10
2022-08-10 06:00:00;2022-08-10 06:00:00;0;11;Perturbed;138.57;25.91;857696.867951514;2870598.53113913;100617.2734375;-2.54562301052346;1.00882285671712;1.0026328999746;-1.18675504435872;20220810060000_20220810073000_11;04_01_11
2022-08-10 06:00:00;2022-08-10 09:00:00;3;11;Perturbed;136.92;26;692179.660217301;2877090.97472181;100590.9921875;-3.68470628590518;1.06300946688847;0.0630226029582997;-1.16856082818846;20220810060000_20220810103000_11;04_02_11
2022-08-10 06:00:00;2022-08-10 12:00:00;6;11;Perturbed;136.79;25.69;679634.644311237;2842561.9987413;100561.265625;-3.77104061937788;0.774827038001066;-0.00819311100238834;-1.26532372572102;20220810060000_20220810133000_11;04_03_11
2022-08-10 06:00:00;2022-08-10 15:00:00;9;11;Perturbed;136.53;25.79;653401.861554448;2853326.93865853;100450.828125;-3.9515736558762;0.864672347457291;-0.157111722759366;-1.23515640252141;20220810060000_20220810163000_11;04_04_11
2022-08-10 06:00:00;2022-08-10 18:00:00;12;11;Perturbed;136.09;26.09;608999.483307923;2886108.64628188;100353.4921875;-4.25714917361335;1.13827189270026;-0.409175737030573;-1.14328999392908;20220810060000_20220810193000_11;04_05_11
2022-08-10 06:00:00;2022-08-10 21:00:00;15;11;Perturbed;135.57;26.27;556906.594823945;2905719.15077129;100403.5859375;-4.61565049713561;1.30194320512655;-0.70489734260204;-1.08833414358641;20220810060000_20220810223000_11;04_06_11
2022-08-10 06:00:00;2022-08-11 00:00:00;18;11;Perturbed;135.06;26.2;505990.303598159;2897829.63604047;100503.7578125;-4.96605452203247;1.23609649368184;-0.99393962513289;-1.11044346724288;20220810060000_20220811013000_11;04_07_11
2022-08-10 06:00:00;2022-08-11 03:00:00;21;11;Perturbed;134.81;26.1;480998.046669715;2886766.46248428;100363.453125;-5.13805030586026;1.14376209522112;-1.13581600328779;-1.1414465508503;20220810060000_20220811043000_11;04_08_11
2022-08-10 06:00:00;2022-08-11 06:00:00;24;11;Perturbed;134.55;26.29;455068.174296649;2907885.6319118;100262.7109375;-5.3164987243496;1.32002488231165;-1.28301504933003;-1.08226286615484;20220810060000_20220811073000_11;04_09_11
2022-08-10 06:00:00;2022-08-11 09:00:00;27;11;Perturbed;134.04;26.3;404172.533249057;2909272.08736794;100163.4921875;-5.66676063548719;1.33159638391429;-1.57194010465331;-1.07837750774421;20220810060000_20220811103000_11;04_10_11
2022-08-10 06:00:00;2022-08-11 12:00:00;30;11;Perturbed;133.78;26.11;378021.945829904;2888429.55383202;100148.0625;-5.8467280067251;1.15764242877992;-1.72039210881905;-1.13678595686804;20220810060000_20220811133000_11;04_11_11
2022-08-10 06:00:00;2022-08-11 15:00:00;33;11;Perturbed;133.43;26.18;343102.782995629;2896571.15237283;99960.28125;-6.0870403882554;1.22559305795122;-1.91862167909407;-1.11397020160787;20220810060000_20220811163000_11;04_12_11
2022-08-10 06:00:00;2022-08-11 18:00:00;36;11;Perturbed;133.11;26.07;310937.237558528;2884810.67652878;99694.1484375;-6.30840247714326;1.12743890198889;-2.10121947732649;-1.1469273828366;20220810060000_20220811193000_11;04_13_11
2022-08-10 06:00:00;2022-08-11 21:00:00;39;11;Perturbed;132.81;26.01;280807.419020689;2878631.16284905;99557.953125;-6.51575476912882;1.07586403737159;-2.27226083388953;-1.16424465425903;20220810060000_20220811223000_11;04_14_11
2022-08-10 06:00:00;2022-08-10 06:00:00;0;12;Perturbed;138.57;25.91;857700.923477054;2870592.45667825;100616.9609375;-2.54554902626505;1.00875106078478;1.00265592243618;-1.18677206723354;20220810060000_20220810073000_12;04_01_12
2022-08-10 06:00:00;2022-08-10 09:00:00;3;12;Perturbed;138.4;26.01;840355.434055144;2881226.33442864;100572.53125;-2.66492004015706;1.09750251174965;0.904188816262031;-1.15697202845693;20220810060000_20220810103000_12;04_02_12
2022-08-10 06:00:00;2022-08-10 12:00:00;6;12;Perturbed;138.29;26.48;828010.257995263;2933051.60675685;100593.6171875;-2.74987908323151;1.53004163094409;0.834107555811034;-1.01173854343489;20220810060000_20220810133000_12;04_03_12
2022-08-10 06:00:00;2022-08-10 15:00:00;9;12;Perturbed;138.04;27;801707.060589591;2990070.1916288;100434.875;-2.93089671072784;2.00592467738591;0.684789213234177;-0.851951485500402;20220810060000_20220810163000_12;04_04_12
2022-08-10 06:00:00;2022-08-10 18:00:00;12;12;Perturbed;137.46;27.38;743295.819986875;3030921.38933616;100229.8828125;-3.33288069883193;2.34687302711147;0.353199501909778;-0.737471396080102;20220810060000_20220810193000_12;04_05_12
2022-08-10 06:00:00;2022-08-10 21:00:00;15;12;Perturbed;136.92;27.67;689373.213597127;3062119.25317142;100240.1015625;-3.70397407301563;2.60725364718025;0.0470909292765112;-0.650043500644383;20220810060000_20220810223000_12;04_06_12
2022-08-10 06:00:00;2022-08-11 00:00:00;18;12;Perturbed;136.68;27.83;665462.923771674;3079496.54093728;100146.3203125;-3.86852379943101;2.75228630029659;-0.0886433235675559;-0.60134594539595;20220810060000_20220811013000_12;04_07_12
2022-08-10 06:00:00;2022-08-11 03:00:00;21;12;Perturbed;136.44;28.27;641238.155205329;3127957.83373151;99941.828125;-4.0352377568597;3.15674929602364;-0.226162813530952;-0.465539568989359;20220810060000_20220811043000_12;04_08_12
2022-08-10 06:00:00;2022-08-11 06:00:00;24;12;Perturbed;136.17;28.37;614640.562900192;3138744.64203752;99706.390625;-4.21828139911866;3.24677712132969;-0.377152381007705;-0.435310962516712;20220810060000_20220811073000_12;04_09_12
2022-08-10 06:00:00;2022-08-11 09:00:00;27;12;Perturbed;136.25;28.63;622185.829627588;3167631.61557709;99369.7734375;-4.16635515377459;3.48787081036755;-0.334319310006528;-0.354359032108659;20220810060000_20220811103000_12;04_10_12
2022-08-10 06:00:00;2022-08-11 12:00:00;30;12;Perturbed;136.3;29.1;626504.248288607;3219760.3365469;99019.140625;-4.13663595695995;3.92294254352158;-0.309804453235642;-0.20827517232224;20220810060000_20220811133000_12;04_11_12
2022-08-10 06:00:00;2022-08-11 15:00:00;33;12;Perturbed;136.29;29.51;625020.854150498;3265192.08619576;98811.59375;-4.14684462031677;4.30212065670411;-0.318225404904542;-0.0809586906959257;20220810060000_20220811163000_12;04_12_12
2022-08-10 06:00:00;2022-08-11 18:00:00;36;12;Perturbed;136.41;29.98;636024.06053985;3317397.79136229;98568.3984375;-4.07112096266656;4.73783490798003;-0.255762255814734;0.0653409071402812;20220810060000_20220811193000_12;04_13_12
2022-08-10 06:00:00;2022-08-11 21:00:00;39;12;Perturbed;136.62;30.37;655669.356648602;3360896.97883429;98413.1875;-3.93592276458352;5.10088365600505;-0.144239576303619;0.187241638354517;20220810060000_20220811223000_12;04_14_12
2022-08-10 06:00:00;2022-08-10 06:00:00;0;13;Perturbed;138.57;25.91;857698.710926037;2870592.02473974;100617.1015625;-2.54560974288747;1.00877793229025;1.002643362197;-1.18677327768417;20220810060000_20220810073000_13;04_01_13
2022-08-10 06:00:00;2022-08-10 09:00:00;3;13;Perturbed;138.12;25.9;812602.661007104;2868325.47360411;100598.3515625;-2.85595908330724;0.989861060506002;0.746641503304887;-1.19312498806833;20220810060000_20220810103000_13;04_02_13
2022-08-10 06:00:00;2022-08-10 12:00:00;6;13;Perturbed;136.33;26.25;632818.187306524;2904048.38129041;100543.8203125;-4.09322915310255;1.28800816772896;-0.273961399832432;-1.09301625452332;20220810060000_20220810133000_13;04_03_13
2022-08-10 06:00:00;2022-08-10 15:00:00;9;13;Perturbed;136.17;26.1;616995.59295836;2887275.60868318;100401.140625;-4.20211965966598;1.14802086107215;-0.363783314898327;-1.14001973583266;20220810060000_20220810163000_13;04_04_13
2022-08-10 06:00:00;2022-08-10 18:00:00;12;13;Perturbed;135.93;26.24;592884.802765153;2902606.0584575;99965.671875;-4.36804922216453;1.27597039118259;-0.500655770909764;-1.09705817388312;20220810060000_20220810193000_13;04_05_13
2022-08-10 06:00:00;2022-08-10 21:00:00;15;13;Perturbed;135.61;26.42;560823.349768059;2922349.69259961;99878.7734375;-4.58869495074685;1.44075281755259;-0.682662655787552;-1.04172924526119;20220810060000_20220810223000_13;04_06_13
2022-08-10 06:00:00;2022-08-11 00:00:00;18;13;Perturbed;135.3;26.67;529843.248413007;2949922.7584845;99930.7265625;-4.80189885749616;1.67088049649285;-0.858530909211445;-0.964459367626137;20220810060000_20220811013000_13;04_07_13
2022-08-10 06:00:00;2022-08-11 03:00:00;21;13;Perturbed;134.82;27;482137.754308923;2986455.20311795;99937.7109375;-5.13020629586863;1.97578408337031;-1.12934609572925;-0.862082013641585;20220810060000_20220811043000_13;04_08_13
2022-08-10 06:00:00;2022-08-11 06:00:00;24;13;Perturbed;134.39;27.16;439558.780017284;3004299.77830958;99955.0078125;-5.42323321531979;2.12471676599877;-1.37105898605943;-0.812074947062042;20220810060000_20220811073000_13;04_09_13
2022-08-10 06:00:00;2022-08-11 09:00:00;27;13;Perturbed;133.94;27.1;394916.556639064;2997958.33674262;99881.5859375;-5.73045933834406;2.07179043437377;-1.62448455637979;-0.82984600001477;20220810060000_20220811103000_13;04_10_13
2022-08-10 06:00:00;2022-08-11 12:00:00;30;13;Perturbed;133.56;26.87;356947.449182911;2972847.74156025;99957.7734375;-5.99176132546993;1.86221479232322;-1.84002809304704;-0.900215128539887;20220810060000_20220811133000_13;04_11_13
2022-08-10 06:00:00;2022-08-11 15:00:00;33;13;Perturbed;133.56;26.53;356530.637718816;2935188.52675576;99733.0703125;-5.99462980648309;1.5479070642725;-1.84239425393713;-1.00575010720074;20220810060000_20220811163000_13;04_12_13
2022-08-10 06:00:00;2022-08-11 18:00:00;36;13;Perturbed;133.53;26.69;353752.810951503;2952945.1155344;98990.953125;-6.01374670711155;1.69610540313639;-1.85816345805569;-0.955989610929864;20220810060000_20220811193000_13;04_13_13
2022-08-10 06:00:00;2022-08-11 21:00:00;39;13;Perturbed;133.14;26.71;314976.746264757;2955661.65272377;99043.9296875;-6.2806021439234;1.71877790538029;-2.07828794031461;-0.94837687402601;20220810060000_20220811223000_13;04_14_13
2022-08-10 06:00:00;2022-08-10 06:00:00;0;14;Perturbed;138.57;25.91;857696.890789635;2870581.71480338;100617.1953125;-2.54555748896233;1.00856361470269;1.00263302962235;-1.18680216991997;20220810060000_20220810073000_14;04_01_14
2022-08-10 06:00:00;2022-08-10 09:00:00;3;14;Perturbed;138.16;25.82;816822.141869515;2859557.86613729;100651.84375;-2.82685599271127;0.916557425869445;0.770594708658322;-1.21769505071358;20220810060000_20220810103000_14;04_02_14
2022-08-10 06:00:00;2022-08-10 12:00:00;6;14;Perturbed;138.2;26.13;820001.473118108;2894018.78160343;100617.1640625;-2.80497595315679;1.20417181461709;0.78864317878235;-1.12112288378889;20220810060000_20220810133000_14;04_03_14
2022-08-10 06:00:00;2022-08-10 15:00:00;9;14;Perturbed;138.03;26.32;802499.309907762;2914674.048389;100497.0234375;-2.92542519024107;1.37656282195373;0.689286664752047;-1.06323922501465;20220810060000_20220810163000_14;04_04_14
2022-08-10 06:00:00;2022-08-10 18:00:00;12;14;Perturbed;137.72;26.94;770066.409827872;2982695.60624682;100358.7734375;-3.14862720384955;1.94427782662807;0.505171144110228;-0.872617787624855;20220810060000_20220810193000_14;04_05_14
2022-08-10 06:00:00;2022-08-10 21:00:00;15;14;Perturbed;137.18;27.2;715935.352911667;3010470.61598951;100335.4921875;-3.52115512681329;2.17609095003317;0.19787923674241;-0.794781988983869;20220810060000_20220810223000_14;04_06_14
2022-08-10 06:00:00;2022-08-11 00:00:00;18;14;Perturbed;136.83;27.37;680993.50313787;3028746.18285378;100190.25;-3.76162363901866;2.32862073403873;-0.000479123054098155;-0.743567125130528;20220810060000_20220811013000_14;04_07_14
2022-08-10 06:00:00;2022-08-11 03:00:00;21;14;Perturbed;136.65;27.56;662908.099746168;3049549.11733979;100052.09375;-3.8860867133662;2.50224419137925;-0.103146582740977;-0.685269647117203;20220810060000_20220811043000_14;04_08_14
2022-08-10 06:00:00;2022-08-11 06:00:00;24;14;Perturbed;136.52;27.75;649812.552773205;3070442.7550861;99788.5546875;-3.97620978119145;2.67662466757479;-0.177487558820122;-0.626717985189262;20220810060000_20220811073000_14;04_09_14
2022-08-10 06:00:00;2022-08-11 09:00:00;27;14;Perturbed;136.27;27.97;624910.403295258;3094534.46804514;99616.390625;-4.14758544889203;2.87769661249765;-0.318852413795752;-0.559204139607633;20220810060000_20220811103000_14;04_10_14
2022-08-10 06:00:00;2022-08-11 12:00:00;30;14;Perturbed;136.08;28.22;605969.385506234;3122054.20374918;99582.828125;-4.27793682973958;3.10737919219555;-0.426377036728705;-0.482083712765073;20220810060000_20220811133000_14;04_11_14
2022-08-10 06:00:00;2022-08-11 15:00:00;33;14;Perturbed;135.97;28.59;594855.138004934;3162952.02941664;99352.109375;-4.35442466819752;3.44871670373125;-0.48947054548689;-0.36747295464126;20220810060000_20220811163000_14;04_12_14
2022-08-10 06:00:00;2022-08-11 18:00:00;36;14;Perturbed;135.72;29.04;570102.444826173;3212627.259485;99120.6171875;-4.52477178319874;3.86331134635027;-0.629986964945804;-0.228264679257588;20220810060000_20220811193000_14;04_13_14
2022-08-10 06:00:00;2022-08-11 21:00:00;39;14;Perturbed;135.57;29.29;555372.764797582;3240251.21600484;99046.34375;-4.62614089401189;4.09386376382899;-0.713604609395463;-0.150852187335351;20220810060000_20220811223000_14;04_14_14
2022-08-10 06:00:00;2022-08-10 06:00:00;0;15;Perturbed;138.57;25.91;857702.742559757;2870596.29051262;100616.78125;-2.54548235906563;1.00866095005337;1.00266624902919;-1.18676132341875;20220810060000_20220810073000_15;04_01_15
2022-08-10 06:00:00;2022-08-10 09:00:00;3;15;Perturbed;138.22;26.12;822028.603244824;2892965.99266995;100554.9453125;-2.79099046069172;1.19536081351952;0.800150818178447;-1.12407318581208;20220810060000_20220810103000_15;04_02_15
2022-08-10 06:00:00;2022-08-10 12:00:00;6;15;Perturbed;138.16;26.6;814710.829332838;2946016.55546213;100583.8046875;-2.8413511089305;1.63812633451052;0.758609181432255;-0.975405985996982;20220810060000_20220810133000_15;04_03_15
2022-08-10 06:00:00;2022-08-10 15:00:00;9;15;Perturbed;137.86;27.02;783778.75463965;2991865.95714394;100468.71875;-3.05422449797683;2.02079021504838;0.583013566404313;-0.846919089676306;20220810060000_20220810163000_15;04_04_15
2022-08-10 06:00:00;2022-08-10 18:00:00;12;15;Perturbed;137.49;27.55;745884.457408942;3049830.96886948;100315.140625;-3.31501164391007;2.50457223855765;0.367894713424714;-0.684479795408257;20220810060000_20220810193000_15;04_05_15
2022-08-10 06:00:00;2022-08-10 21:00:00;15;15;Perturbed;137.19;27.8;715761.87559084;3076963.81721322;100306.3828125;-3.5223141330592;2.73102581606159;0.196894438369;-0.608443569325728;20220810060000_20220810223000_15;04_06_15
2022-08-10 06:00:00;2022-08-11 00:00:00;18;15;Perturbed;136.95;27.92;691897.108943635;3089870.96784321;100319.5234375;-3.68655057065287;2.83875023918568;0.061418612111633;-0.572272983364765;20220810060000_20220811013000_15;04_07_15
2022-08-10 06:00:00;2022-08-11 03:00:00;21;15;Perturbed;136.78;28.18;674746.533552638;3118419.88438228;100173.640625;-3.80458019342436;3.07702246929697;-0.0359420034867931;-0.492268413078763;20220810060000_20220811043000_15;04_08_15
2022-08-10 06:00:00;2022-08-11 06:00:00;24;15;Perturbed;137.08;28.32;703931.721905878;3134401.54193983;99714.2109375;-3.60372881128031;3.21040704737367;0.129736863819254;-0.447481927272919;20220810060000_20220811073000_15;04_09_15
2022-08-10 06:00:00;2022-08-11 09:00:00;27;15;Perturbed;136.97;28.84;692185.015817062;3191847.71759406;99307.9765625;-3.68456920624444;3.68985881100768;0.063053005698599;-0.286496602610918;20220810060000_20220811103000_15;04_10_15
2022-08-10 06:00:00;2022-08-11 12:00:00;30;15;Perturbed;136.72;29.39;666902.13861262;3252416.44196441;99452.8984375;-3.85856502801637;4.19537169136398;-0.0804731695232507;-0.116760747332881;20220810060000_20220811133000_15;04_11_15
2022-08-10 06:00:00;2022-08-11 15:00:00;33;15;Perturbed;136.68;29.82;662344.98060157;3300018.95387012;99439.7578125;-3.8899272201698;4.59266721237433;-0.106343305027161;0.0166390089884516;20220810060000_20220811163000_15;04_12_15
2022-08-10 06:00:00;2022-08-11 18:00:00;36;15;Perturbed;136.77;30.37;670094.079844831;3361111.93499445;99304.9453125;-3.83659820702304;5.10255559418793;-0.0623531148756864;0.187844024620232;20220810060000_20220811193000_15;04_13_15
2022-08-10 06:00:00;2022-08-11 21:00:00;39;15;Perturbed;136.91;30.87;682598.244468;3416762.7595567;99274.59375;-3.75054501056178;5.56702317066607;0.00863069397627754;0.343798114824359;20220810060000_20220811223000_15;04_14_15
2022-08-10 06:00:00;2022-08-10 06:00:00;0;16;Perturbed;138.57;25.91;857683.656749722;2870581.36943706;100617.296875;-2.5456250654737;1.00868044663623;1.00255790244769;-1.1868031377635;20220810060000_20220810073000_16;04_01_16
2022-08-10 06:00:00;2022-08-10 09:00:00;3;16;Perturbed;138.03;26.18;802856.924372854;2899154.89582277;100663.859375;-2.9229406011164;1.24715807309007;0.691316775327031;-1.10672960163068;20220810060000_20220810103000_16;04_02_16
2022-08-10 06:00:00;2022-08-10 12:00:00;6;16;Perturbed;137.51;26.52;750135.795835216;2935718.96357468;100718.0703125;-3.28576544935157;1.55232558980698;0.392028768222463;-1.00426362803074;20220810060000_20220810133000_16;04_03_16
2022-08-10 06:00:00;2022-08-10 15:00:00;9;16;Perturbed;136.73;26.43;672505.492416776;2924471.44658649;100635.3046875;-3.82001431384878;1.45845264186785;-0.0486639757585492;-1.03578330977394;20220810060000_20220810163000_16;04_04_16
2022-08-10 06:00:00;2022-08-10 18:00:00;12;16;Perturbed;136.29;26.41;628653.323602303;2921738.39850741;100388.6328125;-4.12180331071244;1.4356423380193;-0.297604553772292;-1.04344231626682;20220810060000_20220810193000_16;04_05_16
2022-08-10 06:00:00;2022-08-10 21:00:00;15;16;Perturbed;135.68;26.51;567759.862057857;2932351.95958778;100427.7109375;-4.54086985113379;1.52422422394066;-0.643285370113784;-1.01369921227626;20220810060000_20220810223000_16;04_06_16
2022-08-10 06:00:00;2022-08-11 00:00:00;18;16;Perturbed;135.08;26.63;507961.290079108;2945467.70058578;100380.8046875;-4.9524014022344;1.63368956399581;-0.982750702735445;-0.976944079341831;20220810060000_20220811013000_16;04_07_16
2022-08-10 06:00:00;2022-08-11 03:00:00;21;16;Perturbed;134.53;26.62;453206.34321692;2944427.85916354;100309.203125;-5.3292229126316;1.62501093921155;-1.29358431688696;-0.979858097673778;20220810060000_20220811043000_16;04_08_16
2022-08-10 06:00:00;2022-08-11 06:00:00;24;16;Perturbed;134.42;26.33;442116.509966969;2912359.20693381;100123.859375;-5.40554273311864;1.35736262853104;-1.35653923049679;-1.06972626264528;20220810060000_20220811073000_16;04_09_16
2022-08-10 06:00:00;2022-08-11 09:00:00;27;16;Perturbed;134.32;26.28;432116.539955158;2906870.59235213;99922.1640625;-5.47436215528449;1.31155407972652;-1.41330719391024;-1.08510738054063;20220810060000_20220811103000_16;04_10_16
2022-08-10 06:00:00;2022-08-11 12:00:00;30;16;Perturbed;134.07;26.39;407226.530030727;2919205.29230784;99676.171875;-5.6456542790287;1.41450076991619;-1.55460313490622;-1.05054101203372;20220810060000_20220811133000_16;04_11_16
2022-08-10 06:00:00;2022-08-11 15:00:00;33;16;Perturbed;133.67;26.52;367489.383709917;2933968.67402724;99470.6875;-5.91912384394617;1.53771749099391;-1.78018349823033;-1.00916858345793;20220810060000_20220811163000_16;04_12_16
2022-08-10 06:00:00;2022-08-11 18:00:00;36;16;Perturbed;133.42;26.51;342560.590709884;2933127.72821113;99265.5234375;-6.09068287137605;1.5306988696486;-1.92169960350823;-1.01152522310691;20220810060000_20220811193000_16;04_13_16
2022-08-10 06:00:00;2022-08-11 21:00:00;39;16;Perturbed;133.4;26.68;340788.5604425;2951989.78122466;99099.125;-6.10287791785296;1.68812352812418;-1.93175908861344;-0.958666809233519;20220810060000_20220811223000_16;04_14_16
2022-08-10 06:00:00;2022-08-10 06:00:00;0;17;Perturbed;138.57;25.91;857687.926683706;2870583.44279456;100617.0859375;-2.5455694416264;1.00858335299963;1.00258214206601;-1.18679732745279;20220810060000_20220810073000_17;04_01_17
2022-08-10 06:00:00;2022-08-10 09:00:00;3;17;Perturbed;138.26;26.28;825577.002283716;2910805.390837;100727.6171875;-2.76655563056581;1.34427991950075;0.820294417267066;-1.07408062716059;20220810060000_20220810103000_17;04_02_17
2022-08-10 06:00:00;2022-08-10 12:00:00;6;17;Perturbed;138.05;26.92;802906.348517699;2981231.53022946;100824.5859375;-2.92257422766725;1.93206381204185;0.691597346973044;-0.876720667412781;20220810060000_20220810133000_17;04_03_17
2022-08-10 06:00:00;2022-08-10 15:00:00;9;17;Perturbed;136.98;26.84;696744.720836043;2970243.79458868;100840.1328125;-3.65317460592918;1.84035902627819;0.0889376000911759;-0.907512346219684;20220810060000_20220810163000_17;04_04_17
2022-08-10 06:00:00;2022-08-10 18:00:00;12;17;Perturbed;136.29;26.92;628077.932046983;2978237.25600802;100691.8671875;-4.12573689570264;1.90707328760887;-0.300870944243687;-0.88511172568906;20220810060000_20220810193000_17;04_05_17
2022-08-10 06:00:00;2022-08-10 21:00:00;15;17;Perturbed;136.15;27.52;613580.120786353;3044550.43656396;100646.59375;-4.22551029426759;2.46052999743564;-0.383172312972435;-0.699277790190515;20220810060000_20220810223000_17;04_06_17
2022-08-10 06:00:00;2022-08-11 00:00:00;18;17;Perturbed;135.26;28.07;525547.514690734;3104991.75810013;100774.765625;-4.8313474193888;2.96497956047198;-0.882916987818866;-0.529898964538723;20220810060000_20220811013000_17;04_07_17
2022-08-10 06:00:00;2022-08-11 03:00:00;21;17;Perturbed;134.93;27.53;493093.306153182;3045133.74663226;100714.9765625;-5.0546960770114;2.46539836400326;-1.06715347259794;-0.697643140718122;20220810060000_20220811043000_17;04_08_17
2022-08-10 06:00:00;2022-08-11 06:00:00;24;17;Perturbed;134.61;28.19;461718.5591042;3118316.25344031;100605.1171875;-5.27061592076696;3.07618718600365;-1.2452620559716;-0.492558825114869;20220810060000_20220811073000_17;04_09_17
2022-08-10 06:00:00;2022-08-11 09:00:00;27;17;Perturbed;134.04;28.22;405801.707243993;3121947.359751;100656.9609375;-5.6554336182008;3.10649277736417;-1.56269158794482;-0.482383128967109;20220810060000_20220811103000_17;04_10_17
2022-08-10 06:00:00;2022-08-11 12:00:00;30;17;Perturbed;134.28;27.81;429089.92767254;3076358.82532859;100673.7734375;-5.49516495026775;2.72600612213626;-1.43048870696712;-0.610138979226494;20220810060000_20220811133000_17;04_11_17
2022-08-10 06:00:00;2022-08-11 15:00:00;33;17;Perturbed;134.17;27.73;418193.176223873;3067563.06281948;100388.84375;-5.5701559889705;2.65259577237021;-1.49234753122686;-0.634787942661446;20220810060000_20220811163000_17;04_12_17
2022-08-10 06:00:00;2022-08-11 18:00:00;36;17;Perturbed;133.95;28.17;396927.136954444;3116482.29179981;100012.3984375;-5.71650808128175;3.06088075118944;-1.61307086717387;-0.497698260538583;20220810060000_20220811193000_17;04_13_17
2022-08-10 06:00:00;2022-08-11 21:00:00;39;17;Perturbed;133.57;28.37;359864.607846329;3139021.37179723;100135.984375;-5.97157102989187;3.24899425974558;-1.82346792775849;-0.434535463892091;20220810060000_20220811223000_17;04_14_17
2022-08-10 06:00:00;2022-08-10 06:00:00;0;18;Perturbed;138.57;25.91;857684.457201135;2870593.15256761;100616.890625;-2.54568837585627;1.00868844567088;1.00256244646097;-1.18677011709545;20220810060000_20220810073000_18;04_01_18
2022-08-10 06:00:00;2022-08-10 09:00:00;3;18;Perturbed;138.16;26.27;815617.278391025;2909441.35914981;100472.03125;-2.83519313781452;1.33291962290294;0.763754923560536;-1.07790314591857;20220810060000_20220810103000_18;04_02_18
2022-08-10 06:00:00;2022-08-10 12:00:00;6;18;Perturbed;137.56;25.73;756837.51231926;2848274.88290028;100492.234375;-3.23971330450748;0.822417843121721;0.430073161928063;-1.24931412193772;20220810060000_20220810133000_18;04_03_18
2022-08-10 06:00:00;2022-08-10 15:00:00;9;18;Perturbed;137.51;26.03;751188.497636135;2881419.70795258;100191.640625;-3.2785896137204;1.09904800423662;0.398004759875366;-1.15643012468043;20220810060000_20220810163000_18;04_04_18
2022-08-10 06:00:00;2022-08-10 18:00:00;12;18;Perturbed;137.18;26.31;717625.3264971;2911850.88644572;99905.7578125;-3.50957011077325;1.35302978860842;0.207472901378828;-1.07115076371736;20220810060000_20220810193000_18;04_05_18
2022-08-10 06:00:00;2022-08-10 21:00:00;15;18;Perturbed;136.92;26.68;691054.146536768;2952426.54130104;99812.34375;-3.69243198425637;1.69167842899967;0.0566332718540694;-0.957442846769644;20220810060000_20220810223000_18;04_06_18
2022-08-10 06:00:00;2022-08-11 00:00:00;18;18;Perturbed;136.57;26.92;655897.54233665;2978537.9505769;99673.1484375;-3.93437842844648;1.909606969685;-0.142944208739989;-0.884269068849985;20220810060000_20220811013000_18;04_07_18
2022-08-10 06:00:00;2022-08-11 03:00:00;21;18;Perturbed;136.32;27.13;630827.504193328;3001527.65105674;99421.09375;-4.10690949970583;2.10148140370868;-0.285262136335062;-0.819843467781137;20220810060000_20220811043000_18;04_08_18
2022-08-10 06:00:00;2022-08-11 06:00:00;24;18;Perturbed;136.05;27.33;603879.429796618;3023432.27977349;99066.1640625;-4.29236514670011;2.28429971581366;-0.438241325233477;-0.758458637104311;20220810060000_20220811073000_18;04_09_18
2022-08-10 06:00:00;2022-08-11 09:00:00;27;18;Perturbed;135.82;27.39;581078.060531185;3029892.77690023;98747.5078125;-4.44928332301301;2.33821969753726;-0.567680443021608;-0.740353946660065;20220810060000_20220811103000_18;04_10_18
2022-08-10 06:00:00;2022-08-11 12:00:00;30;18;Perturbed;135.66;27.59;565140.615374458;3051959.10551862;98788.6875;-4.55896422857476;2.52238757385845;-0.658154344692544;-0.67851597335247;20220810060000_20220811133000_18;04_11_18
2022-08-10 06:00:00;2022-08-11 15:00:00;33;18;Perturbed;135.49;27.76;548292.400380192;3070718.25531695;98499.4140625;-4.67491301832732;2.67895339138511;-0.753798516749735;-0.625945932156957;20220810060000_20220811163000_18;04_12_18
2022-08-10 06:00:00;2022-08-11 18:00:00;36;18;Perturbed;135.35;28.06;534401.219562512;3103900.78963302;98377.3125;-4.77051160871758;2.9558982779419;-0.832656157672286;-0.532956259665401;20220810060000_20220811193000_18;04_13_18
2022-08-10 06:00:00;2022-08-11 21:00:00;39;18;Perturbed;135.2;28.42;519587.264369754;3143754.29729696;98331.90625;-4.87246069808007;3.28851980267988;-0.916752216500229;-0.421272064901673;20220810060000_20220811223000_18;04_14_18
2022-08-10 06:00:00;2022-08-10 06:00:00;0;19;Perturbed;138.57;25.91;857686.35880293;2870584.2140629;100616.984375;-2.54564539734761;1.00865889219164;1.00257324149946;-1.18679516607506;20220810060000_20220810073000_19;04_01_19
2022-08-10 06:00:00;2022-08-10 09:00:00;3;19;Perturbed;137.33;26;733214.931916529;2877753.85389157;100537.3125;-3.4022531336071;1.06849745274557;0.295972181780166;-1.16670319681194;20220810060000_20220810103000_19;04_02_19
2022-08-10 06:00:00;2022-08-10 12:00:00;6;19;Perturbed;136.93;26.06;693078.008257646;2883747.51141728;100411.890625;-3.67847395131521;1.11852114254899;0.0681223571202223;-1.14990676272907;20220810060000_20220810133000_19;04_03_19
2022-08-10 06:00:00;2022-08-10 15:00:00;9;19;Perturbed;136.56;26.11;655985.01547916;2888809.9418516;100056.84375;-3.93374654977323;1.16077271408292;-0.142447640035502;-1.1357199696525;20220810060000_20220810163000_19;04_04_19
2022-08-10 06:00:00;2022-08-10 18:00:00;12;19;Perturbed;135.99;26.33;598806.337592494;2912616.87530814;99837.5078125;-4.32724808704981;1.35946785962505;-0.467040322860132;-1.06900418103715;20220810060000_20220810193000_19;04_05_19
2022-08-10 06:00:00;2022-08-10 21:00:00;15;19;Perturbed;135.64;26.5;563782.8910252;2931210.82579826;99753.2109375;-4.56827814535705;1.5146549065239;-0.665861892424506;-1.01689708909741;20220810060000_20220810223000_19;04_06_19
2022-08-10 06:00:00;2022-08-11 00:00:00;18;19;Perturbed;135.08;26.6;507967.944297113;2942127.04970416;99746.8828125;-4.95239453545698;1.6057628479021;-0.982712927981737;-0.986305812488298;20220810060000_20220811013000_19;04_07_19
2022-08-10 06:00:00;2022-08-11 03:00:00;21;19;Perturbed;134.71;26.6;471123.320363323;2942175.08237354;99648.40625;-5.20595786875162;1.60616373356213;-1.19187298156042;-0.986171207272449;20220810060000_20220811043000_19;04_08_19
2022-08-10 06:00:00;2022-08-11 06:00:00;24;19;Perturbed;134.67;26.67;467155.190870596;2949934.2534469;99316.0546875;-5.23326638852181;1.67092258326958;-1.21439931209911;-0.964427154511287;20220810060000_20220811073000_19;04_09_19
2022-08-10 06:00:00;2022-08-11 09:00:00;27;19;Perturbed;134.46;26.91;446381.652915225;2976576.24657974;99186.9609375;-5.37622910508399;1.89327943207269;-1.33232681000415;-0.889766485366863;20220810060000_20220811103000_19;04_10_19
2022-08-10 06:00:00;2022-08-11 12:00:00;30;19;Perturbed;133.94;27.2;395008.076526779;3009030.10495368;99150.3671875;-5.72978014948412;2.16414271334258;-1.62396501505804;-0.798818831021527;20220810060000_20220811133000_19;04_11_19
2022-08-10 06:00:00;2022-08-11 15:00:00;33;19;Perturbed;133.58;27.23;359398.58466673;3012716.40184147;98890.7421875;-5.97484334972707;2.19490893100639;-1.82611345437287;-0.788488470566306;20220810060000_20220811163000_19;04_12_19
2022-08-10 06:00:00;2022-08-11 18:00:00;36;19;Perturbed;133.59;27.24;360402.152689131;3013810.99348038;98525.921875;-5.96793683187509;2.20404450679987;-1.82041638601054;-0.785421021978903;20220810060000_20220811193000_19;04_13_19
2022-08-10 06:00:00;2022-08-11 21:00:00;39;19;Perturbed;133.55;27.48;356747.469556482;3040430.63777558;98365.0234375;-5.99308822543839;2.42621482987697;-1.84116334006309;-0.710822982502025;20220810060000_20220811223000_19;04_14_19
2022-08-10 06:00:00;2022-08-10 06:00:00;0;20;Perturbed;138.57;25.91;857690.425633058;2870590.05121338;100617.0078125;-2.54559301949829;1.00876141057451;1.00259632813508;-1.18677880823131;20220810060000_20220810073000_20;04_01_20
2022-08-10 06:00:00;2022-08-10 09:00:00;3;20;Perturbed;138.55;26.28;854560.952383865;2911554.96879377;100608.8984375;-2.5671299381529;1.35065887820148;0.984830892568404;-1.07198003387731;20220810060000_20220810103000_20;04_02_20
2022-08-10 06:00:00;2022-08-10 12:00:00;6;20;Perturbed;138.43;26.63;841544.492501372;2950047.50758994;100698.4375;-2.65670873155929;1.67192161505719;0.91093887914144;-0.964109774724405;20220810060000_20220810133000_20;04_03_20
2022-08-10 06:00:00;2022-08-10 15:00:00;9;20;Perturbed;138.16;27.11;813317.658992765;3002563.22755429;100654.0859375;-2.8509647512613;2.11022328211626;0.750700413425891;-0.816941401337709;20220810060000_20220810163000_20;04_04_20
2022-08-10 06:00:00;2022-08-10 18:00:00;12;20;Perturbed;137.69;27.4;765992.226547375;3033615.32097941;100500.8828125;-3.17665661941627;2.36938728716353;0.482042766011715;-0.729922008235448;20220810060000_20220810193000_20;04_05_20
2022-08-10 06:00:00;2022-08-10 21:00:00;15;20;Perturbed;137.32;27.7;728781.200098589;3066125.8948713;100528.9375;-3.43274152120886;2.64072392205186;0.2708027137389;-0.638815416137195;20220810060000_20220810223000_20;04_06_20
2022-08-10 06:00:00;2022-08-11 00:00:00;18;20;Perturbed;137.63;27.5;759822.804616672;3044565.83843894;100613.8046875;-3.21911435197615;2.46078144611123;0.447020109140681;-0.699234628468841;20220810060000_20220811013000_20;04_07_20
2022-08-10 06:00:00;2022-08-11 03:00:00;21;20;Perturbed;136.62;28.57;658454.462052052;3161418.08043058;100569.78125;-3.91672752011236;3.43604242509594;-0.12842905272616;-0.37177164420108;20220810060000_20220811043000_20;04_08_20
2022-08-10 06:00:00;2022-08-11 06:00:00;24;20;Perturbed;136.47;28.59;643741.077718133;3163449.26958248;100467.921875;-4.01798448456009;3.45299494125674;-0.211954189558508;-0.366079504709721;20220810060000_20220811073000_20;04_09_20
2022-08-10 06:00:00;2022-08-11 09:00:00;27;20;Perturbed;136.38;28.73;634768.94523104;3178844.96513068;100444.5;-4.07973036706052;3.58148901938976;-0.262887311174505;-0.322935100090991;20220810060000_20220811103000_20;04_10_20
2022-08-10 06:00:00;2022-08-11 12:00:00;30;20;Perturbed;136.41;29.11;637190.049058731;3220995.06683905;100462.25;-4.06306842045184;3.93327815715696;-0.249143156607222;-0.204815003656747;20220810060000_20220811133000_20;04_11_20
2022-08-10 06:00:00;2022-08-11 15:00:00;33;20;Perturbed;136.06;29.67;602565.869692662;3282681.88658788;100276.53125;-4.3013507367113;4.4481227779646;-0.44569816078745;-0.0319458336635143;20220810060000_20220811163000_20;04_12_20
2022-08-10 06:00:00;2022-08-11 18:00:00;36;20;Perturbed;136.05;29.9;601379.200183739;3308175.36080515;100214.8359375;-4.30951735219209;4.66089396830794;-0.452434662115637;0.0394962628187733;20220810060000_20220811193000_20;04_13_20
2022-08-10 06:00:00;2022-08-11 21:00:00;39;20;Perturbed;136.09;30.37;604747.840449371;3360284.38798582;100291.9765625;-4.28633449501436;5.09580133504726;-0.433311520033551;0.185524933360633;20220810060000_20220811223000_20;04_14_20
2022-08-10 12:00:00;2022-08-10 12:00:00;0;0;Unperturbed;137.95;26.79;793294.747419146;2966587.03746064;100626.4296875;-4.39246497033573;1.86430544488647;0.63703408139696;-0.917759925397303;20220810120000_20220810133000_00;05_01_00
2022-08-10 12:00:00;2022-08-10 15:00:00;3;0;Unperturbed;137.32;27.07;730074.582447167;2996307.68794095;100523.078125;-5.03188843138198;2.1198263718297;0.278145003941469;-0.834471725404025;20220810120000_20220810163000_00;05_02_00
2022-08-10 12:00:00;2022-08-10 18:00:00;6;0;Unperturbed;137.5;26.6;748948.757039351;2944572.48150005;100328.6484375;-4.84099063718175;1.67503705222398;0.385290170521233;-0.979452812665134;20220810120000_20220810193000_00;05_03_00
2022-08-10 12:00:00;2022-08-10 21:00:00;9;0;Unperturbed;136.68;27.1;666548.489637234;2998632.66077651;100362.375;-5.67440611777646;2.13981514073139;-0.0824807687532704;-0.827956295917213;20220810120000_20220810223000_00;05_04_00
2022-08-10 12:00:00;2022-08-11 00:00:00;12;0;Unperturbed;136.42;27.63;640095.281145377;3057027.10590198;100371.0078125;-5.9419600246215;2.6418567348977;-0.232650696269091;-0.66431357122892;20220810120000_20220811013000_00;05_05_00
2022-08-10 12:00:00;2022-08-11 03:00:00;15;0;Unperturbed;135.95;27.99;593416.590521132;3096466.00100039;100347.8984375;-6.41407916460304;2.980929496439;-0.497636911069236;-0.55379127345329;20220810120000_20220811043000_00;05_06_00
2022-08-10 12:00:00;2022-08-11 06:00:00;18;0;Unperturbed;135.81;27.91;579701.197058202;3087501.39297327;100089;-6.55279984591675;2.90385699244758;-0.575496639986933;-0.578913404165684;20220810120000_20220811073000_00;05_07_00
2022-08-10 12:00:00;2022-08-11 09:00:00;21;0;Unperturbed;135.9;28.11;588400.979054131;3109721.50631238;99847.6484375;-6.46480822620727;3.09489264831091;-0.526109601279159;-0.516644469477109;20220810120000_20220811103000_00;05_08_00
2022-08-10 12:00:00;2022-08-11 12:00:00;24;0;Unperturbed;135.67;28.3;565702.290737721;3130613.09000008;99634.5234375;-6.6943880422505;3.27450637623822;-0.654965818483542;-0.45809856377729;20220810120000_20220811133000_00;05_09_00
2022-08-10 12:00:00;2022-08-11 15:00:00;27;0;Unperturbed;135.58;28.62;556707.1828117;3166027.06315453;99487.09375;-6.78536665714481;3.57897519172265;-0.706029367378314;-0.358855578479974;20220810120000_20220811163000_00;05_10_00
2022-08-10 12:00:00;2022-08-11 18:00:00;30;0;Unperturbed;135.42;28.98;540906.167999091;3205846.52837198;99244.0703125;-6.94518179815243;3.92131987457164;-0.795728779448358;-0.24726678317908;20220810120000_20220811193000_00;05_11_00
2022-08-10 12:00:00;2022-08-11 21:00:00;33;0;Unperturbed;135.33;29.15;532086.537799909;3224641.01908948;99169.8359375;-7.03438559048054;4.0829040126019;-0.845796174038138;-0.194597703722445;20220810120000_20220811223000_00;05_12_00
2022-08-10 12:00:00;2022-08-12 00:00:00;36;0;Unperturbed;135.23;29.37;522313.324850606;3249011.00423083;98947.671875;-7.13323414065998;4.29242302016992;-0.901276879928515;-0.126304037080435;20220810120000_20220812013000_00;05_13_00
2022-08-10 12:00:00;2022-08-12 03:00:00;39;0;Unperturbed;135.3;29.5;529070.337170902;3263419.147078;98630.5546875;-7.06489214556884;4.41629588150845;-0.862918582080647;-0.0859271185543249;20220810120000_20220812043000_00;05_14_00
2022-08-10 12:00:00;2022-08-10 12:00:00;0;1;Perturbed;137.95;26.79;793299.63856736;2966588.87139202;100626.421875;-4.39238180683774;1.86443557427715;0.637061847532513;-0.917754786046668;20220810120000_20220810133000_01;05_01_01
2022-08-10 12:00:00;2022-08-10 15:00:00;3;1;Perturbed;137.4;27.08;737987.704737282;2997562.81708317;100508.359375;-4.95181957772091;2.13073160704176;0.323066322317504;-0.830954391653753;20220810120000_20220810163000_01;05_02_01
2022-08-10 12:00:00;2022-08-10 18:00:00;6;1;Perturbed;137.14;26.6;713100.883814904;2943908.18916315;100397.234375;-5.20353067616044;1.66944021404213;0.181788484690996;-0.981314404256037;20220810120000_20220810193000_01;05_03_01
2022-08-10 12:00:00;2022-08-10 21:00:00;9;1;Perturbed;136.82;27.24;680208.525690536;3014321.86690765;100358.3828125;-5.53621164089974;2.27481620400159;-0.00493529351841269;-0.783989366631722;20220810120000_20220810223000_01;05_04_01
2022-08-10 12:00:00;2022-08-11 00:00:00;12;1;Perturbed;136.38;27.82;635914.289124035;3078026.07315508;100391.9453125;-5.98421385763402;2.82250804679316;-0.256385407655138;-0.605466737261146;20220810120000_20220811013000_01;05_05_01
2022-08-10 12:00:00;2022-08-11 03:00:00;15;1;Perturbed;136.09;27.9;607269.874725831;3086610.69954283;100287.71875;-6.27393013095063;2.89631368888402;-0.418994402145754;-0.581409454937412;20220810120000_20220811043000_01;05_06_01
2022-08-10 12:00:00;2022-08-11 06:00:00;18;1;Perturbed;136.18;27.74;616304.596739718;3068957.26078221;100104.8125;-6.18255084995269;2.74453965423306;-0.367705971467535;-0.63088088689807;20220810120000_20220811073000_01;05_07_01
2022-08-10 12:00:00;2022-08-11 09:00:00;21;1;Perturbed;136.18;28.09;615921.021107875;3107728.99571355;99842.3984375;-6.1864304231584;3.07787655933937;-0.369883458740901;-0.522228217428834;20220810120000_20220811103000_01;05_08_01
2022-08-10 12:00:00;2022-08-11 12:00:00;24;1;Perturbed;135.8;28.43;578347.375808694;3145101.30982767;99851.65625;-6.56645901580721;3.39918205535398;-0.583182030550069;-0.417497240083289;20220810120000_20220811133000_01;05_09_01
2022-08-10 12:00:00;2022-08-11 15:00:00;27;1;Perturbed;135.44;28.71;542976.648021889;3175933.14662329;99695.6953125;-6.92420678807557;3.6642563182002;-0.783975050782808;-0.331095087112421;20220810120000_20220811163000_01;05_10_01
2022-08-10 12:00:00;2022-08-11 18:00:00;30;1;Perturbed;135.25;28.93;524368.39065496;3200265.35068189;99584.984375;-7.11241503357564;3.87345050591635;-0.889610654904235;-0.262907296967914;20220810120000_20220811193000_01;05_11_01
2022-08-10 12:00:00;2022-08-11 21:00:00;33;1;Perturbed;135.18;29.08;517516.297334781;3216869.41418149;99651.4296875;-7.18171870002672;4.01620262028383;-0.928508709843003;-0.216376600663953;20220810120000_20220811223000_01;05_12_01
2022-08-10 12:00:00;2022-08-12 00:00:00;36;1;Perturbed;135.17;29.3;516500.809668394;3241234.26987728;99537.890625;-7.19198957860762;4.22567752785192;-0.934273443799623;-0.148097308616064;20220810120000_20220812013000_01;05_13_01
2022-08-10 12:00:00;2022-08-12 03:00:00;39;1;Perturbed;135.05;29.59;504832.531942121;3273347.12752222;99395.0390625;-7.3100052549585;4.50176526548966;-1.0005120787436;-0.0581052638033383;20220810120000_20220812043000_01;05_14_01
2022-08-10 12:00:00;2022-08-10 12:00:00;0;2;Perturbed;137.95;26.79;793296.93225351;2966588.42595634;100626.453125;-4.39255630363875;1.86439332803639;0.637046484293878;-0.91775603432138;20220810120000_20220810133000_02;05_01_02
2022-08-10 12:00:00;2022-08-10 15:00:00;3;2;Perturbed;137.22;27;720292.341360937;2988380.10735833;100562.109375;-5.13094172546556;2.05174557442069;0.222613047002723;-0.85668772358567;20220810120000_20220810163000_02;05_02_02
2022-08-10 12:00:00;2022-08-10 18:00:00;6;2;Perturbed;136.91;27;689524.359039842;2987868.79674374;100328.6875;-5.44213625894841;2.04734962210856;0.0479489537457874;-0.858120604092616;20220810120000_20220810193000_02;05_03_02
2022-08-10 12:00:00;2022-08-10 21:00:00;9;2;Perturbed;136.38;27.08;636833.817791598;2996038.68078571;100438.140625;-5.97506065521162;2.1175895498923;-0.251165415025541;-0.835225582448985;20220810120000_20220810223000_02;05_04_02
2022-08-10 12:00:00;2022-08-11 00:00:00;12;2;Perturbed;135.82;27.33;581128.522828262;3023253.88972912;100395.625;-6.53847697213908;2.35157014263808;-0.567393977979131;-0.758958551657075;20220810120000_20220811013000_02;05_05_02
2022-08-10 12:00:00;2022-08-11 03:00:00;15;2;Perturbed;135.71;27.24;570302.074546717;3013218.088007;100291.640625;-6.64797818957646;2.26528813611364;-0.628853704280154;-0.787082561307469;20220810120000_20220811043000_02;05_06_02
2022-08-10 12:00:00;2022-08-11 06:00:00;18;2;Perturbed;135.53;27.61;552289.884129231;3054114.56525524;100106.0859375;-6.8301576752339;2.61689234417446;-0.731105547576504;-0.672475581950532;20220810120000_20220811073000_02;05_07_02
2022-08-10 12:00:00;2022-08-11 09:00:00;21;2;Perturbed;135.22;27.69;521702.116234029;3062882.10466663;100047.75;-7.13952947807399;2.69227056642749;-0.904746597171948;-0.647905710021635;20220810120000_20220811103000_02;05_08_02
2022-08-10 12:00:00;2022-08-11 12:00:00;24;2;Perturbed;135.42;27.86;541350.025431781;3081773.2266833;100048.609375;-6.94080595201047;2.85468548436118;-0.793209083642272;-0.594965834103926;20220810120000_20220811133000_02;05_09_02
2022-08-10 12:00:00;2022-08-11 15:00:00;27;2;Perturbed;135.06;28.48;505869.994487178;3150386.64542061;99703.7890625;-7.2996592418537;3.44458389079463;-0.994622597502046;-0.402685784722052;20220810120000_20220811163000_02;05_10_02
2022-08-10 12:00:00;2022-08-11 18:00:00;30;2;Perturbed;135.02;28.6;501964.815824996;3163677.36122182;99550.96875;-7.33915712765142;3.55884976204511;-1.01679156792455;-0.365440307997437;20220810120000_20220811193000_02;05_11_02
2022-08-10 12:00:00;2022-08-11 21:00:00;33;2;Perturbed;134.91;28.7;491212.13249832;3174746.8637516;99488.125;-7.44791226916877;3.65401892898797;-1.07783254434389;-0.334419488276902;20220810120000_20220811223000_02;05_12_02
2022-08-10 12:00:00;2022-08-12 00:00:00;36;2;Perturbed;134.94;28.77;494152.278660822;3182506.52408618;99284.296875;-7.41817494665399;3.72073199109836;-1.06114188331331;-0.312674064425769;20220810120000_20220812013000_02;05_13_02
2022-08-10 12:00:00;2022-08-12 03:00:00;39;2;Perturbed;134.9;29.01;490260.594549943;3209106.25123654;98972.359375;-7.4575363454194;3.94942102811661;-1.08323424768662;-0.238131840118333;20220810120000_20220812043000_02;05_14_02
2022-08-10 12:00:00;2022-08-10 12:00:00;0;3;Perturbed;137.95;26.79;793306.892856968;2966572.61072653;100626.2421875;-4.3923325416349;1.86427923862964;0.637103028780712;-0.917800354415396;20220810120000_20220810133000_03;05_01_03
2022-08-10 12:00:00;2022-08-10 15:00:00;3;3;Perturbed;136.61;26.25;660793.750597932;2904369.95469331;100499.7734375;-5.73260130073957;1.32949685429163;-0.115149348244125;-1.09211508750778;20220810120000_20220810163000_03;05_02_03
2022-08-10 12:00:00;2022-08-10 18:00:00;6;3;Perturbed;136.72;27.32;670182.839471973;3023048.82134973;100417.375;-5.63763787085022;2.34982896434114;-0.0618492430380505;-0.759533228722299;20220810120000_20220810193000_03;05_03_03
2022-08-10 12:00:00;2022-08-10 21:00:00;9;3;Perturbed;136.29;27.74;627143.277032098;3069062.57727592;100501.2109375;-6.07295002148157;2.7454285685351;-0.306176806323923;-0.630585751325704;20220810120000_20220810223000_03;05_04_03
2022-08-10 12:00:00;2022-08-11 00:00:00;12;3;Perturbed;135.85;28.02;583553.592915174;3099709.68474773;100576.6875;-6.51382623077824;3.00891463572305;-0.553627307698495;-0.544701277901467;20220810120000_20220811013000_03;05_05_03
2022-08-10 12:00:00;2022-08-11 03:00:00;15;3;Perturbed;135.77;28.03;575694.660745848;3100763.50013223;100475.5234375;-6.59331329965991;3.01797472961477;-0.598240998872582;-0.541748099384784;20220810120000_20220811043000_03;05_06_03
2022-08-10 12:00:00;2022-08-11 06:00:00;18;3;Perturbed;135.59;28.11;557956.974936641;3109531.08241178;100367.9453125;-6.77271638182683;3.09335332042339;-0.698934530739876;-0.517178107323528;20220810120000_20220811073000_03;05_07_03
2022-08-10 12:00:00;2022-08-11 09:00:00;21;3;Perturbed;135.56;28.3;554915.78234565;3130560.51016277;100346.46875;-6.80347571143474;3.27415215171343;-0.716198813486195;-0.458245911831058;20220810120000_20220811103000_03;05_08_03
2022-08-10 12:00:00;2022-08-11 12:00:00;24;3;Perturbed;135.54;28.6;552806.643701874;3163793.67488113;100314.8125;-6.82480803051406;3.55987164024602;-0.728171999927989;-0.365114354320049;20220810120000_20220811133000_03;05_09_03
2022-08-10 12:00:00;2022-08-11 15:00:00;27;3;Perturbed;135.45;28.8;543922.907522079;3185908.23397139;100140.4921875;-6.91466020564875;3.74999980185635;-0.778603312205294;-0.30314122148121;20220810120000_20220811163000_03;05_10_03
2022-08-10 12:00:00;2022-08-11 18:00:00;30;3;Perturbed;135.65;28.81;563431.819628992;3187103.30563671;99824.3984375;-6.71734252850921;3.76027433537934;-0.667854859218598;-0.299792190882669;20220810120000_20220811193000_03;05_11_03
2022-08-10 12:00:00;2022-08-11 21:00:00;33;3;Perturbed;135.58;29.22;556372.141371765;3232503.04432449;99884.6640625;-6.78874575732251;4.15059497523768;-0.707931335102389;-0.172565415749498;20220810120000_20220811223000_03;05_12_03
2022-08-10 12:00:00;2022-08-12 00:00:00;36;3;Perturbed;135.53;29.44;551401.482536823;3256861.08477589;99800.6328125;-6.83902015754478;4.36001128928463;-0.736148837609843;-0.104305222524411;20220810120000_20220812013000_03;05_13_03
2022-08-10 12:00:00;2022-08-12 03:00:00;39;3;Perturbed;135.68;29.49;565914.774234842;3262457.97684818;99416.8828125;-6.69222934779548;4.40813012340162;-0.653759589327223;-0.088620671253706;20220810120000_20220812043000_03;05_14_03
2022-08-10 12:00:00;2022-08-10 12:00:00;0;4;Perturbed;137.95;26.79;793309.740297015;2966588.7884949;100626.6171875;-4.3923089215856;1.86445400254842;0.637119193166428;-0.917755018354918;20220810120000_20220810133000_04;05_01_04
2022-08-10 12:00:00;2022-08-10 15:00:00;3;4;Perturbed;137.43;27.06;741013.103928756;2995406.85008709;100534.2109375;-4.92124927222358;2.11221499336593;0.340240948882367;-0.836996204583367;20220810120000_20220810163000_04;05_02_04
2022-08-10 12:00:00;2022-08-10 18:00:00;6;4;Perturbed;136.91;27.11;689342.667994233;3000047.62891582;100351.7421875;-5.44385608594615;2.15211371997161;0.0469175275897578;-0.823991034475522;20220810120000_20220810193000_04;05_03_04
2022-08-10 12:00:00;2022-08-10 21:00:00;9;4;Perturbed;136.56;27.08;654677.678044663;2996260.99676116;100389.078125;-5.79446586149027;2.11955845141204;-0.149869150656325;-0.834602571272377;20220810120000_20220810223000_04;05_04_04
2022-08-10 12:00:00;2022-08-11 00:00:00;12;4;Perturbed;136.39;27.02;637898.248538752;2989419.82609117;100358.2578125;-5.96417691640141;2.06074203108731;-0.245122840333897;-0.853774049074596;20220810120000_20220811013000_04;05_05_04
2022-08-10 12:00:00;2022-08-11 03:00:00;15;4;Perturbed;136.33;27.2;631731.139666069;3009282.47893938;100167.890625;-6.02655249074178;2.23150960801798;-0.280132366406247;-0.79811158623871;20220810120000_20220811043000_04;05_06_04
2022-08-10 12:00:00;2022-08-11 06:00:00;18;4;Perturbed;136.38;27.62;636160.909021184;3055872.16581079;99596.9453125;-5.98174877259363;2.63206073267336;-0.25498539252691;-0.66755013838813;20220810120000_20220811073000_04;05_07_04
2022-08-10 12:00:00;2022-08-11 09:00:00;21;4;Perturbed;135.94;28.11;592340.756514372;3109742.62772434;99562.2421875;-6.42495599281995;3.09520774125343;-0.50374421993742;-0.516585279507997;20220810120000_20220811103000_04;05_08_04
2022-08-10 12:00:00;2022-08-11 12:00:00;24;4;Perturbed;135.49;28.33;548021.416921721;3133849.0313616;99560.25;-6.87321210740266;3.30246062781927;-0.755336839268501;-0.449030265239771;20220810120000_20220811133000_04;05_09_04
2022-08-10 12:00:00;2022-08-11 15:00:00;27;4;Perturbed;135.17;28.44;516652.478547905;3145952.9303391;99476.6953125;-7.1904848502565;3.40652293589045;-0.93341244787735;-0.415110686009689;20220810120000_20220811163000_04;05_10_04
2022-08-10 12:00:00;2022-08-11 18:00:00;30;4;Perturbed;135.21;28.58;520538.819306521;3161471.4362198;99248.7734375;-7.15117749539938;3.53994205503248;-0.911350416717584;-0.371622121644479;20220810120000_20220811193000_04;05_11_04
2022-08-10 12:00:00;2022-08-11 21:00:00;33;4;Perturbed;135.29;28.88;528278.788895746;3194722.30337893;99254.6875;-7.07289364173767;3.82581373889065;-0.867412053908155;-0.278440955379829;20220810120000_20220811223000_04;05_12_04
2022-08-10 12:00:00;2022-08-12 00:00:00;36;4;Perturbed;135.2;29.23;519432.136545194;3233486.99125774;99248.1484375;-7.1623707423933;4.15909005752368;-0.917632848207986;-0.169808034345151;20220810120000_20220812013000_04;05_13_04
2022-08-10 12:00:00;2022-08-12 03:00:00;39;4;Perturbed;135.15;29.5;514537.078052347;3263384.46852372;99069.75;-7.211880503162;4.41613123868247;-0.94542118168303;-0.0860243006252961;20220810120000_20220812043000_04;05_14_04
2022-08-10 12:00:00;2022-08-10 12:00:00;0;5;Perturbed;137.95;26.79;793298.346396692;2966572.1180883;100626.65625;-4.39255608569824;1.86419844210308;0.637054512120795;-0.917801734969005;20220810120000_20220810133000_05;05_01_05
2022-08-10 12:00:00;2022-08-10 15:00:00;3;5;Perturbed;137.69;26.9;767179.873412395;2978190.41234057;100532.625;-4.65672439972059;1.96408580219992;0.488784815608054;-0.885242998883977;20220810120000_20220810163000_05;05_02_05
2022-08-10 12:00:00;2022-08-10 18:00:00;6;5;Perturbed;137.45;26.92;743297.650457038;2979935.25057812;100377.9921875;-4.89827476053286;1.97908691007004;0.353209893147265;-0.880353320033194;20220810120000_20220810193000_05;05_03_05
2022-08-10 12:00:00;2022-08-10 21:00:00;9;5;Perturbed;137.43;26.94;741266.664757691;2982116.26344564;100385.34375;-4.91881662254457;1.99783799460481;0.341680366384924;-0.874241319354791;20220810120000_20220810223000_05;05_04_05
2022-08-10 12:00:00;2022-08-11 00:00:00;12;5;Perturbed;137.33;27.21;730769.973820074;3011836.81805601;100352.28125;-5.02498259746474;2.25335809731381;0.282092610981145;-0.790953388024381;20220810120000_20220811013000_05;05_05_05
2022-08-10 12:00:00;2022-08-11 03:00:00;15;5;Perturbed;137.33;27.61;729955.072923848;3056178.3837727;100150.890625;-5.03322469477191;2.63458117927659;0.277466570682235;-0.666692002969118;20220810120000_20220811043000_05;05_06_05
2022-08-10 12:00:00;2022-08-11 06:00:00;18;5;Perturbed;137.45;28.08;740761.22639997;3108492.19970604;99750.453125;-4.92392874371956;3.08434504794017;0.338811087160591;-0.520089438979025;20220810120000_20220811073000_05;05_07_05
2022-08-10 12:00:00;2022-08-11 09:00:00;21;5;Perturbed;137.3;28.4;725343.241093725;3143670.55257727;99702.2421875;-5.07986983516164;3.38678813679341;0.251286062111495;-0.421506748424719;20220810120000_20220811103000_05;05_08_05
2022-08-10 12:00:00;2022-08-11 12:00:00;24;5;Perturbed;137.1;28.63;705281.249831169;3168797.82323646;99717.703125;-5.28278148359326;3.60281784632625;0.137397881982099;-0.351090889076892;20220810120000_20220811133000_05;05_09_05
2022-08-10 12:00:00;2022-08-11 15:00:00;27;5;Perturbed;136.97;28.84;692189.796351619;3191857.87862413;99571.875;-5.41519149071252;3.80107483709848;0.0630801439010648;-0.286468127665368;20220810120000_20220811163000_05;05_10_05
2022-08-10 12:00:00;2022-08-11 18:00:00;30;5;Perturbed;136.94;28.98;689008.352365263;3207325.55264989;99379.796875;-5.44736935557228;3.9340569334135;0.0450196801590682;-0.243122012864089;20220810120000_20220811193000_05;05_11_05
2022-08-10 12:00:00;2022-08-11 21:00:00;33;5;Perturbed;137.18;29.02;712314.799008837;3212157.27002584;99251.2265625;-5.21164253037135;3.97559723898149;0.177326027957829;-0.229581762680598;20220810120000_20220811223000_05;05_12_05
2022-08-10 12:00:00;2022-08-12 00:00:00;36;5;Perturbed;137.36;29.42;728957.927981624;3256830.68528261;99136.5078125;-5.04331005077191;4.35967337095209;0.271805964947298;-0.104390413091764;20220810120000_20220812013000_05;05_13_05
2022-08-10 12:00:00;2022-08-12 03:00:00;39;5;Perturbed;137.32;29.81;724210.614067274;3299984.86291353;98846.765625;-5.09132548849075;4.73068797835544;0.244856349870084;0.0165434735824298;20220810120000_20220812043000_05;05_14_05
2022-08-10 12:00:00;2022-08-10 12:00:00;0;6;Perturbed;137.95;26.79;793313.289033085;2966588.20825693;100626.640625;-4.39242608920584;1.86434659737906;0.637139338678775;-0.917756644395224;20220810120000_20220810133000_06;05_01_06
2022-08-10 12:00:00;2022-08-10 15:00:00;3;6;Perturbed;136.55;26.33;654695.17679421;2913151.90167731;100533.75;-5.79444193542777;1.40493220472665;-0.149769813521025;-1.06750484025836;20220810120000_20220810163000_06;05_02_06
2022-08-10 12:00:00;2022-08-10 18:00:00;6;6;Perturbed;136.45;27.02;643842.650780682;2989475.89352826;100293.8515625;-5.9042069091152;2.06112164979555;-0.211377578239497;-0.853616927482749;20220810120000_20220810193000_06;05_03_06
2022-08-10 12:00:00;2022-08-10 21:00:00;9;6;Perturbed;135.71;27.56;570085.31952049;3048667.3970572;100356.5;-6.65020572219693;2.57001589014524;-0.630084182109987;-0.687740551826479;20220810120000_20220810223000_06;05_04_06
2022-08-10 12:00:00;2022-08-11 00:00:00;12;6;Perturbed;135.24;27.65;523669.451261765;3058460.90581549;100298.09375;-7.1196666156099;2.65421480219807;-0.893578403392906;-0.66029553622574;20220810120000_20220811013000_06;05_05_06
2022-08-10 12:00:00;2022-08-11 03:00:00;15;6;Perturbed;135.03;27.52;502961.970918757;3044023.74918314;100204.953125;-7.32910689081864;2.53009249715076;-1.01113090456123;-0.700753762055143;20220810120000_20220811043000_06;05_06_06
2022-08-10 12:00:00;2022-08-11 06:00:00;18;6;Perturbed;134.9;27.65;490127.905294697;3058429.60327665;99974.4296875;-7.45891361726847;2.65394568111184;-1.0839874998242;-0.660383257459067;20220810120000_20220811073000_06;05_07_06
2022-08-10 12:00:00;2022-08-11 09:00:00;21;6;Perturbed;134.64;27.69;464510.448288366;3062912.97545989;99875.9375;-7.71801453909385;2.69249111661139;-1.22941302213711;-0.647819198698324;20220810120000_20220811103000_06;05_08_06
2022-08-10 12:00:00;2022-08-11 12:00:00;24;6;Perturbed;134.54;27.86;454713.823489153;3081770.83547133;99813.03125;-7.81709988217166;2.85462006710262;-1.28502663272995;-0.594972535159826;20220810120000_20220811133000_06;05_09_06
2022-08-10 12:00:00;2022-08-11 15:00:00;27;6;Perturbed;134.18;28.32;419622.010050092;3132925.77451783;99622.6328125;-8.17202664981833;3.29442058397028;-1.48423630826571;-0.45161757067913;20220810120000_20220811163000_06;05_10_06
2022-08-10 12:00:00;2022-08-11 18:00:00;30;6;Perturbed;133.81;28.4;383433.252436248;3142087.72116604;99486.1484375;-8.53804816612827;3.3731896910498;-1.68967313115362;-0.425942424528817;20220810120000_20220811193000_06;05_11_06
2022-08-10 12:00:00;2022-08-11 21:00:00;33;6;Perturbed;133.9;28.3;392150.989656691;3130936.10962155;99380.5859375;-8.44987494309953;3.27731459838834;-1.64018416398735;-0.457193343925081;20220810120000_20220811223000_06;05_12_06
2022-08-10 12:00:00;2022-08-12 00:00:00;36;6;Perturbed;133.93;28.4;395174.397652643;3141970.44974991;99052;-8.41929549102466;3.37218145938362;-1.62302084106784;-0.426271062193281;20220810120000_20220812013000_06;05_13_06
2022-08-10 12:00:00;2022-08-12 03:00:00;39;6;Perturbed;133.87;28.73;389653.780041024;3178593.56903125;98617.421875;-8.47513230229996;3.68704581245417;-1.65436035690897;-0.323639604476626;20220810120000_20220812043000_06;05_14_06
2022-08-10 12:00:00;2022-08-10 12:00:00;0;7;Perturbed;137.95;26.79;793297.31641562;2966574.68397013;100626.265625;-4.39251531420556;1.86436182425237;0.63704866511048;-0.917794544423864;20220810120000_20220810133000_07;05_01_07
2022-08-10 12:00:00;2022-08-10 15:00:00;3;7;Perturbed;137.3;26.98;728267.351048131;2986299.65374761;100453.7421875;-5.05024351762654;2.03394568194108;0.267885688581629;-0.862517920220215;20220810120000_20220810163000_07;05_02_07
2022-08-10 12:00:00;2022-08-10 18:00:00;6;7;Perturbed;137.17;26.42;716419.361533554;2924030.49374837;100259.140625;-5.17007684082664;1.49859153504843;0.200626863355952;-1.03701902189919;20220810120000_20220810193000_07;05_03_07
2022-08-10 12:00:00;2022-08-10 21:00:00;9;7;Perturbed;136.95;26.77;693885.606211725;2962448.20703947;100105.75;-5.39798848617967;1.82888476728048;0.0727069399795481;-0.929358451347638;20220810120000_20220810223000_07;05_04_07
2022-08-10 12:00:00;2022-08-11 00:00:00;12;7;Perturbed;136.84;27;682579.076511194;2987762.80046333;100038.265625;-5.51234535881263;2.04652496937297;0.00852188106290249;-0.85841764467749;20220810120000_20220811013000_07;05_05_07
2022-08-10 12:00:00;2022-08-11 03:00:00;15;7;Perturbed;136.78;27.2;676312.77643612;3009842.71015495;99818.375;-5.57572417605764;2.23635523553631;-0.027050734952881;-0.796541612204805;20220810120000_20220811043000_07;05_06_07
2022-08-10 12:00:00;2022-08-11 06:00:00;18;7;Perturbed;136.9;27.5;687682.069019041;3043251.07368954;99456.0546875;-5.46073250502608;2.52358098194692;0.0374906171333515;-0.702919083136644;20220810120000_20220811073000_07;05_07_07
2022-08-10 12:00:00;2022-08-11 09:00:00;21;7;Perturbed;136.67;27.99;664227.21271125;3097226.19344657;99335.4296875;-5.69796038010862;2.98762777800619;-0.0956582246307479;-0.551660934464495;20220810120000_20220811103000_07;05_08_07
2022-08-10 12:00:00;2022-08-11 12:00:00;24;7;Perturbed;136.3;28.23;627562.753871199;3123361.46474669;99432.3046875;-6.06879324932502;3.21232369281947;-0.303795514597374;-0.478420286371514;20220810120000_20220811133000_07;05_09_07
2022-08-10 12:00:00;2022-08-11 15:00:00;27;7;Perturbed;136.19;28.38;616591.855391968;3139876.23841369;99262.5078125;-6.17975546967807;3.35430814495808;-0.366075257711207;-0.432139813037584;20220810120000_20220811163000_07;05_10_07
2022-08-10 12:00:00;2022-08-11 18:00:00;30;7;Perturbed;136.2;28.52;617425.90707605;3155389.36579487;99088.140625;-6.17131967684577;3.48768102287855;-0.361340501963842;-0.388666321207355;20220810120000_20220811193000_07;05_11_07
2022-08-10 12:00:00;2022-08-11 21:00:00;33;7;Perturbed;136.34;28.73;630854.948099782;3178800.79164547;98976.4375;-6.03549523074171;3.68895889323913;-0.285106342400118;-0.323058890452622;20220810120000_20220811223000_07;05_12_07
2022-08-10 12:00:00;2022-08-12 00:00:00;36;7;Perturbed;136.42;28.91;638442.277834581;3198835.88180875;98890.609375;-5.95875521208984;3.86120898626128;-0.242034487556342;-0.266913194802115;20220810120000_20220812013000_07;05_13_07
2022-08-10 12:00:00;2022-08-12 03:00:00;39;7;Perturbed;136.4;29.26;636028.533078138;3237605.20692063;98572.8125;-5.98316838828023;4.19452517313654;-0.255736866049606;-0.15826727853385;20220810120000_20220812043000_07;05_14_07
2022-08-10 12:00:00;2022-08-10 12:00:00;0;8;Perturbed;137.95;26.79;793301.173587994;2966573.45639096;100626.609375;-4.39247604422335;1.864244666219;0.637070561558162;-0.917797984552435;20220810120000_20220810133000_08;05_01_08
2022-08-10 12:00:00;2022-08-10 15:00:00;3;8;Perturbed;137.4;27.11;737924.91828625;3000884.36643496;100626.7578125;-4.95256437743975;2.15922998440761;0.322709895353142;-0.821646188023328;20220810120000_20220810163000_08;05_02_08
2022-08-10 12:00:00;2022-08-10 18:00:00;6;8;Perturbed;136.84;27.32;682050.093332831;3023229.58795111;100456.640625;-5.51769536013973;2.35134124786537;0.00551894228606592;-0.759026654182225;20220810120000_20220810193000_08;05_03_08
2022-08-10 12:00:00;2022-08-10 21:00:00;9;8;Perturbed;136.46;27.5;644218.734532465;3042656.87200875;100483.421875;-5.90033052711429;2.5183657762715;-0.209242620970985;-0.704584254915398;20220810120000_20220810223000_08;05_04_08
2022-08-10 12:00:00;2022-08-11 00:00:00;12;8;Perturbed;136.03;28.1;601182.354457763;3108716.42802201;100520.3671875;-6.33561049056369;3.086307551205;-0.453552118563718;-0.519461068720521;20220810120000_20220811013000_08;05_05_08
2022-08-10 12:00:00;2022-08-11 03:00:00;15;8;Perturbed;135.48;28.52;546956.958430353;3154898.57492179;100392.921875;-6.88405876525292;3.48335488339164;-0.761379571458873;-0.390041697847207;20220810120000_20220811043000_08;05_06_08
2022-08-10 12:00:00;2022-08-11 06:00:00;18;8;Perturbed;135.3;28.4;529393.253341575;3141555.23239733;100183.5078125;-7.06170216592483;3.36863655807675;-0.861085447247167;-0.427434654017264;20220810120000_20220811073000_08;05_07_08
2022-08-10 12:00:00;2022-08-11 09:00:00;21;8;Perturbed;135.06;28.59;505868.135275261;3162556.65427554;100051.5078125;-7.2996406847843;3.54919461110454;-0.994633151901105;-0.368580941286655;20220810120000_20220811103000_08;05_08_08
2022-08-10 12:00:00;2022-08-11 12:00:00;24;8;Perturbed;134.71;28.69;471663.40063974;3173681.74682774;100048.875;-7.64559533097208;3.64484170884058;-1.18880704662905;-0.337404337865889;20220810120000_20220811133000_08;05_09_08
2022-08-10 12:00:00;2022-08-11 15:00:00;27;8;Perturbed;134.57;28.91;458074.296728365;3198097.78340571;99707.09375;-7.7830386903714;3.85475663996948;-1.2659498533326;-0.268981618151337;20220810120000_20220811163000_08;05_10_08
2022-08-10 12:00:00;2022-08-11 18:00:00;30;8;Perturbed;134.4;29.29;441718.247783843;3240256.62212272;99569.484375;-7.94846757575605;4.21721390028272;-1.35880009058076;-0.150837037403585;20220810120000_20220811193000_08;05_11_08
2022-08-10 12:00:00;2022-08-11 21:00:00;33;8;Perturbed;134.19;29.44;421432.259259148;3257015.30127535;99644.2265625;-8.15364478462532;4.36129531042081;-1.47395986136161;-0.103873051140491;20220810120000_20220811223000_08;05_12_08
2022-08-10 12:00:00;2022-08-12 00:00:00;36;8;Perturbed;134.07;29.69;410025.253471271;3284795.34883885;99538.6875;-8.26901789578837;4.60013205824553;-1.53871530427377;-0.0260231346716567;20220810120000_20220812013000_08;05_13_08
2022-08-10 12:00:00;2022-08-12 03:00:00;39;8;Perturbed;134.02;29.85;405345.769184184;3302575.76736395;99424.3515625;-8.31634728887185;4.75299779131488;-1.5652798632164;0.0238041413182595;20220810120000_20220812043000_08;05_14_08
2022-08-10 12:00:00;2022-08-10 12:00:00;0;9;Perturbed;137.95;26.79;793297.583824558;2966575.27787518;100626;-4.39241932419168;1.86422514536206;0.637050183141108;-0.917792880083345;20220810120000_20220810133000_09;05_01_09
2022-08-10 12:00:00;2022-08-10 15:00:00;3;9;Perturbed;136.63;26.61;662295.058413678;2944277.99384164;100561.015625;-5.71740935294519;1.67252602059557;-0.106626703970599;-0.980278075456932;20220810120000_20220810163000_09;05_02_09
2022-08-10 12:00:00;2022-08-10 18:00:00;6;9;Perturbed;136.57;26.53;656429.441363156;2935340.07868726;100153.234375;-5.77673556883341;1.59568300645297;-0.139924717237444;-1.0053254029168;20220810120000_20220810193000_09;05_03_09
2022-08-10 12:00:00;2022-08-10 21:00:00;9;9;Perturbed;136.17;27;616092.773096261;2986982.07406283;100124.0546875;-6.18471001878501;2.03967095134347;-0.368908454757751;-0.860605527362882;20220810120000_20220810223000_09;05_04_09
2022-08-10 12:00:00;2022-08-11 00:00:00;12;9;Perturbed;135.82;27.17;581225.442121079;3005529.47586393;100100.9921875;-6.53736631855073;2.19913076208159;-0.566843785242331;-0.808628881979946;20220810120000_20220811013000_09;05_05_09
2022-08-10 12:00:00;2022-08-11 03:00:00;15;9;Perturbed;135.47;27.3;546508.204851563;3019745.55706105;99955;-6.88850453564771;2.32135238867071;-0.763927061772575;-0.76879019087689;20220810120000_20220811043000_09;05_06_09
2022-08-10 12:00:00;2022-08-11 06:00:00;18;9;Perturbed;135.34;27.5;533591.516856826;3041872.38181782;99792.3671875;-7.01914692398235;2.51158600337255;-0.837252688813667;-0.706782685126678;20220810120000_20220811073000_09;05_07_09
2022-08-10 12:00:00;2022-08-11 09:00:00;21;9;Perturbed;135.02;27.84;501967.987125022;3079484.87621207;99643.953125;-7.33899466307908;2.83495643022887;-1.01677356504618;-0.601378634248666;20220810120000_20220811103000_09;05_08_09
2022-08-10 12:00:00;2022-08-11 12:00:00;24;9;Perturbed;134.54;28.03;454779.002640986;3100612.70840179;99641.0625;-7.8162750339135;3.01660128584845;-1.2846566228497;-0.54217067330559;20220810120000_20220811133000_09;05_09_09
2022-08-10 12:00:00;2022-08-11 15:00:00;27;9;Perturbed;134.18;28.01;419380.19946208;3098574.81369869;99477.7421875;-8.17430676723124;2.99908064834111;-1.48560902184355;-0.547881604219069;20220810120000_20220811163000_09;05_10_09
2022-08-10 12:00:00;2022-08-11 18:00:00;30;9;Perturbed;134.08;27.97;409506.217452111;3094217.48412738;99189.1484375;-8.27417451914112;2.96161885416549;-1.5416617748843;-0.560092445196876;20220810120000_20220811193000_09;05_11_09
2022-08-10 12:00:00;2022-08-11 21:00:00;33;9;Perturbed;134.23;27.99;424275.93468851;3096342.6268498;98873.390625;-8.1247901618216;2.97988959957459;-1.45781684667826;-0.554137013225554;20220810120000_20220811223000_09;05_12_09
2022-08-10 12:00:00;2022-08-12 00:00:00;36;9;Perturbed;134.18;28.39;419665.459725365;3140673.9050852;98878.0546875;-8.17142157854296;3.3610242357358;-1.4839896525684;-0.42990445747871;20220810120000_20220812013000_09;05_13_09
2022-08-10 12:00:00;2022-08-12 03:00:00;39;9;Perturbed;133.93;28.69;395475.306559821;3174113.08121763;98777.4296875;-8.4160864171622;3.64851489100385;-1.6213126373619;-0.336195580172219;20220810120000_20220812043000_09;05_14_09
2022-08-10 12:00:00;2022-08-10 12:00:00;0;10;Perturbed;137.95;26.79;793305.528214596;2966577.18094239;100627.0859375;-4.39232192410451;1.8642914877388;0.637095281960654;-0.917787546988677;20220810120000_20220810133000_10;05_01_10
2022-08-10 12:00:00;2022-08-10 15:00:00;3;10;Perturbed;137.39;27.1;736958.690329565;2999765.25591989;100570.0078125;-4.96222695544108;2.1496233208132;0.317224799574914;-0.8247823475248;20220810120000_20220810163000_10;05_02_10
2022-08-10 12:00:00;2022-08-10 18:00:00;6;10;Perturbed;137.04;27.2;702056.096418503;3010227.18965391;100425.84375;-5.31523991274663;2.23956896339284;0.119089287984639;-0.795464159158328;20220810120000_20220810193000_10;05_03_10
2022-08-10 12:00:00;2022-08-10 21:00:00;9;10;Perturbed;136.91;27.4;688837.448394131;3032192.51501176;100428.7890625;-5.44893639509276;2.42841409986671;0.0440494902115982;-0.733909234156478;20220810120000_20220810223000_10;05_04_10
2022-08-10 12:00:00;2022-08-11 00:00:00;12;10;Perturbed;136.64;27.91;661388.882578475;3088321.37499294;100527.9765625;-5.72655757754905;2.9109775060801;-0.111770895062994;-0.576615512789115;20220810120000_20220811013000_10;05_05_10
2022-08-10 12:00:00;2022-08-11 03:00:00;15;10;Perturbed;136.44;27.91;641715.626524552;3088071.61602243;100449.2109375;-5.92553746761458;2.90883022321031;-0.223452297964548;-0.57731542933701;20220810120000_20220811043000_10;05_06_10
2022-08-10 12:00:00;2022-08-11 06:00:00;18;10;Perturbed;136.56;28.1;653245.680112195;3109255.68876735;100291.796875;-5.80891982236915;3.09095860252685;-0.157998335658128;-0.517949861661461;20220810120000_20220811073000_10;05_07_10
2022-08-10 12:00:00;2022-08-11 09:00:00;21;10;Perturbed;136.78;28.41;674366.897497088;3143918.20117546;100150.1796875;-5.5952949144344;3.38896679405584;-0.0380971265208033;-0.420812745916666;20220810120000_20220811103000_10;05_08_10
2022-08-10 12:00:00;2022-08-11 12:00:00;24;10;Perturbed;136.48;28.98;644186.478180034;3206668.52691347;100007.265625;-5.90054669895744;3.92845772509006;-0.209425734263573;-0.244963240766266;20220810120000_20220811133000_10;05_09_10
2022-08-10 12:00:00;2022-08-11 15:00:00;27;10;Perturbed;136.54;29.12;649834.877446287;3222262.7007843;99850.21875;-5.84341747428998;4.06252739375449;-0.177360825817604;-0.201262626846544;20220810120000_20220811163000_10;05_10_10
2022-08-10 12:00:00;2022-08-11 18:00:00;30;10;Perturbed;136.56;29.68;650941.321832708;3284353.4041876;99664.6171875;-5.83222663827533;4.59634727426746;-0.171079747537052;-0.0272616262223142;20220810120000_20220811193000_10;05_11_10
2022-08-10 12:00:00;2022-08-11 21:00:00;33;10;Perturbed;136.65;30.13;658935.260018377;3334342.12841413;99620.6875;-5.75137408712593;5.02612135204324;-0.12569965240502;0.112825175159983;20220810120000_20220811223000_10;05_12_10
2022-08-10 12:00:00;2022-08-12 00:00:00;36;10;Perturbed;136.53;30.68;646556.122524228;3395133.97493821;99569.03125;-5.87657956459953;5.54877441391731;-0.19597370557997;0.283186300822845;20220810120000_20220812013000_10;05_13_10
2022-08-10 12:00:00;2022-08-12 03:00:00;39;10;Perturbed;136.55;31.09;647840.065825588;3440612.44802343;99375.1484375;-5.86359346325186;5.9397719664909;-0.188684999086804;0.410633718712291;20220810120000_20220812043000_10;05_14_10
2022-08-10 12:00:00;2022-08-10 12:00:00;0;11;Perturbed;137.95;26.79;793305.678526115;2966584.73975256;100625.875;-4.39250004002126;1.86443412512193;0.637096135251096;-0.917766364420912;20220810120000_20220810133000_11;05_01_11
2022-08-10 12:00:00;2022-08-10 15:00:00;3;11;Perturbed;137.45;27.06;742996.563493062;2995448.62049222;100484.046875;-4.90133813734143;2.11258904241293;0.351500678646112;-0.836879148536474;20220810120000_20220810163000_11;05_02_11
2022-08-10 12:00:00;2022-08-10 18:00:00;6;11;Perturbed;137.02;27.15;700165.468466222;3004662.04060386;100267.609375;-5.33454180004306;2.19180068849732;0.108356545956737;-0.811059754799149;20220810120000_20220810193000_11;05_03_11
2022-08-10 12:00:00;2022-08-10 21:00:00;9;11;Perturbed;136.64;27.51;661993.841406534;3043993.12579811;100293.75;-5.72061851937922;2.52994656296852;-0.108336656702548;-0.700839580049562;20220810120000_20220810223000_11;05_04_11
2022-08-10 12:00:00;2022-08-11 00:00:00;12;11;Perturbed;136.18;27.61;616447.990206138;3054561.04095727;100401.65625;-6.18127985779494;2.62080337241531;-0.366891953520898;-0.671224392728183;20220810120000_20220811013000_11;05_05_11
2022-08-10 12:00:00;2022-08-11 03:00:00;15;11;Perturbed;135.94;27.73;592659.515729369;3067642.98263134;100242.671875;-6.42188202467774;2.73327432472477;-0.501934683365483;-0.634563977937713;20220810120000_20220811043000_11;05_06_11
2022-08-10 12:00:00;2022-08-11 06:00:00;18;11;Perturbed;135.77;28.07;575659.268138754;3105200.43023757;100060.84375;-6.5938264850861;3.05617149120236;-0.598441916097557;-0.529314188417247;20220810120000_20220811073000_11;05_07_11
2022-08-10 12:00:00;2022-08-11 09:00:00;21;11;Perturbed;135.78;28.32;576471.238337644;3132896.86225397;99870.234375;-6.58561402953382;3.29428936101613;-0.593832512820453;-0.451698593482321;20220810120000_20220811103000_11;05_08_11
2022-08-10 12:00:00;2022-08-11 12:00:00;24;11;Perturbed;135.47;28.45;546013.827015335;3147148.40564977;99692.15625;-6.89366737565924;3.41681587103582;-0.766733552480672;-0.411760524248307;20220810120000_20220811133000_11;05_09_11
2022-08-10 12:00:00;2022-08-11 15:00:00;27;11;Perturbed;135.47;28.9;545816.033613466;3196990.68731502;99552.578125;-6.89566790415599;3.84533092054676;-0.767856388707926;-0.272084108814332;20220810120000_20220811163000_11;05_10_11
2022-08-10 12:00:00;2022-08-11 18:00:00;30;11;Perturbed;135.19;29.29;518444.372356887;3240128.27482045;99531.328125;-7.17251125600464;4.21620289566672;-0.923240201153717;-0.151196713776991;20220810120000_20220811193000_11;05_11_11
2022-08-10 12:00:00;2022-08-11 21:00:00;33;11;Perturbed;135.18;29.21;517497.981748319;3231271.65834541;99524.6484375;-7.18208327086256;4.14005884044891;-0.928612684009021;-0.17601621241903;20220810120000_20220811223000_11;05_12_11
2022-08-10 12:00:00;2022-08-12 00:00:00;36;11;Perturbed;135.32;29.4;531037.516382636;3252353.67663346;99403.625;-7.0451412666671;4.32130981469535;-0.851751272839969;-0.116936638888179;20220810120000_20220812013000_11;05_13_11
2022-08-10 12:00:00;2022-08-12 03:00:00;39;11;Perturbed;135.44;29.62;542597.748469326;3276762.29436015;99078.9375;-6.92821838905922;4.53116096284097;-0.786125992826821;-0.0485347095250512;20220810120000_20220812043000_11;05_14_11
2022-08-10 12:00:00;2022-08-10 12:00:00;0;12;Perturbed;137.95;26.79;793294.735314477;2966578.07532871;100627.046875;-4.39254300809701;1.86435509512465;0.63703401268101;-0.917785040589066;20220810120000_20220810133000_12;05_01_12
2022-08-10 12:00:00;2022-08-10 15:00:00;3;12;Perturbed;137.21;26.99;719321.253966024;2987245.77536588;100558.1328125;-5.14072801347358;2.04204400118611;0.21710036510062;-0.859866539268343;20220810120000_20220810163000_12;05_02_12
2022-08-10 12:00:00;2022-08-10 18:00:00;6;12;Perturbed;137.19;26.6;718067.304414117;2944008.90412221;100400.625;-5.15341075105917;1.670318442029;0.209981927525221;-0.981032163877124;20220810120000_20220810193000_12;05_03_12
2022-08-10 12:00:00;2022-08-10 21:00:00;9;12;Perturbed;136.79;27.19;677309.434165832;3008753.19588084;100359.3984375;-5.56564533587216;2.22695233721936;-0.0213928950324392;-0.799594832147527;20220810120000_20220810223000_12;05_04_12
2022-08-10 12:00:00;2022-08-11 00:00:00;12;12;Perturbed;136.4;27.41;638402.396434475;3032627.91306865;100378.546875;-5.95916016988547;2.43221331797672;-0.242260886821482;-0.732689088572428;20220810120000_20220811013000_12;05_05_12
2022-08-10 12:00:00;2022-08-11 03:00:00;15;12;Perturbed;136.09;27.59;607573.002814852;3052251.72374029;100258.796875;-6.2709758315332;2.60092746830455;-0.417273600558666;-0.677695949410395;20220810120000_20220811043000_12;05_06_12
2022-08-10 12:00:00;2022-08-11 06:00:00;18;12;Perturbed;136.01;27.7;599573.965227623;3064387.78040163;100037;-6.3518799592167;2.70526624950302;-0.462682644041624;-0.643686252516005;20220810120000_20220811073000_12;05_07_12
2022-08-10 12:00:00;2022-08-11 09:00:00;21;12;Perturbed;135.94;27.81;592584.036667548;3076516.020699;99964.9296875;-6.42257772336094;2.80953783013439;-0.502363163912413;-0.609698459949917;20220810120000_20220811103000_12;05_08_12
2022-08-10 12:00:00;2022-08-11 12:00:00;24;12;Perturbed;135.7;28.2;568698.34691841;3119547.88598796;99891.71875;-6.6641631481323;3.179500866913;-0.637957766714474;-0.489107337469434;20220810120000_20220811133000_12;05_09_12
2022-08-10 12:00:00;2022-08-11 15:00:00;27;12;Perturbed;135.53;28.5;551862.38486958;3152712.83409563;99716.8046875;-6.83444598633871;3.46463386856476;-0.733532381087252;-0.396166948005631;20220810120000_20220811163000_12;05_10_12
2022-08-10 12:00:00;2022-08-11 18:00:00;30;12;Perturbed;135.39;28.73;538076.173191021;3178140.23943328;99501.96875;-6.97388293956601;3.68324396210705;-0.811794131797914;-0.324910000837679;20220810120000_20220811193000_12;05_11_12
2022-08-10 12:00:00;2022-08-11 21:00:00;33;12;Perturbed;135.26;28.97;525323.660148149;3204694.67108859;99477.625;-7.1028648242309;3.91154357471177;-0.88418776827805;-0.250494711176355;20220810120000_20220811223000_12;05_12_12
2022-08-10 12:00:00;2022-08-12 00:00:00;36;12;Perturbed;135.21;29.12;520426.312795277;3221303.27622783;99356.9609375;-7.15239773506255;4.05433473546458;-0.911989095184269;-0.203951287526775;20220810120000_20220812013000_12;05_13_12
2022-08-10 12:00:00;2022-08-12 03:00:00;39;12;Perturbed;135.31;29.41;530070.640360183;3253455.93308031;99060.8671875;-7.05485276165495;4.33076464362137;-0.857240047566607;-0.113847710688225;20220810120000_20220812043000_12;05_14_12
2022-08-10 12:00:00;2022-08-10 12:00:00;0;13;Perturbed;137.95;26.79;793307.409067148;2966579.7440527;100626.28125;-4.39248167811773;1.86440083605826;0.637105959209559;-0.917780364210363;20220810120000_20220810133000_13;05_01_13
2022-08-10 12:00:00;2022-08-10 15:00:00;3;13;Perturbed;137.39;27.21;736728.164271685;3011958.17462937;100562.578125;-4.96473732703186;2.25453828112736;0.315916146168543;-0.790613302245996;20220810120000_20220810163000_13;05_02_13
2022-08-10 12:00:00;2022-08-10 18:00:00;6;13;Perturbed;136.92;27.02;690487.464528405;2990103.93237286;100442.7109375;-5.43242652531462;2.06664817277578;0.0534163238552402;-0.851856931518763;20220810120000_20220810193000_13;05_03_13
2022-08-10 12:00:00;2022-08-10 21:00:00;9;13;Perturbed;136.42;27.7;640015.551327309;3064785.092376;100468.0078125;-5.94291120119256;2.70871350179135;-0.233103307565896;-0.642572838151022;20220810120000_20220810223000_13;05_04_13
2022-08-10 12:00:00;2022-08-11 00:00:00;12;13;Perturbed;136.17;28.27;614747.672924568;3127676.86368314;100569.328125;-6.19847640366771;3.24942049984797;-0.376544337389791;-0.466326950463272;20220810120000_20220811013000_13;05_05_13
2022-08-10 12:00:00;2022-08-11 03:00:00;15;13;Perturbed;136.09;27.61;607564.91513502;3054477.11390445;100541.8046875;-6.27112448751383;2.62009147732698;-0.417319512807629;-0.671459587215757;20220810120000_20220811043000_13;05_06_13
2022-08-10 12:00:00;2022-08-11 06:00:00;18;13;Perturbed;135.7;28.48;568519.819400742;3150584.40267069;100372.8125;-6.66603567229736;3.44636624300949;-0.638971234112807;-0.402131596131665;20220810120000_20220811073000_13;05_07_13
2022-08-10 12:00:00;2022-08-11 09:00:00;21;13;Perturbed;135.69;28.54;567492.852198511;3157221.96262803;100333.8125;-6.67642265757527;3.50343213643817;-0.644801135251929;-0.383530710476069;20220810120000_20220811103000_13;05_08_13
2022-08-10 12:00:00;2022-08-11 12:00:00;24;13;Perturbed;135.43;28.99;541885.310750461;3206959.01471265;100384.265625;-6.93542329113666;3.93104248300525;-0.790170368791061;-0.244149187052012;20220810120000_20220811133000_13;05_09_13
2022-08-10 12:00:00;2022-08-11 15:00:00;27;13;Perturbed;135.55;29.21;553452.504810722;3231381.27412731;100202.140625;-6.81842999850788;4.14101091447732;-0.724505566953293;-0.175709028659012;20220810120000_20220811163000_13;05_10_13
2022-08-10 12:00:00;2022-08-11 18:00:00;30;13;Perturbed;135.55;29.89;553097.96660204;3306718.55238611;99973.6953125;-6.8220158804582;4.78871716797343;-0.726518214194776;0.0354137495158923;20220810120000_20220811193000_13;05_11_13
2022-08-10 12:00:00;2022-08-11 21:00:00;33;13;Perturbed;135.31;30.51;529740.147749193;3375342.27740433;100046.9921875;-7.05826229613899;5.37870418183663;-0.859116192437731;0.227722680889615;20220810120000_20220811223000_13;05_12_13
2022-08-10 12:00:00;2022-08-12 00:00:00;36;13;Perturbed;135.19;30.9;518153.040342014;3418529.87627877;100103.5;-7.1754569969927;5.75000612572105;-0.924894038629425;0.348750226187341;20220810120000_20220812013000_13;05_13_13
2022-08-10 12:00:00;2022-08-12 03:00:00;39;13;Perturbed;135.23;31.12;521936.138401459;3442928.95290463;99979.1328125;-7.13719386282151;5.95977524501169;-0.903418097004157;0.417125417874769;20220810120000_20220812043000_13;05_14_13
2022-08-10 12:00:00;2022-08-10 12:00:00;0;14;Perturbed;137.95;26.79;793312.441155457;2966585.18155321;100626.7890625;-4.39233557695672;1.86431545231587;0.637134525435729;-0.917765126332908;20220810120000_20220810133000_14;05_01_14
2022-08-10 12:00:00;2022-08-10 15:00:00;3;14;Perturbed;137.33;26.89;731425.840237893;2976387.64541476;100527.4765625;-5.01827106081122;1.94859135515623;0.285815842227532;-0.890295015237305;20220810120000_20220810163000_14;05_02_14
2022-08-10 12:00:00;2022-08-10 18:00:00;6;14;Perturbed;137.05;26.81;703760.78765301;2967031.32182798;100327.0078125;-5.29808184083201;1.86815110781853;0.128766501968026;-0.916514877101143;20220810120000_20220810193000_14;05_03_14
2022-08-10 12:00:00;2022-08-10 21:00:00;9;14;Perturbed;136.78;26.79;676943.684672754;2964416.90714052;100268.421875;-5.56931626121781;1.84567388563269;-0.0234691866430168;-0.923841429173032;20220810120000_20220810223000_14;05_04_14
2022-08-10 12:00:00;2022-08-11 00:00:00;12;14;Perturbed;136.44;27.03;642841.567991865;2990575.14885041;100302.453125;-5.9142330055313;2.07056728671568;-0.217060538394605;-0.850536409538653;20220810120000_20220811013000_14;05_05_14
2022-08-10 12:00:00;2022-08-11 03:00:00;15;14;Perturbed;136.17;27.27;615803.017847456;3016883.46653967;99998.7109375;-6.18770719407026;2.29675095408627;-0.370553341226771;-0.776810821781371;20220810120000_20220811043000_14;05_06_14
2022-08-10 12:00:00;2022-08-11 06:00:00;18;14;Perturbed;136.17;27.42;615657.840292802;3033493.01433684;99492.046875;-6.18917555364357;2.43955021926558;-0.37137748710934;-0.730264756457374;20220810120000_20220811073000_14;05_07_14
2022-08-10 12:00:00;2022-08-11 09:00:00;21;14;Perturbed;135.97;27.71;595620.450996737;3065456.7883257;99433.8828125;-6.39183837206076;2.71435622203618;-0.485126006466554;-0.640690498912527;20220810120000_20220811103000_14;05_08_14
2022-08-10 12:00:00;2022-08-11 12:00:00;24;14;Perturbed;135.72;27.98;570807.556842771;3095193.96058089;99401.796875;-6.64280175796043;2.9700191936239;-0.625984175626102;-0.557355998825942;20220810120000_20220811133000_14;05_09_14
2022-08-10 12:00:00;2022-08-11 15:00:00;27;14;Perturbed;135.53;28.2;552015.028597716;3119476.11414269;99234.3828125;-6.83287376200516;3.17878307617753;-0.732665851131275;-0.489308468592291;20220810120000_20220811163000_14;05_10_14
2022-08-10 12:00:00;2022-08-11 18:00:00;30;14;Perturbed;135.4;28.42;539182.730961079;3143795.42837826;98991.75;-6.96266260661875;3.38786644466616;-0.805512409859618;-0.421156800475423;20220810120000_20220811193000_14;05_11_14
2022-08-10 12:00:00;2022-08-11 21:00:00;33;14;Perturbed;135.35;28.49;534254.30268275;3151528.73845832;98921.265625;-7.01250987716359;3.45435296256066;-0.833490177378873;-0.39948521973447;20220810120000_20220811223000_14;05_12_14
2022-08-10 12:00:00;2022-08-12 00:00:00;36;14;Perturbed;135.56;28.69;554710.185586002;3173773.96401322;98767.0390625;-6.80561431701198;3.64560451870054;-0.717365947919181;-0.33714591137581;20220810120000_20220812013000_14;05_13_14
2022-08-10 12:00:00;2022-08-12 03:00:00;39;14;Perturbed;135.59;29.2;557358.630563725;3230292.03720624;98439.0390625;-6.77882732816441;4.13151415452404;-0.702331220072965;-0.178761471356459;20220810120000_20220812043000_14;05_14_14
2022-08-10 12:00:00;2022-08-10 12:00:00;0;15;Perturbed;137.95;26.79;793303.477240404;2966574.1286132;100626.5703125;-4.39237500988864;1.86419537833789;0.637083638962949;-0.917796100738335;20220810120000_20220810133000_15;05_01_15
2022-08-10 12:00:00;2022-08-10 15:00:00;3;15;Perturbed;137.19;27.13;717055.426057274;3002734.68205614;100517.5;-5.16356554390825;2.17508285842985;0.204237682945258;-0.81646092272742;20220810120000_20220810163000_15;05_02_15
2022-08-10 12:00:00;2022-08-10 18:00:00;6;15;Perturbed;136.58;27.2;656488.608395959;3009581.54045612;100347.84375;-5.7761524327707;2.23394817856044;-0.13958883703486;-0.797273505812662;20220810120000_20220810193000_15;05_03_15
2022-08-10 12:00:00;2022-08-10 21:00:00;9;15;Perturbed;136.36;27.15;634756.249895851;3003787.10149305;100317.390625;-5.99595856416874;2.1841309507733;-0.262959380222978;-0.813511656169592;20220810120000_20220810223000_15;05_04_15
2022-08-10 12:00:00;2022-08-11 00:00:00;12;15;Perturbed;136.31;27.31;629621.677692071;3021454.86997051;100329.171875;-6.04789082234915;2.3360281840243;-0.292107388333368;-0.764000067068926;20220810120000_20220811013000_15;05_05_15
2022-08-10 12:00:00;2022-08-11 03:00:00;15;15;Perturbed;136.06;27.8;604421.161575992;3075493.45359657;100194.953125;-6.30277470698054;2.80062060564629;-0.435166015028038;-0.612564069280723;20220810120000_20220811043000_15;05_06_15
2022-08-10 12:00:00;2022-08-11 06:00:00;18;15;Perturbed;135.71;27.98;569819.622185994;3095187.05638806;100069.078125;-6.65274272879901;2.96993478816952;-0.631592496289519;-0.557375346915035;20220810120000_20220811073000_15;05_07_15
2022-08-10 12:00:00;2022-08-11 09:00:00;21;15;Perturbed;135.83;27.8;581756.840650373;3075320.74499593;99971.21875;-6.53200692323536;2.7991357571987;-0.563827134969053;-0.613048062337345;20220810120000_20220811103000_15;05_08_15
2022-08-10 12:00:00;2022-08-11 12:00:00;24;15;Perturbed;136.28;28;625862.682520632;3097854.68160811;99798.390625;-6.08591017430186;2.99286948367414;-0.313446502361864;-0.549899679349073;20220810120000_20220811133000_15;05_09_15
2022-08-10 12:00:00;2022-08-11 15:00:00;27;15;Perturbed;136.21;28.5;618415.267623052;3153180.29866026;99457.1484375;-6.16123506172929;3.46852707273791;-0.35572408678774;-0.394856940266233;20220810120000_20220811163000_15;05_10_15
2022-08-10 12:00:00;2022-08-11 18:00:00;30;15;Perturbed;135.92;29.02;589591.459745532;3210558.80704229;99141.625;-6.45276576244393;3.96183423161415;-0.519351464579346;-0.23406124420284;20220810120000_20220811193000_15;05_11_15
2022-08-10 12:00:00;2022-08-11 21:00:00;33;15;Perturbed;136.17;29.29;613641.395564167;3240678.9384329;99158.59375;-6.20951911470254;4.22078966388767;-0.382824467494803;-0.149653551687953;20220810120000_20220811223000_15;05_12_15
2022-08-10 12:00:00;2022-08-12 00:00:00;36;15;Perturbed;136.33;29.89;628416.945020389;3307345.26347785;99108.65625;-6.06007576895446;4.79394808727645;-0.29894643086532;0.037170024627748;20220810120000_20220812013000_15;05_13_15
2022-08-10 12:00:00;2022-08-12 03:00:00;39;15;Perturbed;136.21;30.43;616194.628145294;3367047.06418785;98949.328125;-6.18369512619184;5.30722956702415;-0.368330242654101;0.204476440777258;20220810120000_20220812043000_15;05_14_15
2022-08-10 12:00:00;2022-08-10 12:00:00;0;16;Perturbed;137.95;26.79;793299.175615719;2966577.51866244;100626.3046875;-4.39243521090513;1.86437289043611;0.637059219442447;-0.917786600572821;20220810120000_20220810133000_16;05_01_16
2022-08-10 12:00:00;2022-08-10 15:00:00;3;16;Perturbed;137.29;26.4;728432.522913779;2922010.2760781;100628.2578125;-5.04851163202083;1.4812095695661;0.268823338436073;-1.04268041526143;20220810120000_20220810163000_16;05_02_16
2022-08-10 12:00:00;2022-08-10 18:00:00;6;16;Perturbed;137.21;26.92;719451.787889279;2979501.02190079;100178.78125;-5.13934487604431;1.97548168090507;0.217841381820752;-0.881570188585375;20220810120000_20220810193000_16;05_03_16
2022-08-10 12:00:00;2022-08-10 21:00:00;9;16;Perturbed;136.71;27.56;668831.293815571;3049629.72920067;100298.7890625;-5.65133233344541;2.57840766014854;-0.0695217154838247;-0.685043743017453;20220810120000_20220810223000_16;05_04_16
2022-08-10 12:00:00;2022-08-11 00:00:00;12;16;Perturbed;136.29;27.71;627182.02350112;3065740.3057044;100438.4296875;-6.07258274597314;2.71691705934727;-0.305956849850729;-0.639895978881581;20220810120000_20220811013000_16;05_05_16
2022-08-10 12:00:00;2022-08-11 03:00:00;15;16;Perturbed;136.04;27.8;602449.08491831;3075476.95231656;100321.953125;-6.32273744261898;2.80062710362453;-0.446361126155331;-0.612610311939867;20220810120000_20220811043000_16;05_06_16
2022-08-10 12:00:00;2022-08-11 06:00:00;18;16;Perturbed;136.02;28.09;600218.302398957;3107596.75406319;99878.2578125;-6.3453000961647;3.07677454262382;-0.459024862175779;-0.522598807198751;20220810120000_20220811073000_16;05_07_16
2022-08-10 12:00:00;2022-08-11 09:00:00;21;16;Perturbed;135.68;28.21;566733.352700812;3120655.66422302;99855.0234375;-6.68397466998837;3.18904748332273;-0.649112672151239;-0.4860029351869;20220810120000_20220811103000_16;05_08_16
2022-08-10 12:00:00;2022-08-11 12:00:00;24;16;Perturbed;135.4;28.5;539148.985348629;3152661.61890925;99882.921875;-6.96296938078866;3.46421613128171;-0.805703977403387;-0.3963104718053;20220810120000_20220811133000_16;05_09_16
2022-08-10 12:00:00;2022-08-11 15:00:00;27;16;Perturbed;135.03;28.69;502934.724221209;3173638.93226713;99792.6953125;-7.32924884557005;3.64456691322484;-1.01128557897802;-0.337524320020713;20220810120000_20220811163000_16;05_10_16
2022-08-10 12:00:00;2022-08-11 18:00:00;30;16;Perturbed;134.69;28.74;469739.476142312;3179215.37126116;99685.9453125;-7.66499330979765;3.69250990362952;-1.19972880692945;-0.32189708580209;20220810120000_20220811193000_16;05_11_16
2022-08-10 12:00:00;2022-08-11 21:00:00;33;16;Perturbed;134.6;28.68;460927.103921958;3172589.82347063;99570.5546875;-7.75412369323882;3.63554728384888;-1.24975499932801;-0.340464308945756;20220810120000_20220811223000_16;05_12_16
2022-08-10 12:00:00;2022-08-12 00:00:00;36;16;Perturbed;134.6;28.72;460937.973963505;3177035.04342517;99554.6484375;-7.75401375110895;3.67376470859883;-1.24969329213088;-0.328007166770044;20220810120000_20220812013000_16;05_13_16
2022-08-10 12:00:00;2022-08-12 03:00:00;39;16;Perturbed;134.42;29.02;443513.814987307;3210349.67225445;99286.609375;-7.93024574992324;3.96018457834108;-1.34860699068224;-0.234647316841032;20220810120000_20220812043000_16;05_14_16
2022-08-10 12:00:00;2022-08-10 12:00:00;0;17;Perturbed;137.95;26.79;793301.58407939;2966589.52736838;100625.953125;-4.39237228940095;1.86435829150203;0.637072891841204;-0.917752947759526;20220810120000_20220810133000_17;05_01_17
2022-08-10 12:00:00;2022-08-10 15:00:00;3;17;Perturbed;137.55;27.1;752817.500378178;3000072.31300563;100471.265625;-4.80183773336157;2.15222387601674;0.407252304413149;-0.823921860572017;20220810120000_20220810163000_17;05_02_17
2022-08-10 12:00:00;2022-08-10 18:00:00;6;17;Perturbed;137.19;26.62;718038.074227496;2946224.72548243;100257.9765625;-5.15360494327518;1.68927352818711;0.209815993211144;-0.974822616992484;20220810120000_20220810193000_17;05_03_17
2022-08-10 12:00:00;2022-08-10 21:00:00;9;17;Perturbed;137.05;27.22;703011.225253325;3012455.10407768;100208.3828125;-5.30558999082991;2.25868393667295;0.124511376119533;-0.789220723059313;20220810120000_20220810223000_17;05_04_17
2022-08-10 12:00:00;2022-08-11 00:00:00;12;17;Perturbed;136.96;27.5;693619.063886031;3043337.66206183;100165.4765625;-5.40058449663106;2.52419427090047;0.0711938289426883;-0.70267643065254;20220810120000_20220811013000_17;05_05_17
2022-08-10 12:00:00;2022-08-11 03:00:00;15;17;Perturbed;136.78;28.04;674961.630862033;3102906.50725611;100015.375;-5.58929011617082;3.03633267618414;-0.0347209362060243;-0.535742604786364;20220810120000_20220811043000_17;05_06_17
2022-08-10 12:00:00;2022-08-11 06:00:00;18;17;Perturbed;136.8;28.41;676327.902913988;3143932.3316288;99677.8671875;-5.57547132268018;3.38904893585228;-0.026964864761153;-0.42077314718633;20220810120000_20220811073000_17;05_07_17
2022-08-10 12:00:00;2022-08-11 09:00:00;21;17;Perturbed;136.5;28.97;646154.292952206;3205596.78642343;99621.6953125;-5.88065423579934;3.91920417787867;-0.198254817064906;-0.247966652025213;20220810120000_20220811103000_17;05_08_17
2022-08-10 12:00:00;2022-08-11 12:00:00;24;17;Perturbed;136.18;29.4;614486.950642792;3252886.79117184;99697.4609375;-6.20094510550202;4.32577622974103;-0.378024409123553;-0.11544265576281;20220810120000_20220811133000_17;05_09_17
2022-08-10 12:00:00;2022-08-11 15:00:00;27;17;Perturbed;135.93;29.69;589973.124316169;3284796.00645125;99618.15625;-6.44888364979723;4.60011316834964;-0.517184826043773;-0.0260212917997147;20220810120000_20220811163000_17;05_10_17
2022-08-10 12:00:00;2022-08-11 18:00:00;30;17;Perturbed;135.88;29.98;584897.237985852;3316890.23328573;99483.1796875;-6.50022234539613;4.87604072907727;-0.545999685403344;0.0639185426258488;20220810120000_20220811193000_17;05_11_17
2022-08-10 12:00:00;2022-08-11 21:00:00;33;17;Perturbed;135.95;30.24;591411.484826693;3345761.64765173;99583.8671875;-6.43433573686029;5.12426041612112;-0.509019521873827;0.144826870503706;20220810120000_20220811223000_17;05_12_17
2022-08-10 12:00:00;2022-08-12 00:00:00;36;17;Perturbed;135.97;30.57;593020.814628077;3382348.0864145;99551.1484375;-6.41805860072783;5.43880941135285;-0.499883656948511;0.247355535908734;20220810120000_20220812013000_17;05_13_17
2022-08-10 12:00:00;2022-08-12 03:00:00;39;17;Perturbed;136.08;30.9;603216.263520501;3419022.3023923;99545.46875;-6.31493945795743;5.75411306420433;-0.442005996413009;0.350130185372732;20220810120000_20220812043000_17;05_14_17
2022-08-10 12:00:00;2022-08-10 12:00:00;0;18;Perturbed;137.95;26.79;793306.788203286;2966572.12362261;100626.9140625;-4.3924593569137;1.86423344238359;0.637102434681293;-0.917801719459819;20220810120000_20220810133000_18;05_01_18
2022-08-10 12:00:00;2022-08-10 15:00:00;3;18;Perturbed;137.09;26.98;707424.797060735;2985941.65771342;100608.8984375;-5.26108980168166;2.0307614700464;0.149566399543578;-0.863521156852329;20220810120000_20220810163000_18;05_02_18
2022-08-10 12:00:00;2022-08-10 18:00:00;6;18;Perturbed;136.62;27.1;660589.456859355;2998537.38034833;100400.75;-5.73479333194164;2.13905219286634;-0.116309085669682;-0.82822330674063;20220810120000_20220810193000_18;05_03_18
2022-08-10 12:00:00;2022-08-10 21:00:00;9;18;Perturbed;136.17;27.03;616046.951317144;2990293.63619152;100447.65625;-6.18530659887311;2.06817725862405;-0.369168576445857;-0.851325311606923;20220810120000_20220810223000_18;05_04_18
2022-08-10 12:00:00;2022-08-11 00:00:00;12;18;Perturbed;135.8;27.04;579336.298530639;2991116.38555325;100484.4375;-6.55660668441415;2.07525078077626;-0.577568100825098;-0.849019665119499;20220810120000_20220811013000_18;05_05_18
2022-08-10 12:00:00;2022-08-11 03:00:00;15;18;Perturbed;135.43;27.4;542519.203564726;3030815.65123269;100367.96875;-6.92898335092881;2.41656205766422;-0.786571877591013;-0.737767713158157;20220810120000_20220811043000_18;05_06_18
2022-08-10 12:00:00;2022-08-11 06:00:00;18;18;Perturbed;135.16;27.42;515819.677319979;3032962.67948675;100245.2578125;-7.19902857284935;2.43502096218971;-0.938140105018496;-0.731750949873179;20220810120000_20220811073000_18;05_07_18
2022-08-10 12:00:00;2022-08-11 09:00:00;21;18;Perturbed;135.03;27.29;502958.969933943;3018561.45129397;100231.859375;-7.32910476027985;2.31120754904188;-1.01114794059193;-0.772108490993082;20220810120000_20220811103000_18;05_08_18
2022-08-10 12:00:00;2022-08-11 12:00:00;24;18;Perturbed;135.04;27.38;503958.776114958;3028522.21767965;100224.5703125;-7.31899248789139;2.39684444523359;-1.00547222750105;-0.744194757968767;20220810120000_20220811133000_18;05_09_18
2022-08-10 12:00:00;2022-08-11 15:00:00;27;18;Perturbed;134.72;27.75;472406.864806338;3069542.05148734;99970.0078125;-7.63811586158907;2.74950920149596;-1.18458653931164;-0.629242088136416;20220810120000_20220811163000_18;05_10_18
2022-08-10 12:00:00;2022-08-11 18:00:00;30;18;Perturbed;134.84;27.6;484208.654487983;3052910.55416967;99734.765625;-7.51874981425083;2.60652122706119;-1.11758998191502;-0.675849664094385;20220810120000_20220811193000_18;05_11_18
2022-08-10 12:00:00;2022-08-11 21:00:00;33;18;Perturbed;134.77;27.83;477344.96023782;3078398.75630328;99305.09375;-7.58817081520753;2.8256540162177;-1.15655389316817;-0.604422341930638;20220810120000_20220811223000_18;05_12_18
2022-08-10 12:00:00;2022-08-12 00:00:00;36;18;Perturbed;134.82;28.12;482313.618345386;3110510.14728701;98981.1171875;-7.53791665080755;3.10172914435237;-1.12834774841662;-0.514434407242383;20220810120000_20220812013000_18;05_13_18
2022-08-10 12:00:00;2022-08-12 03:00:00;39;18;Perturbed;134.45;28.44;446149.521349518;3146073.7982873;98593.6875;-7.90368874388829;3.40748480320313;-1.33364457757881;-0.41477196953881;20220810120000_20220812043000_18;05_14_18
2022-08-10 12:00:00;2022-08-10 12:00:00;0;19;Perturbed;137.95;26.79;793295.962966781;2966590.25272032;100626.453125;-4.39252491477849;1.86443571055309;0.637040981834022;-0.917750915056431;20220810120000_20220810133000_19;05_01_19
2022-08-10 12:00:00;2022-08-10 15:00:00;3;19;Perturbed;136.69;26.41;668557.574412468;2922188.87260673;100429.1015625;-5.65415800558241;1.48269837907376;-0.0710755694496441;-1.04217992206381;20220810120000_20220810163000_19;05_02_19
2022-08-10 12:00:00;2022-08-10 18:00:00;6;19;Perturbed;136.59;26.9;657902.29579861;2976348.94288678;100130.9375;-5.7619279731664;1.94833527253395;-0.131563597493441;-0.890403473963424;20220810120000_20220810193000_19;05_03_19
2022-08-10 12:00:00;2022-08-10 21:00:00;9;19;Perturbed;136.18;27.46;616593.189478899;3037943.60670764;100083.9609375;-6.17973788788878;2.47789049221827;-0.366067684348689;-0.717792558794228;20220810120000_20220810223000_19;05_04_19
2022-08-10 12:00:00;2022-08-11 00:00:00;12;19;Perturbed;136.05;27.63;603586.797251708;3056663.53617699;100075.6796875;-6.31128756570632;2.63883359585222;-0.439902545575477;-0.665332427393789;20220810120000_20220811013000_19;05_05_19
2022-08-10 12:00:00;2022-08-11 03:00:00;15;19;Perturbed;135.81;28.16;579528.966703044;3115192.3601784;99954.640625;-6.55461406258448;3.14203050170878;-0.576474359568965;-0.501313123643018;20220810120000_20220811043000_19;05_06_19
2022-08-10 12:00:00;2022-08-11 06:00:00;18;19;Perturbed;135.57;28.39;555832.347496637;3140540.46119066;99791.796875;-6.79428718388638;3.35995878262556;-0.710995644187103;-0.430278416379214;20220810120000_20220811073000_19;05_07_19
2022-08-10 12:00:00;2022-08-11 09:00:00;21;19;Perturbed;135.53;28.76;551746.612400076;3181508.94262805;99736.875;-6.8356112594803;3.7121820409715;-0.734189599789441;-0.315469654786394;20220810120000_20220811103000_19;05_08_19
2022-08-10 12:00:00;2022-08-11 12:00:00;24;19;Perturbed;135.4;29.04;538948.600474821;3212473.85473585;99583.140625;-6.96505333043005;3.97840040822234;-0.806841524933181;-0.228694575818409;20220810120000_20220811133000_19;05_09_19
2022-08-10 12:00:00;2022-08-11 15:00:00;27;19;Perturbed;135.19;29.58;518395.592631543;3272267.15866044;99394.515625;-7.17293123482786;4.49246857957443;-0.923517114550492;-0.061131733987982;20220810120000_20220811163000_19;05_10_19
2022-08-10 12:00:00;2022-08-11 18:00:00;30;19;Perturbed;135.16;29.97;515435.500571855;3315470.85432611;99148.5234375;-7.20287029478856;4.86390891434029;-0.940321004716796;0.0599409204424823;20220810120000_20220811193000_19;05_11_19
2022-08-10 12:00:00;2022-08-11 21:00:00;33;19;Perturbed;135.38;30.38;536516.096872148;3360963.07448732;98950.953125;-6.98965623795675;5.25502465630551;-0.820650393895436;0.187426862697835;20220810120000_20220811223000_19;05_12_19
2022-08-10 12:00:00;2022-08-12 00:00:00;36;19;Perturbed;135.55;31.01;552509.467349813;3430848.33551415;98743.4140625;-6.82789556698799;5.85585762559312;-0.729859014615157;0.383271082219238;20220810120000_20220812013000_19;05_13_19
2022-08-10 12:00:00;2022-08-12 03:00:00;39;19;Perturbed;135.62;31.77;558717.178959316;3515110.42854264;98313.5390625;-6.7651093271184;6.58029426371718;-0.694618994383766;0.619404475755105;20220810120000_20220812043000_19;05_14_19
2022-08-10 12:00:00;2022-08-10 12:00:00;0;20;Perturbed;137.95;26.79;793298.645998992;2966586.24597036;100626.6015625;-4.39246193253904;1.86445668379923;0.637056212907136;-0.917762143444322;20220810120000_20220810133000_20;05_01_20
2022-08-10 12:00:00;2022-08-10 15:00:00;3;20;Perturbed;137.59;26.9;757236.849946471;2977986.05487132;100630.53125;-4.75719933007142;1.96246563347811;0.432340127107396;-0.885815683717368;20220810120000_20220810163000_20;05_02_20
2022-08-10 12:00:00;2022-08-10 18:00:00;6;20;Perturbed;137.35;27.07;733057.102115796;2996361.80156609;100481.296875;-5.00175892671229;2.12044965310211;0.295076211457953;-0.834320079112313;20220810120000_20220810193000_20;05_03_20
2022-08-10 12:00:00;2022-08-10 21:00:00;9;20;Perturbed;136.93;27.22;691126.184935923;3012268.58998787;100574.59375;-5.4258579811814;2.25720700048647;0.0570422204011922;-0.789743404177077;20220810120000_20220810223000_20;05_04_20
2022-08-10 12:00:00;2022-08-11 00:00:00;12;20;Perturbed;136.43;27.13;641729.026460916;3001646.88992189;100661.46875;-5.92547233764407;2.16588777958415;-0.223376229026701;-0.819509316600496;20220810120000_20220811013000_20;05_05_20
2022-08-10 12:00:00;2022-08-11 03:00:00;15;20;Perturbed;136.21;27.19;619854.135546161;3008053.99020433;100505.828125;-6.14672007505383;2.22097231430087;-0.347555902131249;-0.801554263764284;20220810120000_20220811043000_20;05_06_20
2022-08-10 12:00:00;2022-08-11 06:00:00;18;20;Perturbed;136.29;27.17;627804.543247954;3005928.4363449;100180.640625;-6.06630780134871;2.202698034174;-0.302422921431876;-0.807510847892826;20220810120000_20220811073000_20;05_07_20
2022-08-10 12:00:00;2022-08-11 09:00:00;21;20;Perturbed;135.99;27.49;597804.48275485;3041107.49171179;99998.1484375;-6.36973539475344;2.50514716267775;-0.472727665792337;-0.708926188687163;20220810120000_20220811103000_20;05_08_20
2022-08-10 12:00:00;2022-08-11 12:00:00;24;20;Perturbed;135.88;27.54;586886.700251718;3046562.59913995;99906.328125;-6.48016038776314;2.55204701460197;-0.534705879423154;-0.69363897016675;20220810120000_20220811133000_20;05_09_20
2022-08-10 12:00:00;2022-08-11 15:00:00;27;20;Perturbed;135.55;27.69;554228.275029107;3062980.68902327;99780.0703125;-6.81047530069351;2.69320023560578;-0.720101664209339;-0.647629440374801;20220810120000_20220811163000_20;05_10_20
2022-08-10 12:00:00;2022-08-11 18:00:00;30;20;Perturbed;135.38;27.86;537409.058341935;3081744.77864806;99612.140625;-6.98058877241514;2.85452300266124;-0.815581218289249;-0.595045555967678;20220810120000_20220811193000_20;05_11_20
2022-08-10 12:00:00;2022-08-11 21:00:00;33;20;Perturbed;135.19;27.84;518715.9294614;3079487.3747979;99663.484375;-7.16965542815502;2.83511515273347;-0.921698622153433;-0.601371632291682;20220810120000_20220811223000_20;05_12_20
2022-08-10 12:00:00;2022-08-12 00:00:00;36;20;Perturbed;135.02;27.87;501965.15477189;3082802.72927833;99533.3359375;-7.33907666158458;2.86361864899934;-1.01678964378629;-0.592080788970551;20220810120000_20220812013000_20;05_13_20
2022-08-10 12:00:00;2022-08-12 03:00:00;39;20;Perturbed;134.81;27.89;481298.3720271;3085029.00653557;99245.640625;-7.54810531181384;2.88275889052192;-1.13411111228512;-0.585841940814659;20220810120000_20220812043000_20;05_14_20
2022-08-10 18:00:00;2022-08-10 18:00:00;0;0;Unperturbed;137.04;27.1;702253.845475896;2999149.38574545;100369.4921875;-8.20316143531967;1.92880954535241;0.120211872476582;-0.826508242396877;20220810180000_20220810193000_00;06_01_00
2022-08-10 18:00:00;2022-08-10 21:00:00;3;0;Unperturbed;136.79;27.09;677466.907945406;2997668.15140068;100340.1796875;-8.59021838817397;1.91735430206595;-0.0204989457759056;-0.83065920613253;20220810180000_20220810223000_00;06_02_00
2022-08-10 18:00:00;2022-08-11 00:00:00;6;0;Unperturbed;136.52;27.63;649964.52355795;3057142.97068401;100293.9765625;-9.01967802126265;2.37730753412278;-0.176624849038184;-0.663988875470854;20220810180000_20220811013000_00;06_03_00
2022-08-10 18:00:00;2022-08-11 03:00:00;9;0;Unperturbed;136.05;28;603239.326591272;3097644.91443353;100153.671875;-9.7493087930025;2.69053252844234;-0.441875071664614;-0.550487524167617;20220810180000_20220811043000_00;06_04_00
2022-08-10 18:00:00;2022-08-11 06:00:00;12;0;Unperturbed;135.83;28;581616.5934066;3097488.2724134;100007.5546875;-10.086955555881;2.68932112495593;-0.564623292396921;-0.550926492753059;20220810180000_20220811073000_00;06_05_00
2022-08-10 18:00:00;2022-08-11 09:00:00;15;0;Unperturbed;136.05;27.9;603341.465054476;3086573.91817451;99873.9609375;-9.74771386412965;2.60491410079879;-0.441295250671609;-0.581512529867153;20220810180000_20220811103000_00;06_06_00
2022-08-10 18:00:00;2022-08-11 12:00:00;18;0;Unperturbed;135.98;28.16;596222.613509669;3115319.93518785;99567.390625;-9.8588772937936;2.8272237033057;-0.481707642265192;-0.500955611518304;20220810180000_20220811133000_00;06_07_00
2022-08-10 18:00:00;2022-08-11 15:00:00;21;0;Unperturbed;135.83;28.52;581216.515859004;3155086.46156637;99259.9296875;-10.0932029108149;3.13476128905841;-0.566894457966178;-0.389515170325876;20220810180000_20220811163000_00;06_08_00
2022-08-10 18:00:00;2022-08-11 18:00:00;24;0;Unperturbed;135.79;28.72;577151.450020611;3177227.95653914;99121.671875;-10.1566803773081;3.30599429653983;-0.589971078047501;-0.327466553231704;20220810180000_20220811193000_00;06_09_00
2022-08-10 18:00:00;2022-08-11 21:00:00;27;0;Unperturbed;135.8;28.99;577920.250678462;3207144.3146689;98934.859375;-10.1446752782669;3.53735482489382;-0.585606740197931;-0.24362990838331;20220810180000_20220811223000_00;06_10_00
2022-08-10 18:00:00;2022-08-12 00:00:00;30;0;Unperturbed;135.75;29.18;572915.014865656;3228156.38039281;98831.15625;-10.2228338373725;3.6998533017007;-0.614020529755443;-0.184746367680035;20220810180000_20220812013000_00;06_11_00
2022-08-10 18:00:00;2022-08-12 03:00:00;33;0;Unperturbed;135.84;29.47;581454.158491911;3260353.23197899;98470.53125;-10.0894920355505;3.94885020707286;-0.56554540509158;-0.0945189409337799;20220810180000_20220812043000_00;06_12_00
2022-08-10 18:00:00;2022-08-12 06:00:00;36;0;Unperturbed;135.83;29.87;580157.165513903;3304669.45576045;98022.421875;-10.1097450478205;4.29157323854161;-0.57290819216355;0.029671426693009;20220810180000_20220812073000_00;06_13_00
2022-08-10 18:00:00;2022-08-12 09:00:00;39;0;Unperturbed;135.68;30.11;565516.977869162;3331160.26828328;98083.8046875;-10.3383568483715;4.496442038254;-0.656017805052494;0.103908432132956;20220810180000_20220812103000_00;06_14_00
2022-08-10 18:00:00;2022-08-10 18:00:00;0;1;Perturbed;137.04;27.1;702253.975389006;2999145.11052429;100368.859375;-8.20310738762733;1.92887935414561;0.120212609969062;-0.826520223139854;20220810180000_20220810193000_01;06_01_01
2022-08-10 18:00:00;2022-08-10 21:00:00;3;1;Perturbed;137.07;27.03;705354.859069785;2991440.77634507;100052.375;-8.15468597263157;1.86929727471638;0.137815747891665;-0.848110602743391;20220810180000_20220810223000_01;06_02_01
2022-08-10 18:00:00;2022-08-11 00:00:00;6;1;Perturbed;136.7;27.79;667479.740457913;3075101.04338022;100085.6171875;-8.74611958482643;2.51629058518352;-0.0771942316481955;-0.613663747115849;20220810180000_20220811013000_01;06_03_01
2022-08-10 18:00:00;2022-08-11 03:00:00;9;1;Perturbed;136.34;28.19;631536.095828913;3118967.46794481;100124.2421875;-9.3073925354467;2.85553505873369;-0.281239593867791;-0.49073388242307;20220810180000_20220811043000_01;06_04_01
2022-08-10 18:00:00;2022-08-11 06:00:00;12;1;Perturbed;136.41;28.41;638110.1385677;3143422.96942654;99772.078125;-9.20473649142034;3.04466361908298;-0.243919980185637;-0.422200567524898;20220810180000_20220811073000_01;06_05_01
2022-08-10 18:00:00;2022-08-11 09:00:00;15;1;Perturbed;135.95;28.9;592628.095953609;3197276.36149879;99693.2578125;-9.91495496040806;3.46114309795044;-0.502113047568444;-0.271283544621873;20220810180000_20220811103000_01;06_06_01
2022-08-10 18:00:00;2022-08-11 12:00:00;18;1;Perturbed;135.8;29.04;577899.590392592;3212674.43759102;99687.65625;-10.1449458770162;3.58022534067807;-0.585724024784881;-0.228132468842726;20220810180000_20220811133000_01;06_07_01
2022-08-10 18:00:00;2022-08-11 15:00:00;21;1;Perturbed;135.64;29.4;562103.291495561;3252481.80620618;99519.078125;-10.3916107709725;3.88807878310719;-0.675396665482348;-0.116577572673073;20220810180000_20220811163000_01;06_08_01
2022-08-10 18:00:00;2022-08-11 18:00:00;24;1;Perturbed;135.54;29.68;552256.333020766;3283457.93422755;99373.171875;-10.5453745724687;4.12763512597155;-0.731296010957448;-0.0297710625877827;20220810180000_20220811193000_01;06_09_01
2022-08-10 18:00:00;2022-08-11 21:00:00;27;1;Perturbed;135.56;29.89;554068.345734308;3306724.26289628;99247.7890625;-10.5170793416208;4.30756712405467;-0.721009552967521;0.0354297524668733;20220810180000_20220811223000_01;06_10_01
2022-08-10 18:00:00;2022-08-12 00:00:00;30;1;Perturbed;135.59;30.13;556826.168184974;3333340.66945158;99156.984375;-10.4740149512356;4.51340721517842;-0.70535390962106;0.110018718605033;20220810180000_20220812013000_01;06_11_01
2022-08-10 18:00:00;2022-08-12 03:00:00;33;1;Perturbed;135.66;30.61;563271.144818929;3386560.36417312;99023.4453125;-10.3733743209;4.9249859453237;-0.668766980127796;0.25915988832759;20220810180000_20220812043000_01;06_12_01
2022-08-10 18:00:00;2022-08-12 06:00:00;36;1;Perturbed;135.57;31.1;554358.636858207;3440820.62188186;98929.1875;-10.5125463412161;5.34461195186071;-0.719361624435605;0.411217098472641;20220810180000_20220812073000_01;06_13_01
2022-08-10 18:00:00;2022-08-12 09:00:00;39;1;Perturbed;135.58;31.43;555115.682861737;3477400.50847478;98599.8984375;-10.5007247953339;5.62750540608938;-0.715064015564789;0.513727402286508;20220810180000_20220812103000_01;06_14_01
2022-08-10 18:00:00;2022-08-10 18:00:00;0;2;Perturbed;137.04;27.1;702254.440780964;2999142.4033218;100369.7109375;-8.20332726584323;1.92882386111795;0.12021525191235;-0.826527809717509;20220810180000_20220810193000_02;06_01_02
2022-08-10 18:00:00;2022-08-10 21:00:00;3;2;Perturbed;136.54;27.29;652415.107427006;3019498.19096232;100447.53125;-8.98158639836185;2.08624695931554;-0.162713341778074;-0.769483401717491;20220810180000_20220810223000_02;06_02_02
2022-08-10 18:00:00;2022-08-11 00:00:00;6;2;Perturbed;136.02;27.66;600604.160973191;3059962.49921559;100540.171875;-9.7906329792169;2.39918089653983;-0.456834415064534;-0.656087518924809;20220810180000_20220811013000_02;06_03_02
2022-08-10 18:00:00;2022-08-11 03:00:00;9;2;Perturbed;135.67;27.69;566071.247967823;3063041.75095034;100486.28125;-10.3298768476697;2.42299453405534;-0.652871317148555;-0.647458322384069;20220810180000_20220811043000_02;06_04_02
2022-08-10 18:00:00;2022-08-11 06:00:00;12;2;Perturbed;135.8;27.2;579242.521648493;3008841.17569543;100314.2265625;-10.1242026674779;2.00383008650866;-0.578100454682998;-0.799348280330033;20220810180000_20220811073000_02;06_05_02
2022-08-10 18:00:00;2022-08-11 09:00:00;15;2;Perturbed;136.07;27.47;605723.651039742;3038956.36027209;100097.671875;-9.71069029880753;2.23672825495937;-0.427772025432346;-0.714954450608273;20220810180000_20220811103000_02;06_06_02
2022-08-10 18:00:00;2022-08-11 12:00:00;18;2;Perturbed;135.92;27.43;590939.731649487;3034399.37610584;99844.0625;-9.94154652230818;2.20148645648136;-0.511697576615209;-0.727724797234983;20220810180000_20220811133000_02;06_07_02
2022-08-10 18:00:00;2022-08-11 15:00:00;21;2;Perturbed;136.15;27.71;613369.025474776;3065602.24285885;99663.890625;-9.59130502466407;2.4427963013102;-0.384370661658504;-0.64028288178265;20220810180000_20220811163000_02;06_08_02
2022-08-10 18:00:00;2022-08-11 18:00:00;24;2;Perturbed;135.68;28.19;566735.35580288;3118437.34697275;99454.40625;-10.319506564746;2.85140076948824;-0.649101300914647;-0.492219476473964;20220810180000_20220811193000_02;06_09_02
2022-08-10 18:00:00;2022-08-11 21:00:00;27;2;Perturbed;135.9;28.11;588409.429138888;3109722.98822404;99332.5625;-9.98105810692195;2.78400758494273;-0.526061631725074;-0.516640316615284;20220810180000_20220811223000_02;06_10_02
2022-08-10 18:00:00;2022-08-12 00:00:00;30;2;Perturbed;135.84;28.16;582476.531867528;3115213.80702686;99250.7578125;-10.0737024336616;2.82647126764798;-0.559741582248775;-0.501253021681087;20220810180000_20220812013000_02;06_11_02
2022-08-10 18:00:00;2022-08-12 03:00:00;33;2;Perturbed;135.82;28.38;580347.540654528;3139575.75449934;98725.9921875;-10.106947397891;3.0148763206467;-0.571827468020873;-0.432981879545167;20220810180000_20220812043000_02;06_12_02
2022-08-10 18:00:00;2022-08-12 06:00:00;36;2;Perturbed;135.72;28.55;570434.267903582;3158352.50180327;98383.6953125;-10.2617467206825;3.16008778516275;-0.628103267265128;-0.380362523662991;20220810180000_20220812073000_02;06_13_02
2022-08-10 18:00:00;2022-08-12 09:00:00;39;2;Perturbed;135.67;28.7;565442.67551105;3174930.2349985;98206.5390625;-10.3396922328688;3.28829299965859;-0.656439605672083;-0.333905614561562;20220810180000_20220812103000_02;06_14_02
2022-08-10 18:00:00;2022-08-10 18:00:00;0;3;Perturbed;137.04;27.1;702235.635035259;2999154.42215518;100369.546875;-8.20343099666971;1.92893649198239;0.120108495203792;-0.82649412852339;20220810180000_20220810193000_03;06_01_03
2022-08-10 18:00:00;2022-08-10 21:00:00;3;3;Perturbed;136.84;27.3;682083.772886601;3021011.35416324;100456.1640625;-8.51810957880616;2.09796880920665;0.00571013482704132;-0.76524296157693;20220810180000_20220810223000_03;06_02_03
2022-08-10 18:00:00;2022-08-11 00:00:00;6;3;Perturbed;136.57;27.7;654798.416886151;3064963.18839859;100508.53125;-8.94418023550137;2.43787380521967;-0.149183738787282;-0.642073747555526;20220810180000_20220811013000_03;06_03_03
2022-08-10 18:00:00;2022-08-11 03:00:00;9;3;Perturbed;136.3;27.83;628033.044681663;3079056.76266354;100455.9140625;-9.36213115802807;2.54686757960207;-0.301125761439057;-0.602578365959568;20220810180000_20220811043000_03;06_04_03
2022-08-10 18:00:00;2022-08-11 06:00:00;12;3;Perturbed;136.04;28.11;602158.065874639;3109825.28077852;100272.9921875;-9.7661782671111;2.78481835478922;-0.448013186951933;-0.516353655233448;20220810180000_20220811073000_03;06_05_03
2022-08-10 18:00:00;2022-08-11 09:00:00;15;3;Perturbed;136.05;28.11;603132.423081016;3109838.79625812;100227.25;-9.75096332856421;2.78492287782265;-0.442481942940408;-0.516315779885848;20220810180000_20220811103000_03;06_06_03
2022-08-10 18:00:00;2022-08-11 12:00:00;18;3;Perturbed;136.06;28.11;604120.977578104;3109835.91915311;100148.3359375;-9.73552669421184;2.7849006275029;-0.436870103559229;-0.516323842592863;20220810180000_20220811133000_03;06_07_03
2022-08-10 18:00:00;2022-08-11 15:00:00;21;3;Perturbed;136.28;28.3;625509.417584714;3131094.49793989;99811.46875;-9.40153850365454;2.94930553263314;-0.315451921471497;-0.456749481569408;20220810180000_20220811163000_03;06_08_03
2022-08-10 18:00:00;2022-08-11 18:00:00;24;3;Perturbed;136.16;28.6;613422.958911844;3164229.33356546;99591.4140625;-9.59027290696539;3.20555641196827;-0.384064491602132;-0.363893478361992;20220810180000_20220811193000_03;06_09_03
2022-08-10 18:00:00;2022-08-11 21:00:00;27;3;Perturbed;136.19;28.63;616318.483805462;3167573.19769741;99565.6640625;-9.54505824336045;3.2314164504448;-0.367627137187116;-0.354522740505596;20220810180000_20220811223000_03;06_10_03
2022-08-10 18:00:00;2022-08-12 00:00:00;30;3;Perturbed;136.4;28.89;636518.959649239;3196597.19580128;99330.3046875;-9.22962054087377;3.45587584176281;-0.252952805936193;-0.273186816842669;20220810180000_20220812013000_03;06_11_03
2022-08-10 18:00:00;2022-08-12 03:00:00;33;3;Perturbed;136.32;29.21;628321.268066518;3231972.44273089;99022.90625;-9.35763044611293;3.72945311961166;-0.299489571075784;-0.174052356678785;20220810180000_20220812043000_03;06_12_03
2022-08-10 18:00:00;2022-08-12 06:00:00;36;3;Perturbed;136.44;29.47;639616.775350612;3260918.67019137;98777.2109375;-9.18124703348089;3.9533110654908;-0.235367084360081;-0.0929343749786138;20220810180000_20220812073000_03;06_13_03
2022-08-10 18:00:00;2022-08-12 09:00:00;39;3;Perturbed;136.44;29.87;639079.570278482;3305241.53264416;98655.734375;-9.18963568407643;4.29608543765083;-0.238416697293339;0.0312745966483103;20220810180000_20220812103000_03;06_14_03
2022-08-10 18:00:00;2022-08-10 18:00:00;0;4;Perturbed;137.04;27.1;702240.415682786;2999152.52375604;100369.1484375;-8.20336434195394;1.92895390271076;0.120135634047564;-0.826499448536387;20220810180000_20220810193000_04;06_01_04
2022-08-10 18:00:00;2022-08-10 21:00:00;3;4;Perturbed;136.65;27.05;663641.362589005;2993046.58215571;100267.921875;-8.80610245170076;1.88173311906374;-0.0989839864346442;-0.843610543917448;20220810180000_20220810223000_04;06_02_04
2022-08-10 18:00:00;2022-08-11 00:00:00;6;4;Perturbed;136.21;27.59;619427.144616609;3052368.08513798;100210.6796875;-9.49652338249062;2.34050066734638;-0.349979849946899;-0.677369861952492;20220810180000_20220811013000_04;06_03_04
2022-08-10 18:00:00;2022-08-11 03:00:00;9;4;Perturbed;135.72;28;570791.40239216;3097416.83848941;100149.421875;-10.2559880062283;2.68888877434367;-0.626075881427237;-0.551126676896108;20220810180000_20220811043000_04;06_04_04
2022-08-10 18:00:00;2022-08-11 06:00:00;12;4;Perturbed;135.47;27.94;546247.413122387;3090647.6390784;100033.4765625;-10.6392512345299;2.63653863381279;-0.765407527746265;-0.570096464744864;20220810180000_20220811073000_04;06_05_04
2022-08-10 18:00:00;2022-08-11 09:00:00;15;4;Perturbed;135.63;27.84;562033.036204297;3079637.51989203;99781.0859375;-10.39275304727;2.55139100383884;-0.675795491658761;-0.600950870483797;20220810180000_20220811103000_04;06_06_04
2022-08-10 18:00:00;2022-08-11 12:00:00;18;4;Perturbed;135.55;28.27;553943.636448637;3127236.04305889;99431.578125;-10.5190719366445;2.91949795793373;-0.721717504307166;-0.4675622920766;20220810180000_20220811133000_04;06_07_04
2022-08-10 18:00:00;2022-08-11 15:00:00;21;4;Perturbed;135.41;28.46;540138.301279079;3148221.18044839;99188.671875;-10.7346472152479;3.08178818233069;-0.800087815507123;-0.408754214476099;20220810180000_20220811163000_04;06_08_04
2022-08-10 18:00:00;2022-08-11 18:00:00;24;4;Perturbed;135.31;28.8;530247.202694934;3185876.11431347;98946.0859375;-10.8891002804421;3.37299559990386;-0.85623773614492;-0.3032312325829;20220810180000_20220811193000_04;06_09_04
2022-08-10 18:00:00;2022-08-11 21:00:00;27;4;Perturbed;135.29;29.02;528246.638992536;3210238.48602739;98613.953125;-10.9203398028594;3.56140393380746;-0.867594562908386;-0.234958901566324;20220810180000_20220811223000_04;06_10_04
2022-08-10 18:00:00;2022-08-12 00:00:00;30;4;Perturbed;135.1;29.31;509706.770054025;3242336.14539278;98365;-11.2098465307007;3.8096337282729;-0.972841938685356;-0.145009447925955;20220810180000_20220812013000_04;06_11_04
2022-08-10 18:00:00;2022-08-12 03:00:00;33;4;Perturbed;135.04;29.58;503874.068036233;3272245.50482052;98169;-11.3009262724855;4.04094013160982;-1.00595309945449;-0.0611924160161463;20220810180000_20220812043000_04;06_12_04
2022-08-10 18:00:00;2022-08-12 06:00:00;36;4;Perturbed;134.97;29.77;497097.700859559;3293295.49111677;97846.140625;-11.4067416854464;4.20373187017042;-1.04442127120972;-0.00220260791424105;20220810180000_20220812073000_04;06_13_04
2022-08-10 18:00:00;2022-08-12 09:00:00;39;4;Perturbed;134.94;30.02;494204.345826178;3321010.48987303;97484.3671875;-11.4519224659026;4.41806801121299;-1.06084630773314;0.0754650178584157;20220810180000_20220812103000_04;06_14_04
2022-08-10 18:00:00;2022-08-10 18:00:00;0;5;Perturbed;137.04;27.1;702239.367515349;2999151.17377244;100369.078125;-8.20358438618881;1.92884250186169;0.120129683796652;-0.82650323168724;20220810180000_20220810193000_05;06_01_05
2022-08-10 18:00:00;2022-08-10 21:00:00;3;5;Perturbed;136.68;27;666697.412557685;2987549.85731443;100355.3125;-8.7585848079826;1.83912280089792;-0.0816353611280879;-0.859014389744827;20220810180000_20220810223000_05;06_02_05
2022-08-10 18:00:00;2022-08-11 00:00:00;6;5;Perturbed;136.55;27.18;653555.752730259;3007327.44442745;100265.875;-8.96379655719503;1.99207433945718;-0.156238111275755;-0.803590312403562;20220810180000_20220811013000_05;06_03_05
2022-08-10 18:00:00;2022-08-11 03:00:00;9;5;Perturbed;136.64;27.19;662455.350928472;3008542.93915556;100122.3125;-8.82482612746806;2.00147446434159;-0.105716753280299;-0.800184048867291;20220810180000_20220811043000_05;06_04_05
2022-08-10 18:00:00;2022-08-11 06:00:00;12;5;Perturbed;136.92;27.39;689852.172189436;3031105.667069;99733.1484375;-8.39701490060235;2.17596511017895;0.0498098878146497;-0.73695498205754;20220810180000_20220811073000_05;06_05_05
2022-08-10 18:00:00;2022-08-11 09:00:00;15;5;Perturbed;136.85;27.71;682400.187179161;3066450.50579482;99302.9609375;-8.51338032925786;2.44930722377199;0.00750635971194802;-0.637905736871054;20220810180000_20220811103000_05;06_06_05
2022-08-10 18:00:00;2022-08-11 12:00:00;18;5;Perturbed;136.96;27.98;692778.667954036;3096524.31894938;99323.0546875;-8.3513166156975;2.68188544304859;0.0664230580839808;-0.553627845098911;20220810180000_20220811133000_05;06_07_05
2022-08-10 18:00:00;2022-08-11 15:00:00;21;5;Perturbed;136.94;28.3;690243.466088654;3131971.56328517;99279.109375;-8.39090470549997;2.95601951854838;0.0520311902514051;-0.454291621707537;20220810180000_20220811163000_05;06_08_05
2022-08-10 18:00:00;2022-08-11 18:00:00;24;5;Perturbed;136.84;28.62;679884.342795786;3167263.99958984;99159.4609375;-8.55266614501009;3.22895637386131;-0.00677561930805734;-0.35538922738945;20220810180000_20220811193000_05;06_09_05
2022-08-10 18:00:00;2022-08-11 21:00:00;27;5;Perturbed;136.83;28.88;678461.141938606;3196064.56371544;99239.0703125;-8.57488993874831;3.4516878207872;-0.0148548649552923;-0.274679447958429;20220810180000_20220811223000_05;06_10_05
2022-08-10 18:00:00;2022-08-12 00:00:00;30;5;Perturbed;136.81;29.1;676148.82481983;3220418.59449769;99199.875;-8.61099760299386;3.64003164943414;-0.0279814576794627;-0.206430491301913;20220810180000_20220812013000_05;06_11_05
2022-08-10 18:00:00;2022-08-12 03:00:00;33;5;Perturbed;136.83;29.28;677775.99278589;3240391.21282182;98983.4921875;-8.58558878942216;3.79449147733301;-0.0187443288225013;-0.150459864734671;20220810180000_20220812043000_05;06_12_05
2022-08-10 18:00:00;2022-08-12 06:00:00;36;5;Perturbed;136.81;29.54;675388.0160939;3269176.76614741;98787.0234375;-8.62287790514095;4.01710683704651;-0.0323004268230918;-0.0697921510893128;20220810180000_20220812073000_05;06_13_05
2022-08-10 18:00:00;2022-08-12 09:00:00;39;5;Perturbed;136.72;29.9;666076.824053793;3308950.48234345;98698.65625;-8.76827552088318;4.32470002582322;-0.0851583262411954;0.0416684386176818;20220810180000_20220812103000_05;06_14_05
2022-08-10 18:00:00;2022-08-10 18:00:00;0;6;Perturbed;137.04;27.1;702249.665947023;2999153.11252164;100369.6875;-8.20345620558283;1.92886632984845;0.120188146071219;-0.826497798598505;20220810180000_20220810193000_06;06_01_06
2022-08-10 18:00:00;2022-08-10 21:00:00;3;6;Perturbed;136.79;27.4;676980.464802927;3032005.1628524;100446.3203125;-8.59804387837885;2.18293026667763;-0.0232603927084848;-0.734434263853535;20220810180000_20220810223000_06;06_02_06
2022-08-10 18:00:00;2022-08-11 00:00:00;6;6;Perturbed;136.21;28.2;618748.727477289;3119956.43418867;100525.59375;-9.50735342018682;2.86310839924014;-0.353831097430488;-0.487962435063286;20220810180000_20220811013000_06;06_03_06
2022-08-10 18:00:00;2022-08-11 03:00:00;9;6;Perturbed;135.69;28.31;567656.5764623;3131742.25998423;100495.53125;-10.3051757514977;2.95425501779989;-0.643871703163062;-0.454934213941512;20220810180000_20220811043000_06;06_04_06
2022-08-10 18:00:00;2022-08-11 06:00:00;12;6;Perturbed;135.24;28.66;523444.1726657;3170339.59507375;100318.390625;-10.9955683532794;3.25275056998698;-0.894857267937913;-0.346770277009086;20220810180000_20220811073000_06;06_05_06
2022-08-10 18:00:00;2022-08-11 09:00:00;15;6;Perturbed;135.02;28.42;501949.527444306;3143724.26401994;100283.7734375;-11.3312149764995;3.04691879633933;-1.01687835720838;-0.421356229196273;20220810180000_20220811103000_06;06_06_06
2022-08-10 18:00:00;2022-08-11 12:00:00;18;6;Perturbed;134.68;28.59;468704.657400453;3162597.66503396;100183.296875;-11.8503455904119;3.1928777399882;-1.20560327979367;-0.368466014049398;20220810180000_20220811133000_06;06_07_06
2022-08-10 18:00:00;2022-08-11 15:00:00;21;6;Perturbed;134.81;28.52;481401.510263613;3154825.96647299;99960.5546875;-11.6520796620773;3.13277469276984;-1.13352561576563;-0.390245173441023;20220810180000_20220811163000_06;06_08_06
2022-08-10 18:00:00;2022-08-11 18:00:00;24;6;Perturbed;134.54;29.02;455210.104593468;3210290.30995364;99743.1953125;-12.0610678905419;3.56171259212365;-1.28220933752414;-0.23481367185351;20220810180000_20220811193000_06;06_09_06
2022-08-10 18:00:00;2022-08-11 21:00:00;27;6;Perturbed;134.59;29.04;460081.915331086;3212479.70059936;99616.4296875;-11.9849928120186;3.57864441832957;-1.25455297721669;-0.228678193557538;20220810180000_20220811223000_06;06_10_06
2022-08-10 18:00:00;2022-08-12 00:00:00;30;6;Perturbed;134.6;29.38;461180.325627095;3250154.96951988;99483.234375;-11.9678407398179;3.87000909866682;-1.24831750696796;-0.123098225355593;20220810180000_20220812013000_06;06_11_06
2022-08-10 18:00:00;2022-08-12 03:00:00;33;6;Perturbed;134.59;29.61;460302.645253942;3275645.47960486;99183.4765625;-11.9815460348102;4.06714198013908;-1.25329993464055;-0.0516644354627736;20220810180000_20220812043000_06;06_12_06
2022-08-10 18:00:00;2022-08-12 06:00:00;36;6;Perturbed;134.71;30.01;472026.331431898;3319930.0315063;98727.5703125;-11.7984764546058;4.40962007461169;-1.18674675625752;0.0724371759007836;20220810180000_20220812073000_06;06_13_06
2022-08-10 18:00:00;2022-08-12 09:00:00;39;6;Perturbed;134.69;30.37;470214.123427575;3359834.68911351;98376.296875;-11.8267747349895;4.71822590917712;-1.19703432287677;0.184264711628997;20220810180000_20220812103000_06;06_14_06
2022-08-10 18:00:00;2022-08-10 18:00:00;0;7;Perturbed;137.04;27.1;702240.213944276;2999142.06438612;100368.859375;-8.20349213827931;1.92889917628698;0.120134488815698;-0.826528759540001;20220810180000_20220810193000_07;06_01_07
2022-08-10 18:00:00;2022-08-10 21:00:00;3;7;Perturbed;136.7;27.02;668647.237872314;2989788.32898454;100336.625;-8.72805855313903;1.85656132168558;-0.0705665667224281;-0.852741368356458;20220810180000_20220810223000_07;06_02_07
2022-08-10 18:00:00;2022-08-11 00:00:00;6;7;Perturbed;136.4;27.58;638186.480127596;3051463.66382009;100262.6796875;-9.20371425121794;2.33353241529515;-0.243486603398111;-0.679904383316763;20220810180000_20220811013000_07;06_03_07
2022-08-10 18:00:00;2022-08-11 03:00:00;9;7;Perturbed;135.82;28.08;580567.750396189;3106336.78268301;100246.5625;-10.1034514587588;2.75789803217587;-0.570577378416292;-0.526129710681751;20220810180000_20220811043000_07;06_04_07
2022-08-10 18:00:00;2022-08-11 06:00:00;12;7;Perturbed;135.57;28.01;556029.340746768;3098446.88394719;100072.984375;-10.48662755928;2.69688087453048;-0.709877350271934;-0.548240110461562;20220810180000_20220811073000_07;06_05_07
2022-08-10 18:00:00;2022-08-11 09:00:00;15;7;Perturbed;135.69;27.71;568020.995351605;3065274.42577137;100003.84375;-10.299373555621;2.44033903821897;-0.641802965141772;-0.641201545900086;20220810180000_20220811103000_07;06_06_07
2022-08-10 18:00:00;2022-08-11 12:00:00;18;7;Perturbed;135.65;28.09;563862.436043587;3107348.04331511;99613.5859375;-10.3643109563001;2.76571869648038;-0.665410330201003;-0.523295786241654;20220810180000_20220811133000_07;06_07_07
2022-08-10 18:00:00;2022-08-11 15:00:00;21;7;Perturbed;135.52;28.33;550973.944612064;3133877.70892147;99454.8984375;-10.5655693898697;2.97088796959582;-0.738575890615195;-0.448949900163522;20220810180000_20220811163000_07;06_08_07
2022-08-10 18:00:00;2022-08-11 18:00:00;24;7;Perturbed;135.4;28.52;539141.513273353;3154868.94082775;99284.3046875;-10.7503370649077;3.13322532642163;-0.805746394980178;-0.390124743484211;20220810180000_20220811193000_07;06_09_07
2022-08-10 18:00:00;2022-08-11 21:00:00;27;7;Perturbed;135.34;28.7;533202.375519081;3174798.25238464;99132.5859375;-10.8430788390346;3.28735023800135;-0.839461771560683;-0.334275478415846;20220810180000_20220811223000_07;06_10_07
2022-08-10 18:00:00;2022-08-12 00:00:00;30;7;Perturbed;135.45;28.74;543941.160415888;3179261.95249254;98977.3984375;-10.6753888469005;3.32187061681544;-0.778499693933769;-0.321766548049638;20220810180000_20220812013000_07;06_11_07
2022-08-10 18:00:00;2022-08-12 03:00:00;33;7;Perturbed;135.52;29.04;550627.910043148;3212533.86080017;98714.6796875;-10.5709728442361;3.57918155860893;-0.740540264280797;-0.228526416743659;20220810180000_20220812043000_07;06_12_07
2022-08-10 18:00:00;2022-08-12 06:00:00;36;7;Perturbed;135.46;29.3;544674.399784888;3241307.73826003;98401.3515625;-10.6639390501868;3.80170662208872;-0.774337230884026;-0.14789142317087;20220810180000_20220812073000_07;06_13_07
2022-08-10 18:00:00;2022-08-12 09:00:00;39;7;Perturbed;135.43;29.63;541631.967670141;3277859.963739;98240.8828125;-10.7114477229364;4.08438615689881;-0.79160855017537;-0.0454586359777053;20220810180000_20220812103000_07;06_14_07
2022-08-10 18:00:00;2022-08-10 18:00:00;0;8;Perturbed;137.04;27.1;702246.326433306;2999161.26474787;100369.9453125;-8.20339629178739;1.92895177101645;0.120169188275116;-0.826474953060553;20220810180000_20220810193000_08;06_01_08
2022-08-10 18:00:00;2022-08-10 21:00:00;3;8;Perturbed;136.79;27.19;677312.082561142;3008751.41754637;100355.6015625;-8.59275348619732;2.00311797830793;-0.0213778605865518;-0.799599815695141;20220810180000_20220810223000_08;06_02_08
2022-08-10 18:00:00;2022-08-11 00:00:00;6;8;Perturbed;136.52;27.59;650022.166434559;3052698.33080171;100414.4296875;-9.01889535090373;2.34298491753177;-0.176297621185846;-0.676444392070661;20220810180000_20220811013000_08;06_03_08
2022-08-10 18:00:00;2022-08-11 03:00:00;9;8;Perturbed;136.65;27.54;662921.516770675;3047339.95539506;100313.9453125;-8.81746735162971;2.30154549633536;-0.103070416796937;-0.691460531868935;20220810180000_20220811043000_08;06_04_08
2022-08-10 18:00:00;2022-08-11 06:00:00;12;8;Perturbed;136.27;27.92;624973.993148631;3088983.2574135;100057.6484375;-9.41003159412425;2.62359727535216;-0.318491426066241;-0.574760674670674;20220810180000_20220811073000_08;06_05_08
2022-08-10 18:00:00;2022-08-11 09:00:00;15;8;Perturbed;136.19;28.09;616902.532388834;3107734.92045167;99884.8125;-9.53607035962028;2.76861474870945;-0.364311602383176;-0.522211614132292;20220810180000_20220811103000_08;06_06_08
2022-08-10 18:00:00;2022-08-11 12:00:00;18;8;Perturbed;136.2;28.27;617706.154646099;3127698.74172082;99763.2734375;-9.52352150876849;2.92300654388591;-0.359749588812658;-0.46626564015046;20220810180000_20220811133000_08;06_07_08
2022-08-10 18:00:00;2022-08-11 15:00:00;21;8;Perturbed;136.04;28.52;601772.372865715;3155250.25123165;99548.5625;-9.77233324744231;3.13607832788215;-0.45020269417981;-0.389056171408346;20220810180000_20220811163000_08;06_08_08
2022-08-10 18:00:00;2022-08-11 18:00:00;24;8;Perturbed;135.96;28.75;593734.377879455;3180665.85274757;99350.1015625;-9.89784943283685;3.33263189799438;-0.495832891546257;-0.317832302892753;20220810180000_20220811193000_08;06_09_08
2022-08-10 18:00:00;2022-08-11 21:00:00;27;8;Perturbed;136.03;28.99;600326.235232641;3207310.39028026;99282.328125;-9.79491520719337;3.53868954226294;-0.45841214762299;-0.243164503403605;20220810180000_20220811223000_08;06_10_08
2022-08-10 18:00:00;2022-08-12 00:00:00;30;8;Perturbed;135.95;29.29;592276.001192198;3240495.39366938;99073.5078125;-9.92062250982505;3.79532839797648;-0.504111823815801;-0.15016791166072;20220810180000_20220812013000_08;06_11_08
2022-08-10 18:00:00;2022-08-12 03:00:00;33;8;Perturbed;135.97;29.72;593809.028147508;3288156.09267486;98872.6796875;-9.89668374202706;4.1639161938507;-0.495409115906869;-0.0166050936726862;20220810180000_20220812043000_08;06_12_08
2022-08-10 18:00:00;2022-08-12 06:00:00;36;8;Perturbed;135.91;30.2;587590.573553797;3341290.23691861;98771.5546875;-9.99378714915606;4.57483331259071;-0.530710122054587;0.132296332128095;20220810180000_20220812073000_08;06_13_08
2022-08-10 18:00:00;2022-08-12 09:00:00;39;8;Perturbed;135.82;30.59;578622.103831556;3384443.10525343;98715;-10.1338330325245;4.90855944244354;-0.581622450838123;0.253226549672776;20220810180000_20220812103000_08;06_14_08
2022-08-10 18:00:00;2022-08-10 18:00:00;0;9;Perturbed;137.04;27.1;702253.34092648;2999154.72243897;100369.1953125;-8.20314313246782;1.92886952949485;0.120209008243715;-0.826493287017703;20220810180000_20220810193000_09;06_01_09
2022-08-10 18:00:00;2022-08-10 21:00:00;3;9;Perturbed;136.99;27.38;696791.243057216;3030095.5749287;100367.7734375;-8.28843575705563;2.16815306623754;0.089201698058099;-0.739785631953607;20220810180000_20220810223000_09;06_02_09
2022-08-10 18:00:00;2022-08-11 00:00:00;6;9;Perturbed;136.55;28.2;652123.450692732;3120324.9041324;100438.6640625;-8.98593941526505;2.86594873999751;-0.164369022625216;-0.486929846682184;20220810180000_20220811013000_09;06_03_09
2022-08-10 18:00:00;2022-08-11 03:00:00;9;9;Perturbed;136.09;28.6;606573.623150095;3164155.68997611;100332.1953125;-9.69721637031466;3.20491759867312;-0.422946892396348;-0.364099854800545;20220810180000_20220811043000_09;06_04_09
2022-08-10 18:00:00;2022-08-11 06:00:00;12;9;Perturbed;135.9;28.8;587835.711310616;3186163.96482397;100221.21875;-9.98981560935012;3.37512033775242;-0.52931852076039;-0.302424569522055;20220810180000_20220811073000_09;06_05_09
2022-08-10 18:00:00;2022-08-11 09:00:00;15;9;Perturbed;135.64;28.99;562341.704236594;3207044.8933367;100139.0390625;-10.3879137076722;3.53660465453572;-0.674043240847646;-0.243908523543662;20220810180000_20220811103000_09;06_06_09
2022-08-10 18:00:00;2022-08-11 12:00:00;18;9;Perturbed;135.45;29.11;543780.485860061;3220251.17794128;100104.6484375;-10.677753814674;3.63873650395594;-0.779411813399713;-0.206899654103101;20220810180000_20220811133000_09;06_07_09
2022-08-10 18:00:00;2022-08-11 15:00:00;21;9;Perturbed;135.74;29.25;571902.468117433;3235914.57797033;99754.9453125;-10.2386189377909;3.75987065039263;-0.619768568668521;-0.163005043012449;20220810180000_20220811163000_09;06_08_09
2022-08-10 18:00:00;2022-08-11 18:00:00;24;9;Perturbed;135.77;29.88;574363.282495154;3305729.92827053;99385.8671875;-10.2001924353878;4.29979319920746;-0.605798984720096;0.0326432609254236;20220810180000_20220811193000_09;06_09_09
2022-08-10 18:00:00;2022-08-11 21:00:00;27;9;Perturbed;135.78;30.26;575027.038354104;3347852.32426244;99483.15625;-10.1898276486977;4.62555008946657;-0.602030966588856;0.150685715746343;20220810180000_20220811223000_09;06_10_09
2022-08-10 18:00:00;2022-08-12 00:00:00;30;9;Perturbed;135.81;30.71;577559.334354165;3397741.7352301;99293.90625;-10.1502849350284;5.01137380606622;-0.587655594811375;0.290494204829497;20220810180000_20220812013000_09;06_11_09
2022-08-10 18:00:00;2022-08-12 03:00:00;33;9;Perturbed;135.83;30.94;579280.626268032;3423257.1545097;99094.6640625;-10.123406342127;5.20869932477072;-0.577884141869529;0.361997799452357;20220810180000_20220812043000_09;06_12_09
2022-08-10 18:00:00;2022-08-12 06:00:00;36;9;Perturbed;135.97;31.43;592195.723439233;3477655.54698683;98439.1171875;-9.92173245035421;5.62939360749493;-0.50456754563675;0.514442114052708;20220810180000_20220812073000_09;06_13_09
2022-08-10 18:00:00;2022-08-12 09:00:00;39;9;Perturbed;136.05;31.9;599284.437413961;3529834.47388757;98551.21875;-9.81103962969661;6.03292347715155;-0.464326239403785;0.660666669333624;20220810180000_20220812103000_09;06_14_09
2022-08-10 18:00:00;2022-08-10 18:00:00;0;10;Perturbed;137.04;27.1;702250.811189583;2999143.3646493;100369.5859375;-8.20315631377352;1.92882665211495;0.120194647399488;-0.826525115724076;20220810180000_20220810193000_10;06_01_10
2022-08-10 18:00:00;2022-08-10 21:00:00;3;10;Perturbed;136.53;27;651810.181962172;2987354.96729669;100386.53125;-8.99080489782306;1.8376601462148;-0.166147390741722;-0.859560543295044;20220810180000_20220810223000_10;06_02_10
2022-08-10 18:00:00;2022-08-11 00:00:00;6;10;Perturbed;136.26;27.15;624848.872418124;3003680.41537386;100360.046875;-9.41181545244459;1.96391429374068;-0.319201713101434;-0.813810629936579;20220810180000_20220811013000_10;06_03_10
2022-08-10 18:00:00;2022-08-11 03:00:00;9;10;Perturbed;136.1;26.94;609200.63141613;2980272.09189776;100334.1015625;-9.65616836906897;1.78288416755277;-0.408033856761547;-0.879409366696268;20220810180000_20220811043000_10;06_04_10
2022-08-10 18:00:00;2022-08-11 06:00:00;12;10;Perturbed;136.2;27.08;618970.103082579;2995870.68874949;99802.8359375;-9.5036145519804;1.90351715347788;-0.352574389435679;-0.835696357956372;20220810180000_20220811073000_10;06_05_10
2022-08-10 18:00:00;2022-08-11 09:00:00;15;10;Perturbed;136.32;27.23;630700.3879832;3012600.8161671;99387.078125;-9.32044193034602;2.03290092077938;-0.285983751335634;-0.788812384161989;20220810180000_20220811103000_10;06_06_10
2022-08-10 18:00:00;2022-08-11 12:00:00;18;10;Perturbed;136.16;27.53;614558.965387302;3045674.66118589;99252.8046875;-9.57249605510496;2.28868012441966;-0.377615594859437;-0.696127299079605;20220810180000_20220811133000_10;06_07_10
2022-08-10 18:00:00;2022-08-11 15:00:00;21;10;Perturbed;135.93;27.7;591685.058435688;3064320.33136462;99139.234375;-9.92968034677768;2.43287789359185;-0.507466495553949;-0.643875269539274;20220810180000_20220811163000_10;06_08_10
2022-08-10 18:00:00;2022-08-11 18:00:00;24;10;Perturbed;135.78;27.86;576800.769864555;3081940.07453571;99061.9765625;-10.1621038711707;2.569141574881;-0.591961823844266;-0.594498265020619;20220810180000_20220811193000_10;06_09_10
2022-08-10 18:00:00;2022-08-11 21:00:00;27;10;Perturbed;135.68;28.08;566814.778894305;3106250.31008311;98924.6796875;-10.3180387151353;2.75714670960573;-0.648650430847747;-0.526372038729007;20220810180000_20220811223000_10;06_10_10
2022-08-10 18:00:00;2022-08-12 00:00:00;30;10;Perturbed;135.43;28.19;542201.702170113;3118326.94649021;98743.078125;-10.7023807689092;2.85054233509489;-0.788374273751385;-0.492528859253949;20220810180000_20220812013000_10;06_11_10
2022-08-10 18:00:00;2022-08-12 03:00:00;33;10;Perturbed;135.41;28.3;540209.977015197;3130500.27395046;98381.625;-10.7334822742257;2.94468572851245;-0.799680925730377;-0.458414715865175;20220810180000_20220812043000_10;06_12_10
2022-08-10 18:00:00;2022-08-12 06:00:00;36;10;Perturbed;135.43;28.6;542042.088167729;3163755.85994407;97967.515625;-10.7048731990176;3.20187044039593;-0.789280372653371;-0.36522032568976;20220810180000_20220812073000_10;06_13_10
2022-08-10 18:00:00;2022-08-12 09:00:00;39;10;Perturbed;135.22;28.84;521470.346693994;3190269.15977957;97941.6875;-11.026108347972;3.40691314752442;-0.906062309594439;-0.290920302524258;20220810180000_20220812103000_10;06_14_10
2022-08-10 18:00:00;2022-08-10 18:00:00;0;11;Perturbed;137.04;27.1;702251.16778943;2999153.85288375;100369.203125;-8.20342808560232;1.92897761268854;0.120196671750265;-0.826495723831435;20220810180000_20220810193000_11;06_01_11
2022-08-10 18:00:00;2022-08-10 21:00:00;3;11;Perturbed;136.67;27.33;665216.899522344;3024092.67266386;100514.34375;-8.7817315169566;2.12184395343188;-0.0900399573142858;-0.756607973197632;20220810180000_20220810223000_11;06_02_11
2022-08-10 18:00:00;2022-08-11 00:00:00;6;11;Perturbed;136.3;28.07;627741.345932834;3105646.97919592;100579.875;-9.36692577748359;2.75255065131822;-0.30278168079499;-0.528062793903705;20220810180000_20220811013000_11;06_03_11
2022-08-10 18:00:00;2022-08-11 03:00:00;9;11;Perturbed;135.9;28.39;588168.809622316;3140731.41682619;100576.3125;-9.98486517811443;3.02387893238564;-0.527427583812649;-0.429743288415848;20220810180000_20220811043000_11;06_04_11
2022-08-10 18:00:00;2022-08-11 06:00:00;12;11;Perturbed;135.83;28.18;581467.492202935;3117420.64739807;100337.171875;-10.0895086620973;2.84360324816512;-0.565469712102636;-0.495068642832708;20220810180000_20220811073000_11;06_05_11
2022-08-10 18:00:00;2022-08-11 09:00:00;15;11;Perturbed;135.66;28.48;564612.030123449;3150560.00283731;100061.25;-10.3527127704471;3.09988908183777;-0.661155024510058;-0.402199973444066;20220810180000_20220811103000_11;06_06_11
2022-08-10 18:00:00;2022-08-11 12:00:00;18;11;Perturbed;135.27;28.58;526408.322893262;3161481.93992815;100167.9609375;-10.9492774122091;3.1843547485819;-0.878030340309987;-0.371592686388273;20220810180000_20220811133000_11;06_07_11
2022-08-10 18:00:00;2022-08-11 15:00:00;21;11;Perturbed;135.34;28.54;533261.883420517;3157070.4177016;99990.734375;-10.8422565972892;3.15023789155158;-0.839123956310481;-0.383955395129231;20220810180000_20220811163000_11;06_08_11
2022-08-10 18:00:00;2022-08-11 18:00:00;24;11;Perturbed;135.19;29;518498.740857548;3207999.50634396;99861.078125;-11.0727883831521;3.54410203790855;-0.922931561322524;-0.241233346594994;20220810180000_20220811193000_11;06_09_11
2022-08-10 18:00:00;2022-08-11 21:00:00;27;11;Perturbed;135.18;29.2;517494.414391852;3230162.31808717;99824.71875;-11.0884713024722;3.71549990032484;-0.928632935225892;-0.179124992065383;20220810180000_20220811223000_11;06_10_11
2022-08-10 18:00:00;2022-08-12 00:00:00;30;11;Perturbed;134.94;29.49;494190.372811664;3262277.7951496;99944.5078125;-11.452372301219;3.96386748936356;-1.06092562992868;-0.0891256066808893;20220810180000_20220812013000_11;06_11_11
2022-08-10 18:00:00;2022-08-12 03:00:00;33;11;Perturbed;134.83;29.63;483536.599754495;3277794.11903943;99803.875;-11.6187348028728;4.08386421081254;-1.12140511120815;-0.0456431570570817;20220810180000_20220812043000_11;06_12_11
2022-08-10 18:00:00;2022-08-12 06:00:00;36;11;Perturbed;134.81;29.8;481633.963003122;3296632.94947033;99732.1875;-11.6484451606961;4.22955580011497;-1.13220602494723;0.00715017859374946;20220810180000_20220812073000_11;06_13_11
2022-08-10 18:00:00;2022-08-12 09:00:00;39;11;Perturbed;134.55;30.1;456647.563273149;3329950.94991049;99710.3125;-12.0386167876018;4.48722319907111;-1.27404915287957;0.100519477017216;20220810180000_20220812103000_11;06_14_11
2022-08-10 18:00:00;2022-08-10 18:00:00;0;12;Perturbed;137.04;27.1;702245.014753852;2999160.52581271;100369.6171875;-8.20341962367428;1.92900966884648;0.120161742115658;-0.8264770238288;20220810180000_20220810193000_12;06_01_12
2022-08-10 18:00:00;2022-08-10 21:00:00;3;12;Perturbed;136.9;27.07;688416.568261649;2995620.31366102;100223.6171875;-8.41935579390091;1.90163115738633;0.0416602322504269;-0.836398001093555;20220810180000_20220810223000_12;06_02_12
2022-08-10 18:00:00;2022-08-11 00:00:00;6;12;Perturbed;136.44;27.76;641901.058790695;3071447.68174218;100163.2265625;-9.14571221990738;2.48804812254171;-0.222399633597786;-0.623901810880924;20220810180000_20220811013000_12;06_03_12
2022-08-10 18:00:00;2022-08-11 03:00:00;9;12;Perturbed;135.85;27.89;583654.128816019;3085314.24424254;100152.4765625;-10.0552590003995;2.5952862834376;-0.553056584152904;-0.585042599790832;20220810180000_20220811043000_12;06_04_12
2022-08-10 18:00:00;2022-08-11 06:00:00;12;12;Perturbed;135.97;27.59;595724.470616301;3052158.33561246;99924.28125;-9.86677626785616;2.33887243435072;-0.484535506499982;-0.677957657311856;20220810180000_20220811073000_12;06_05_12
2022-08-10 18:00:00;2022-08-11 09:00:00;15;12;Perturbed;136.31;27.89;628934.766200889;3085714.27930058;99691.7890625;-9.34818554657205;2.598379986287;-0.296006856667136;-0.583921554343291;20220810180000_20220811103000_12;06_06_12
2022-08-10 18:00:00;2022-08-11 12:00:00;18;12;Perturbed;136.33;28.17;630575.031715813;3116756.95129203;99488.4609375;-9.32257221005973;2.83845095222178;-0.286695375469737;-0.496928563565321;20220810180000_20220811133000_12;06_07_12
2022-08-10 18:00:00;2022-08-11 15:00:00;21;12;Perturbed;136.19;28.5;616456.590517517;3153162.07746265;99297.671875;-9.5430367520203;3.11999288286386;-0.366843131158317;-0.394908002767429;20220810180000_20220811163000_12;06_08_12
2022-08-10 18:00:00;2022-08-11 18:00:00;24;12;Perturbed;136.17;28.78;614195.135787071;3184165.18365784;99198.4765625;-9.57835018176158;3.35975786357524;-0.379680987596637;-0.308025889910969;20220810180000_20220811193000_12;06_09_12
2022-08-10 18:00:00;2022-08-11 21:00:00;27;12;Perturbed;136.29;29.01;625636.088545475;3209783.02220382;99113.1796875;-9.39969558568771;3.55787544979938;-0.314732834068479;-0.236235278812945;20220810180000_20220811223000_12;06_10_12
2022-08-10 18:00:00;2022-08-12 00:00:00;30;12;Perturbed;136.44;29.49;639598.203163702;3263131.93553927;98907.15625;-9.1816721395526;3.97045350234409;-0.235472515198952;-0.0867319909811096;20220810180000_20220812013000_12;06_11_12
2022-08-10 18:00:00;2022-08-12 03:00:00;33;12;Perturbed;136.4;30.04;634975.534726764;3324051.71706654;98740.8515625;-9.25385677135941;4.44158146451886;-0.261714541164094;0.0839876556414131;20220810180000_20220812043000_12;06_12_12
2022-08-10 18:00:00;2022-08-12 06:00:00;36;12;Perturbed;136.3;30.4;624889.121994794;3363830.95817322;98638.5859375;-9.4113597372851;4.74921738063025;-0.318973223766651;0.195463728181234;20220810180000_20220812073000_12;06_13_12
2022-08-10 18:00:00;2022-08-12 09:00:00;39;12;Perturbed;136.41;30.73;634993.770997713;3400532.99593172;98533.1875;-9.25357200542347;5.0330555005861;-0.261611017257441;0.298316344513287;20220810180000_20220812103000_12;06_14_12
2022-08-10 18:00:00;2022-08-10 18:00:00;0;13;Perturbed;137.04;27.1;702247.787548036;2999142.56807014;100369.015625;-8.20347954337401;1.92889903104277;0.120177482750742;-0.826527348032014;20220810180000_20220810193000_13;06_01_13
2022-08-10 18:00:00;2022-08-10 21:00:00;3;13;Perturbed;136.81;27.01;679576.761483554;2988833.25171081;100246.90625;-8.55749577695691;1.84917111531456;-0.00852170101218585;-0.855417846350647;20220810180000_20220810223000_13;06_02_13
2022-08-10 18:00:00;2022-08-11 00:00:00;6;13;Perturbed;136.42;27.27;640564.952138412;3017131.2420115;100219.8515625;-9.16667922416127;2.06801586770484;-0.229984461698638;-0.7761164637267;20220810180000_20220811013000_13;06_03_13
2022-08-10 18:00:00;2022-08-11 03:00:00;9;13;Perturbed;135.97;27.46;595839.034891689;3037762.93968423;100065.4375;-9.86509052333188;2.22757273801975;-0.483885146490299;-0.718298854280177;20220810180000_20220811043000_13;06_04_13
2022-08-10 18:00:00;2022-08-11 06:00:00;12;13;Perturbed;136.41;27.3;639536.918951224;3020460.95327808;99522.5078125;-9.18273233247192;2.09376645387447;-0.235820414235413;-0.766785387407413;20220810180000_20220811073000_13;06_05_13
2022-08-10 18:00:00;2022-08-11 09:00:00;15;13;Perturbed;136.34;27.61;632236.247704306;3054727.80989919;99259.8359375;-9.29673494223954;2.35877190736266;-0.277264962343971;-0.670757044781123;20220810180000_20220811103000_13;06_06_13
2022-08-10 18:00:00;2022-08-11 12:00:00;18;13;Perturbed;136.07;28;605198.903882826;3097665.18330688;99204.125;-9.71893279947557;2.69083149010508;-0.430750917106014;-0.550430723325426;20220810180000_20220811133000_13;06_07_13
2022-08-10 18:00:00;2022-08-11 15:00:00;21;13;Perturbed;135.78;28.25;576517.668769048;3125135.59612067;99050.109375;-10.1668006110429;2.90327610636271;-0.593568935926911;-0.473448517372418;20220810180000_20220811163000_13;06_08_13
2022-08-10 18:00:00;2022-08-11 18:00:00;24;13;Perturbed;135.6;28.35;558808.167400544;3136128.0415684;98800.34375;-10.4433408503456;2.98828705507704;-0.694102469984536;-0.442643639953208;20220810180000_20220811193000_13;06_09_13
2022-08-10 18:00:00;2022-08-11 21:00:00;27;13;Perturbed;135.61;28.43;559731.878252529;3144998.43848326;98603.859375;-10.4289167728552;3.05688697315637;-0.688858735874516;-0.4177855234475;20220810180000_20220811223000_13;06_10_13
2022-08-10 18:00:00;2022-08-12 00:00:00;30;13;Perturbed;135.78;28.58;576278.21989363;3161701.3643174;98118.8046875;-10.1705396914343;3.18606037485469;-0.594928242503137;-0.370977778500311;20220810180000_20220812013000_13;06_11_13
2022-08-10 18:00:00;2022-08-12 03:00:00;33;13;Perturbed;135.93;29.19;590408.931696787;3229403.86990938;98103.53125;-9.9498835395614;3.70964307154235;-0.514710828880881;-0.181250442972248;20220810180000_20220812043000_13;06_12_13
2022-08-10 18:00:00;2022-08-12 06:00:00;36;13;Perturbed;135.66;29.78;563789.770212985;3294594.87027571;97959.9375;-10.3655513290486;4.21380284337234;-0.66582284055935;0.00143873066712106;20220810180000_20220812073000_13;06_13_13
2022-08-10 18:00:00;2022-08-12 09:00:00;39;13;Perturbed;135.57;30;554976.725563557;3318915.05230601;97981.5234375;-10.503170193952;4.40188490001143;-0.715852850212271;0.0695928306641621;20220810180000_20220812103000_13;06_14_13
2022-08-10 18:00:00;2022-08-10 18:00:00;0;14;Perturbed;137.04;27.1;702244.529346696;2999154.37267229;100369.921875;-8.20338343370517;1.9288714668691;0.120158986549827;-0.826494267192661;20220810180000_20220810193000_14;06_01_14
2022-08-10 18:00:00;2022-08-10 21:00:00;3;14;Perturbed;136.53;26.77;652110.370529951;2961879.10871669;100597.78125;-8.98624637196258;1.64060025665366;-0.164443276268111;-0.930953274279085;20220810180000_20220810223000_14;06_02_14
2022-08-10 18:00:00;2022-08-11 00:00:00;6;14;Perturbed;136.43;27.9;640732.558230045;3086954.70927533;100524.5078125;-9.16391500704639;2.60788233370112;-0.229032993197587;-0.580445413069643;20220810180000_20220811013000_14;06_03_14
2022-08-10 18:00:00;2022-08-11 03:00:00;9;14;Perturbed;136.09;28.51;606669.818629422;3154184.93017465;100511.796875;-9.69581694852137;3.12781257925979;-0.422400808613647;-0.392041593053521;20220810180000_20220811043000_14;06_04_14
2022-08-10 18:00:00;2022-08-11 06:00:00;12;14;Perturbed;135.7;28.89;568250.320121245;3196003.46253336;100403.8046875;-10.2957512487742;3.45121951601116;-0.640501131224534;-0.27485067595617;20220810180000_20220811073000_14;06_05_14
2022-08-10 18:00:00;2022-08-11 09:00:00;15;14;Perturbed;135.59;28.74;557617.040236168;3179324.216917;100392.734375;-10.4617937421682;3.3222292471552;-0.700864276590776;-0.321592060218701;20220810180000_20220811103000_14;06_06_14
2022-08-10 18:00:00;2022-08-11 12:00:00;18;14;Perturbed;135.67;28.81;565368.76229971;3187126.51122995;100398.8515625;-10.3407478115204;3.38256890904817;-0.656859197178075;-0.29972716027063;20220810180000_20220811133000_14;06_07_14
2022-08-10 18:00:00;2022-08-11 15:00:00;21;14;Perturbed;135.62;29.17;560292.131318359;3226975.32088874;100209.015625;-10.4200212318851;3.69074283907504;-0.685678283782588;-0.188056131046208;20220810180000_20220811163000_14;06_08_14
2022-08-10 18:00:00;2022-08-11 18:00:00;24;14;Perturbed;135.68;29.31;566030.180079898;3242515.07057777;100026.0234375;-10.3304195347719;3.81092072580002;-0.6531044518836;-0.144508033712265;20220810180000_20220811193000_14;06_09_14
2022-08-10 18:00:00;2022-08-11 21:00:00;27;14;Perturbed;135.93;29.59;590073.366665628;3273714.41993871;99880.6953125;-9.95497652067089;4.05220336859842;-0.51661576893462;-0.0570759752868899;20220810180000_20220811223000_14;06_10_14
2022-08-10 18:00:00;2022-08-12 00:00:00;30;14;Perturbed;135.92;30.04;588701.487274162;3323564.69649266;99674.6875;-9.97639891124621;4.4377244361058;-0.524403672199369;0.0826228447673998;20220810180000_20220812013000_14;06_11_14
2022-08-10 18:00:00;2022-08-12 03:00:00;33;14;Perturbed;135.8;30.39;576848.94606053;3362266.20254537;99556.921875;-10.1614806092206;4.73702560269883;-0.59168833657108;0.191078707074116;20220810180000_20220812043000_14;06_12_14
2022-08-10 18:00:00;2022-08-12 06:00:00;36;14;Perturbed;135.8;30.69;576611.901626783;3395519.88332325;99350.8984375;-10.1651821433897;4.99419558044539;-0.593033993580688;0.284267758133937;20220810180000_20220812073000_14;06_13_14
2022-08-10 18:00:00;2022-08-12 09:00:00;39;14;Perturbed;135.79;31.14;575310.715483532;3445379.11243041;99329.921875;-10.1855006334446;5.37978588323303;-0.600420584469152;0.423991666536892;20220810180000_20220812103000_14;06_14_14
2022-08-10 18:00:00;2022-08-10 18:00:00;0;15;Perturbed;137.04;27.1;702246.954396975;2999146.18472436;100368.9921875;-8.20326647139986;1.92878561418087;0.120172753107663;-0.826517212835966;20220810180000_20220810193000_15;06_01_15
2022-08-10 18:00:00;2022-08-10 21:00:00;3;15;Perturbed;136.79;27.19;677312.067262701;3008753.02183401;100438.578125;-8.5926337105792;2.00308085091593;-0.0213779474329411;-0.799595319890793;20220810180000_20220810223000_15;06_02_15
2022-08-10 18:00:00;2022-08-11 00:00:00;6;15;Perturbed;136.44;27.73;641938.684938579;3068129.88276525;100454.46875;-9.14500181001396;2.46227651428751;-0.222186036978606;-0.633199504580835;20220810180000_20220811013000_15;06_03_15
2022-08-10 18:00:00;2022-08-11 03:00:00;9;15;Perturbed;136.09;28.06;607120.23159952;3104328.60114454;100417.703125;-9.6887044935721;2.74222217390446;-0.419843898245186;-0.531757374373361;20220810180000_20220811043000_15;06_04_15
2022-08-10 18:00:00;2022-08-11 06:00:00;12;15;Perturbed;136.18;28.17;615850.717038909;3116588.03303461;100088.234375;-9.55237482045488;2.83703146275925;-0.370282561819227;-0.497401934685369;20220810180000_20220811073000_15;06_05_15
2022-08-10 18:00:00;2022-08-11 09:00:00;15;15;Perturbed;136.03;28.35;600941.583644485;3136404.60309791;99880.8828125;-9.78518630570776;2.99028447905639;-0.454918929534452;-0.441868612771484;20220810180000_20220811103000_15;06_06_15
2022-08-10 18:00:00;2022-08-11 12:00:00;18;15;Perturbed;136.18;28.57;615409.260156875;3160914.6348189;99696.3828125;-9.55926832859265;3.17983475333598;-0.372788630147266;-0.373182484075498;20220810180000_20220811133000_15;06_07_15
2022-08-10 18:00:00;2022-08-11 15:00:00;21;15;Perturbed;136.1;29.18;606953.205780903;3228422.04048796;99390.4375;-9.69131266185923;3.70190862929578;-0.420792072644625;-0.184001890329196;20220810180000_20220811163000_15;06_08_15
2022-08-10 18:00:00;2022-08-11 18:00:00;24;15;Perturbed;136.06;29.51;602735.44790496;3264962.46795382;99264.7109375;-9.757174469488;3.98449692323572;-0.444735496925447;-0.0816021655105055;20220810180000_20220811193000_15;06_09_15
2022-08-10 18:00:00;2022-08-11 21:00:00;27;15;Perturbed;136.2;29.83;615939.568480729;3300556.3222082;99174.4453125;-9.55098737320428;4.25976481816911;-0.369778168766796;0.0181449128259789;20220810180000_20220811223000_15;06_10_15
2022-08-10 18:00:00;2022-08-12 00:00:00;30;15;Perturbed;136.33;30.22;627996.437928124;3343907.55516457;98918.15625;-9.36271501630135;4.59502501655564;-0.301333571146798;0.139631021039424;20220810180000_20220812013000_15;06_11_15
2022-08-10 18:00:00;2022-08-12 03:00:00;33;15;Perturbed;136.33;30.54;627578.058249101;3379376.45533725;98827.2265625;-9.36924816560629;4.86932656918762;-0.303708634500354;0.239027932055226;20220810180000_20220812043000_15;06_12_15
2022-08-10 18:00:00;2022-08-12 06:00:00;36;15;Perturbed;136.66;30.88;658678.718467433;3417486.9040027;98537.6875;-8.88360016003655;5.16405674659778;-0.127155990910118;0.345827434050803;20220810180000_20220812073000_15;06_13_15
2022-08-10 18:00:00;2022-08-12 09:00:00;39;15;Perturbed;137.04;31.13;694505.609844339;3445804.3154826;98423.734375;-8.32415035347898;5.3830516942178;0.0762265848875723;0.425183241965974;20220810180000_20220812103000_15;06_14_15
2022-08-10 18:00:00;2022-08-10 18:00:00;0;16;Perturbed;137.04;27.1;702242.405133431;2999157.62759187;100369.703125;-8.20336328269598;1.92900756754445;0.120146927787578;-0.82648514571015;20220810180000_20220810193000_16;06_01_16
2022-08-10 18:00:00;2022-08-10 21:00:00;3;16;Perturbed;136.78;27.1;676462.606204837;2998759.77523413;100292.34375;-8.6059241237125;1.92593074478097;-0.0262001793193392;-0.827600074428193;20220810180000_20220810223000_16;06_02_16
2022-08-10 18:00:00;2022-08-11 00:00:00;6;16;Perturbed;136.31;27.76;629091.844795699;3071297.58830543;100375.65625;-9.34563561662506;2.48690767536295;-0.295115150800753;-0.624322427925827;20220810180000_20220811013000_16;06_03_16
2022-08-10 18:00:00;2022-08-11 03:00:00;9;16;Perturbed;135.71;28;569814.873275131;3097411.71507741;100316.859375;-10.271266866672;2.68886334594506;-0.631619454970176;-0.551141034581988;20220810180000_20220811043000_16;06_04_16
2022-08-10 18:00:00;2022-08-11 06:00:00;12;16;Perturbed;136.03;27.42;601805.253929338;3033374.01947918;100197.3984375;-9.77172555619601;2.19362274801133;-0.450016034518377;-0.730598223839223;20220810180000_20220811073000_16;06_05_16
2022-08-10 18:00:00;2022-08-11 09:00:00;15;16;Perturbed;136.04;27.52;602718.193463548;3044467.44568385;99835.1484375;-9.75746967671041;2.27941463941859;-0.444833447169064;-0.699510361177631;20220810180000_20220811103000_16;06_06_16
2022-08-10 18:00:00;2022-08-11 12:00:00;18;16;Perturbed;135.91;27.8;589642.605167357;3075380.69797639;99469.375;-9.96164969517681;2.51848472784719;-0.519061121565162;-0.612880052023097;20220810180000_20220811133000_16;06_07_16
2022-08-10 18:00:00;2022-08-11 15:00:00;21;16;Perturbed;135.73;27.86;571865.012008968;3081907.03461549;99283.8828125;-10.2392532122916;2.56895666986932;-0.619981200005663;-0.594590855035942;20220810180000_20220811163000_16;06_08_16
2022-08-10 18:00:00;2022-08-11 18:00:00;24;16;Perturbed;135.67;28.03;565857.530377796;3100699.7171001;99090.7265625;-10.3330622006602;2.71429137036899;-0.654084552019972;-0.541926842913287;20220810180000_20220811193000_16;06_09_16
2022-08-10 18:00:00;2022-08-11 21:00:00;27;16;Perturbed;135.44;28.3;543145.863367012;3130504.25242222;98995;-10.6877130572504;2.94478710817115;-0.783014446850034;-0.458403566723229;20220810180000_20220811223000_16;06_10_16
2022-08-10 18:00:00;2022-08-12 00:00:00;30;16;Perturbed;135.24;28.43;523507.848858932;3144851.07734909;98855.6171875;-10.9943677234937;3.05573941663358;-0.894495790073137;-0.418198483575071;20220810180000_20220812013000_16;06_11_16
2022-08-10 18:00:00;2022-08-12 03:00:00;33;16;Perturbed;135.16;28.51;515647.686297282;3153701.46289587;98542.90625;-11.1171069915581;3.12418457521068;-0.939116465954815;-0.393396446287015;20220810180000_20220812043000_16;06_12_16
2022-08-10 18:00:00;2022-08-12 06:00:00;36;16;Perturbed;135.04;28.82;503893.116148595;3188038.60313363;98074.4296875;-11.3006588360837;3.38973357262265;-1.00584496687565;-0.297171143102145;20220810180000_20220812073000_16;06_13_16
2022-08-10 18:00:00;2022-08-12 09:00:00;39;16;Perturbed;134.92;29.02;492208.788067142;3210211.52073432;97611.7890625;-11.4831138254423;3.56120958948928;-1.07217471669042;-0.235034468240872;20220810180000_20220812103000_16;06_14_16
2022-08-10 18:00:00;2022-08-10 18:00:00;0;17;Perturbed;137.04;27.1;702243.226027445;2999144.68781958;100369.1015625;-8.20329092868163;1.92880149442908;0.120151587849683;-0.826521407714018;20220810180000_20220810193000_17;06_01_17
2022-08-10 18:00:00;2022-08-10 21:00:00;3;17;Perturbed;136.64;26.97;662765.103125516;2984172.96048137;100274.5078125;-8.81975602994844;1.81301645360573;-0.103958347868252;-0.868477697385922;20220810180000_20220810223000_17;06_02_17
2022-08-10 18:00:00;2022-08-11 00:00:00;6;17;Perturbed;136.17;27.32;615759.014874615;3022420.98794795;100254.21875;-9.55377302021252;2.10881060758616;-0.370803137891099;-0.761292648959917;20220810180000_20220811013000_17;06_03_17
2022-08-10 18:00:00;2022-08-11 03:00:00;9;17;Perturbed;135.56;27.57;555281.271678063;3049690.05180051;100227.1328125;-10.4981547522586;2.31969807568256;-0.71412399875916;-0.684874696893679;20220810180000_20220811043000_17;06_04_17
2022-08-10 18:00:00;2022-08-11 06:00:00;12;17;Perturbed;135.49;27.12;548565.432251806;2999830.58270664;100016.3046875;-10.6030250026067;1.93410591693858;-0.752248565771868;-0.824599277827738;20220810180000_20220811073000_17;06_05_17
2022-08-10 18:00:00;2022-08-11 09:00:00;15;17;Perturbed;135.71;27.1;570374.135779726;2997714.50071784;99563.65625;-10.262474245869;1.91774102904525;-0.628444626109503;-0.830529318289084;20220810180000_20220811103000_17;06_06_17
2022-08-10 18:00:00;2022-08-11 12:00:00;18;17;Perturbed;135.57;27.38;556364.991930089;3028661.38315958;99412.8828125;-10.4812320703831;2.15707119890006;-0.707971921148448;-0.743804765080405;20220810180000_20220811133000_17;06_07_17
2022-08-10 18:00:00;2022-08-11 15:00:00;21;17;Perturbed;135.21;27.6;520726.795221174;3052907.7243908;99231.5625;-11.0377353417698;2.34458220186293;-0.910283312532969;-0.675857594176163;20220810180000_20220811163000_17;06_08_17
2022-08-10 18:00:00;2022-08-11 18:00:00;24;17;Perturbed;134.97;27.61;497037.543600906;3053992.76585496;99066.2890625;-11.4076515339682;2.352973456084;-1.04476277273965;-0.67281690869291;20220810180000_20220811193000_17;06_09_17
2022-08-10 18:00:00;2022-08-11 21:00:00;27;17;Perturbed;135.01;27.6;500991.03364692;3052889.41802037;99012.046875;-11.3459163636404;2.34444062809531;-1.02231954760773;-0.675908895362934;20220810180000_20220811223000_17;06_10_17
2022-08-10 18:00:00;2022-08-12 00:00:00;30;17;Perturbed;135.05;27.71;504937.163766137;3065086.20585937;98785.0234375;-11.2842961212191;2.43876545421262;-0.999918103406606;-0.641729007359376;20220810180000_20220812013000_17;06_11_17
2022-08-10 18:00:00;2022-08-12 03:00:00;33;17;Perturbed;134.94;28.1;494108.672399251;3108286.29930718;98576.8671875;-11.4533869121778;2.7728568032224;-1.0613894279218;-0.520666447668993;20220810180000_20220812043000_17;06_12_17
2022-08-10 18:00:00;2022-08-12 06:00:00;36;17;Perturbed;134.43;28.5;444222.03042333;3152733.93613979;98429.28125;-12.2323847858596;3.11659612794499;-1.34458658382967;-0.396107812312221;20220810180000_20220812073000_17;06_13_17
2022-08-10 18:00:00;2022-08-12 09:00:00;39;17;Perturbed;134.16;28.44;417753.367967244;3146224.63682755;98350.7578125;-12.6457024788492;3.06625594544137;-1.49484424061617;-0.414349264439709;20220810180000_20220812103000_17;06_14_17
2022-08-10 18:00:00;2022-08-10 18:00:00;0;18;Perturbed;137.04;27.1;702250.789823991;2999147.27151257;100369.390625;-8.20338850504314;1.92884376419052;0.120194526111008;-0.826514167255458;20220810180000_20220810193000_18;06_01_18
2022-08-10 18:00:00;2022-08-10 21:00:00;3;18;Perturbed;136.94;27.21;692141.468854383;3011173.367005;100407.90625;-8.36124919134653;2.02184852750756;0.0628057977188541;-0.792812622022601;20220810180000_20220810223000_18;06_02_18
2022-08-10 18:00:00;2022-08-11 00:00:00;6;18;Perturbed;136.8;27.8;677329.772629488;3076340.48991585;100426.7265625;-8.59253916011978;2.52582364114182;-0.0212774373701361;-0.610190361800506;20220810180000_20220811013000_18;06_03_18
2022-08-10 18:00:00;2022-08-11 03:00:00;9;18;Perturbed;136.64;28.29;660830.502684338;3130421.71556913;100278.28125;-8.85018120006257;2.94406508907834;-0.114940713508821;-0.458634865359546;20220810180000_20220811043000_18;06_04_18
2022-08-10 18:00:00;2022-08-11 06:00:00;12;18;Perturbed;136.55;28.53;651661.079629053;3156897.72796226;100105.828125;-8.99336504206988;3.14881943081384;-0.166993816859138;-0.384439335329546;20220810180000_20220811073000_18;06_05_18
2022-08-10 18:00:00;2022-08-11 09:00:00;15;18;Perturbed;136.64;28.83;660017.395905114;3190249.22022096;99931.4765625;-8.8628781551392;3.40674584140506;-0.119556568940361;-0.290976180505349;20220810180000_20220811103000_18;06_06_18
2022-08-10 18:00:00;2022-08-11 12:00:00;18;18;Perturbed;136.55;29.29;650549.100022713;3241108.0141755;99845.359375;-9.01072900393634;3.80006635821847;-0.173306317550103;-0.148451123555188;20220810180000_20220811133000_18;06_07_18
2022-08-10 18:00:00;2022-08-11 15:00:00;21;18;Perturbed;136.45;29.5;640546.94623297;3264260.18330502;99664.0859375;-9.16691623614589;3.97911549445073;-0.230086677863303;-0.0835702255406869;20220810180000_20220811163000_18;06_08_18
2022-08-10 18:00:00;2022-08-11 18:00:00;24;18;Perturbed;136.69;29.9;663174.774660482;3308900.1401175;99296.5859375;-8.81357454921545;4.32434214099116;-0.101632719023266;0.0415273611743989;20220810180000_20220811193000_18;06_09_18
2022-08-10 18:00:00;2022-08-11 21:00:00;27;18;Perturbed;136.93;30.4;685412.231175378;3364691.06617525;99209.25;-8.46632866023469;4.75580569260718;0.024605171325882;0.197874067326941;20220810180000_20220811223000_18;06_10_18
2022-08-10 18:00:00;2022-08-12 00:00:00;30;18;Perturbed;137.07;30.88;697872.581958194;3418144.41669958;98904.4765625;-8.2717557970256;5.16919141843524;0.095340257183355;0.347670026595395;20220810180000_20220812013000_18;06_11_18
2022-08-10 18:00:00;2022-08-12 03:00:00;33;18;Perturbed;137.21;31.36;710211.404918541;3471612.9410359;98684.0703125;-8.07908063451447;5.58269449214191;0.165385452274008;0.497508508469123;20220810180000_20220812043000_18;06_12_18
2022-08-10 18:00:00;2022-08-12 06:00:00;36;18;Perturbed;137.55;31.72;741618.120939484;3512232.11367738;98583.8046875;-7.58865345740663;5.89682608539516;0.34367551753497;0.611338378268422;20220810180000_20220812073000_18;06_13_18
2022-08-10 18:00:00;2022-08-12 09:00:00;39;18;Perturbed;137.83;32.24;766649.256791821;3570558.44253889;98385.9921875;-7.19778325984513;6.34789737568467;0.485772604084646;0.774790216117997;20220810180000_20220812103000_18;06_14_18
2022-08-10 18:00:00;2022-08-10 18:00:00;0;19;Perturbed;137.04;27.1;702237.870510274;2999157.4603827;100369.359375;-8.20352241957488;1.92896430272648;0.120121185578234;-0.826485614291793;20220810180000_20220810193000_19;06_01_19
2022-08-10 18:00:00;2022-08-10 21:00:00;3;19;Perturbed;136.8;27.17;678343.297371524;3006544.5382266;100395.9609375;-8.57664478120032;1.98609285512394;-0.0155238465687022;-0.805784303691739;20220810180000_20220810223000_19;06_02_19
2022-08-10 18:00:00;2022-08-11 00:00:00;6;19;Perturbed;136.54;27.88;651599.951956389;3084864.06301577;100289.3984375;-8.99425174748162;2.59178311184132;-0.167340827248294;-0.58630417325716;20220810180000_20220811013000_19;06_03_19
2022-08-10 18:00:00;2022-08-11 03:00:00;9;19;Perturbed;136.08;28.41;605795.758465789;3143089.71071424;100225.0625;-9.7095007183806;3.04207577637102;-0.427362685032441;-0.423134481077636;20220810180000_20220811043000_19;06_04_19
2022-08-10 18:00:00;2022-08-11 06:00:00;12;19;Perturbed;135.8;28.61;578207.370012374;3165040.723546;100089.984375;-10.1403033359208;3.21183567510718;-0.583976817325806;-0.361619665040965;20220810180000_20220811073000_19;06_05_19
2022-08-10 18:00:00;2022-08-11 09:00:00;15;19;Perturbed;135.65;28.92;563361.420397122;3199298.34595478;99975.1875;-10.3721281837157;3.47676971508201;-0.66825450251897;-0.265617200075825;20220810180000_20220811103000_19;06_06_19
2022-08-10 18:00:00;2022-08-11 12:00:00;18;19;Perturbed;135.42;29.19;540825.903002029;3229115.48815498;99872.859375;-10.7240284006428;3.70736294917568;-0.796184428856425;-0.182058594774;20220810180000_20220811133000_19;06_07_19
2022-08-10 18:00:00;2022-08-11 15:00:00;21;19;Perturbed;135.18;29.6;517430.48452349;3274473.06947948;99706.609375;-11.089356282553;4.05813940179676;-0.928995853157034;-0.0549499600868539;20220810180000_20220811163000_19;06_08_19
2022-08-10 18:00:00;2022-08-11 18:00:00;24;19;Perturbed;135.02;29.87;501925.43732186;3304381.74909661;99539.28125;-11.3314731764349;4.28944054776438;-1.01701511233745;0.0288651667434411;20220810180000_20220811193000_19;06_09_19
2022-08-10 18:00:00;2022-08-11 21:00:00;27;19;Perturbed;135.08;30.02;507717.29501951;3321006.7913351;99368.25;-11.241031233413;4.41801163049854;-0.984135817150781;0.0754546531940648;20220810180000_20220811223000_19;06_10_19
2022-08-10 18:00:00;2022-08-12 00:00:00;30;19;Perturbed;135.19;30.42;518247.119573036;3365334.55245137;99325.375;-11.0766042322652;4.76082388686109;-0.924359968393382;0.199677352678784;20220810180000_20220812013000_19;06_11_19
2022-08-10 18:00:00;2022-08-12 03:00:00;33;19;Perturbed;135.26;30.82;524876.234186773;3409674.37914048;99126.375;-10.9730882210855;5.10372945328817;-0.886727721955473;0.323933864338795;20220810180000_20220812043000_19;06_12_19
2022-08-10 18:00:00;2022-08-12 06:00:00;36;19;Perturbed;135.4;31.44;538012.596038193;3478441.21021858;99015.6875;-10.7679592016757;5.63554319553766;-0.812155047428805;0.516643831556053;20220810180000_20220812073000_19;06_13_19
2022-08-10 18:00:00;2022-08-12 09:00:00;39;19;Perturbed;135.54;32;551003.081985949;3540569.22636303;99086.8828125;-10.565108087017;6.11601513595314;-0.738410483181697;0.690749396212267;20220810180000_20220812103000_19;06_14_19
2022-08-10 18:00:00;2022-08-10 18:00:00;0;20;Perturbed;137.04;27.1;702251.393858784;2999146.32177626;100369.265625;-8.20325590587812;1.92892801387072;0.120197955103792;-0.826516828766099;20220810180000_20220810193000_20;06_01_20
2022-08-10 18:00:00;2022-08-10 21:00:00;3;20;Perturbed;136.71;27.05;669607.094142479;2993132.22102804;100332.484375;-8.71300839792006;1.88241748873769;-0.0651176418194012;-0.84337055228165;20220810180000_20220810223000_20;06_02_20
2022-08-10 18:00:00;2022-08-11 00:00:00;6;20;Perturbed;136.35;27.36;633526.383981469;3027024.55807295;100375.8125;-9.27642167616635;2.14452656537907;-0.269941099483;-0.748391751332931;20220810180000_20220811013000_20;06_03_20
2022-08-10 18:00:00;2022-08-11 03:00:00;9;20;Perturbed;136.08;27.57;606602.164114877;3050044.57067514;100271.609375;-9.6968530621221;2.32255365862549;-0.422784870666024;-0.683881204542274;20220810180000_20220811043000_20;06_04_20
2022-08-10 18:00:00;2022-08-11 06:00:00;12;20;Perturbed;136.06;27.4;604800.554706374;3031181.94575834;100073.2109375;-9.72498584161657;2.17667805277918;-0.433012271034865;-0.73674122109907;20220810180000_20220811073000_20;06_05_20
2022-08-10 18:00:00;2022-08-11 09:00:00;15;20;Perturbed;136.3;27.27;628676.822330893;3017009.83245037;99992.3359375;-9.35214932718585;2.06707689047846;-0.297471155875769;-0.776456697996311;20220810180000_20220811103000_20;06_06_20
2022-08-10 18:00:00;2022-08-11 12:00:00;18;20;Perturbed;136.4;27.35;638477.360513103;3025988.9588899;99798;-9.19911039526971;2.13651767696043;-0.241835329738023;-0.751293881349494;20220810180000_20220811133000_20;06_07_20
2022-08-10 18:00:00;2022-08-11 15:00:00;21;20;Perturbed;136.57;27.63;654900.087620783;3057196.90857938;99251.2578125;-8.94266359928949;2.37786683108166;-0.148606573002087;-0.663837721638609;20220810180000_20220811163000_20;06_08_20
2022-08-10 18:00:00;2022-08-11 18:00:00;24;20;Perturbed;136.55;27.9;652542.959054613;3087088.94099957;99032.4921875;-8.97947101041823;2.60903923463143;-0.161987551949728;-0.580069246380381;20220810180000_20220811193000_20;06_09_20
2022-08-10 18:00:00;2022-08-11 21:00:00;27;20;Perturbed;136.44;28.01;641582.347449289;3099136.61315629;99000.515625;-9.15062490646359;2.70221086279304;-0.224208898400285;-0.546307235393875;20220810180000_20220811223000_20;06_10_20
2022-08-10 18:00:00;2022-08-12 00:00:00;30;20;Perturbed;136.57;28.2;654099.397527145;3120347.12960595;98919.953125;-8.95516666335065;2.86624407402721;-0.153151941226933;-0.486867562726207;20220810180000_20220812013000_20;06_11_20
2022-08-10 18:00:00;2022-08-12 03:00:00;33;20;Perturbed;136.54;28.58;650617.103460875;3162416.10158298;98689.140625;-9.00954393882388;3.19158780543;-0.172920274723476;-0.368974821655293;20220810180000_20220812043000_20;06_12_20
2022-08-10 18:00:00;2022-08-12 06:00:00;36;20;Perturbed;136.33;28.78;629825.244519734;3184341.80539907;98473.4609375;-9.33421630127427;3.36115197488618;-0.290951777445401;-0.307530930794359;20220810180000_20220812073000_20;06_13_20
2022-08-10 18:00:00;2022-08-12 09:00:00;39;20;Perturbed;136.19;28.99;615916.14086115;3207453.11116399;98276.359375;-9.55141196219057;3.53988509104727;-0.369911162990733;-0.242764546965405;20220810180000_20220812103000_20;06_14_20
2022-08-11 00:00:00;2022-08-11 00:00:00;0;0;Unperturbed;136.55;27.9;652550.015335994;3087083.09068564;100448.1953125;-11.5460635514104;2.61863206763222;-0.161947494757281;-0.580085641112944;20220811000000_20220811013000_00;07_01_00
2022-08-11 00:00:00;2022-08-11 03:00:00;3;0;Unperturbed;136.32;28;629788.164757761;3097897.28541096;100380.8515625;-12.0030999688566;2.70257802718813;-0.291162272333742;-0.54978028781507;20220811000000_20220811043000_00;07_02_00
2022-08-11 00:00:00;2022-08-11 06:00:00;6;0;Unperturbed;135.86;28.46;584206.252783029;3148458.31893185;100219.40625;-12.9183416218884;3.09506166400605;-0.5499222794378;-0.408089665177304;20220811000000_20220811073000_00;07_03_00
2022-08-11 00:00:00;2022-08-11 09:00:00;9;0;Unperturbed;135.7;28.3;568636.269662373;3130642.23150505;100169.9921875;-13.2309721472802;2.95676301185824;-0.63831016771121;-0.458016898556152;20220811000000_20220811103000_00;07_04_00
2022-08-11 00:00:00;2022-08-11 12:00:00;12;0;Unperturbed;136.02;28.05;600246.570983305;3103167.2903164;100135.5703125;-12.5962672132301;2.74348681696755;-0.458864386698341;-0.535011794681962;20220811000000_20220811133000_00;07_05_00
2022-08-11 00:00:00;2022-08-11 15:00:00;15;0;Unperturbed;136.02;28.62;599718.705341841;3166317.97828094;99485.8984375;-12.6068662557306;3.23369854631507;-0.461860981426769;-0.358040327237554;20220811000000_20220811163000_00;07_06_00
2022-08-11 00:00:00;2022-08-11 18:00:00;18;0;Unperturbed;135.71;28.92;569211.038532524;3199325.97941867;99456.1796875;-13.2194313323377;3.48992551456472;-0.635047312107306;-0.265539760940764;20220811000000_20220811193000_00;07_07_00
2022-08-11 00:00:00;2022-08-11 21:00:00;21;0;Unperturbed;135.78;29.05;575930.393572024;3213783.75589047;99460.6640625;-13.0845130424452;3.60215503787164;-0.596902787614355;-0.225023750732997;20220811000000_20220811223000_00;07_08_00
2022-08-11 00:00:00;2022-08-12 00:00:00;24;0;Unperturbed;135.94;29.3;591289.312134999;3241590.26330169;99334.8828125;-12.7761204936169;3.81800503926551;-0.509713073442885;-0.147099684033501;20220811000000_20220812013000_00;07_09_00
2022-08-11 00:00:00;2022-08-12 03:00:00;27;0;Unperturbed;135.92;29.7;588993.873014175;3285892.09060509;98972.0546875;-12.8222107387242;4.16190114041093;-0.522743852922704;-0.0229496606362197;20220811000000_20220812043000_00;07_10_00
2022-08-11 00:00:00;2022-08-12 06:00:00;30;0;Unperturbed;135.78;29.98;575236.370301252;3316819.26475773;98700.3359375;-13.0984483728881;4.40197554045089;-0.600842628193552;0.0637196626936361;20220811000000_20220812073000_00;07_11_00
2022-08-11 00:00:00;2022-08-12 09:00:00;33;0;Unperturbed;135.81;30.23;577941.811132268;3344549.91162933;98513.96875;-13.044125681472;4.61723666898343;-0.585484345525604;0.141431140244056;20220811000000_20220812103000_00;07_12_00
2022-08-11 00:00:00;2022-08-12 12:00:00;36;0;Unperturbed;135.74;30.67;570892.415123065;3393273.55317402;98334.9140625;-13.1856708816802;4.995457419249;-0.625502451006392;0.277972714395117;20220811000000_20220812133000_00;07_13_00
2022-08-11 00:00:00;2022-08-12 15:00:00;39;0;Unperturbed;135.61;30.94;558267.292997944;3423116.69595502;98024.03125;-13.4391713853434;5.22711694827984;-0.697172913022047;0.36160418289269;20220811000000_20220812163000_00;07_14_00
2022-08-11 00:00:00;2022-08-11 00:00:00;0;1;Perturbed;136.55;27.9;652545.093123715;3087100.33732231;100448.21875;-11.546095495933;2.61886920308907;-0.161975437237729;-0.580037309690162;20220811000000_20220811013000_01;07_01_01
2022-08-11 00:00:00;2022-08-11 03:00:00;3;1;Perturbed;136.47;27.66;645004.075683255;3060412.69065077;99963.28125;-11.6975119892028;2.41170443816334;-0.204784385830035;-0.654825916850749;20220811000000_20220811043000_01;07_02_01
2022-08-11 00:00:00;2022-08-11 06:00:00;6;1;Perturbed;136.06;28.09;604132.765394875;3107623.73488957;99827.6015625;-12.5181692185583;2.77818354372121;-0.436803186323442;-0.522523196994135;20220811000000_20220811073000_01;07_03_01
2022-08-11 00:00:00;2022-08-11 09:00:00;9;1;Perturbed;136.06;28;604234.327105846;3097653.5251187;99746.03125;-12.5161299555216;2.70078907770236;-0.436226639445217;-0.550463393858992;20220811000000_20220811103000_01;07_04_01
2022-08-11 00:00:00;2022-08-11 12:00:00;12;1;Perturbed;135.83;28.38;581327.716018107;3139585.80670467;99578.875;-12.9760730269952;3.02629141084071;-0.566263195416786;-0.432953709566566;20220811000000_20220811133000_01;07_05_01
2022-08-11 00:00:00;2022-08-11 15:00:00;15;1;Perturbed;135.7;28.44;568554.698499664;3146145.68671189;99416.609375;-13.2325431301858;3.0772129482982;-0.638773231977881;-0.414570511717807;20220811000000_20220811163000_01;07_06_01
2022-08-11 00:00:00;2022-08-11 18:00:00;18;1;Perturbed;135.84;28.7;582058.013749416;3175030.88009;99187.328125;-12.9614093397155;3.30143632661472;-0.562117431495206;-0.333623569977276;20220811000000_20220811193000_01;07_07_01
2022-08-11 00:00:00;2022-08-11 21:00:00;21;1;Perturbed;135.81;29.1;578816.030517031;3219343.96018669;99034.8125;-13.0265052947591;3.6454197783724;-0.58052156523817;-0.209442012112117;20220811000000_20220811223000_01;07_08_01
2022-08-11 00:00:00;2022-08-12 00:00:00;24;1;Perturbed;135.78;29.37;575698.603644198;3249232.16659927;98826.4296875;-13.089100275985;3.87742911706453;-0.598218615774531;-0.125684258735215;20220811000000_20220812013000_01;07_09_01
2022-08-11 00:00:00;2022-08-12 03:00:00;27;1;Perturbed;135.79;29.66;576445.041911099;3281369.01476172;98506.2578125;-13.0741125020262;4.12689369807339;-0.59398122504478;-0.0356249836638011;20220811000000_20220812043000_01;07_10_01
2022-08-11 00:00:00;2022-08-12 06:00:00;30;1;Perturbed;135.94;30;590669.87947577;3319154.89871202;98030.2421875;-12.7884912263322;4.42020932317952;-0.513229477041562;0.0702649685584717;20220811000000_20220812073000_01;07_11_01
2022-08-11 00:00:00;2022-08-12 09:00:00;33;1;Perturbed;135.96;30.5;592124.580918967;3374586.17326114;97820.4453125;-12.7592821981045;4.85049855410479;-0.504971408446618;0.225603798830296;20220811000000_20220812103000_01;07_12_01
2022-08-11 00:00:00;2022-08-12 12:00:00;36;1;Perturbed;135.81;30.88;577424.940908551;3416582.08333545;97798.609375;-13.0544370575488;5.17649480793208;-0.588418521319614;0.343291793562664;20220811000000_20220812133000_01;07_13_01
2022-08-11 00:00:00;2022-08-12 15:00:00;39;1;Perturbed;135.92;31.4;587462.371863161;3474307.19351868;97517.8515625;-12.8528949435589;5.62459010193089;-0.531437899125415;0.50505879542419;20220811000000_20220812163000_01;07_14_01
2022-08-11 00:00:00;2022-08-11 00:00:00;0;2;Perturbed;136.55;27.9;652556.029016495;3087090.34304454;100448.296875;-11.5461679891943;2.61875693558266;-0.16191335621544;-0.580065317334425;20220811000000_20220811013000_02;07_01_02
2022-08-11 00:00:00;2022-08-11 03:00:00;3;2;Perturbed;136.1;28.69;607470.136215316;3174135.80764902;100521.296875;-12.4514500466613;3.29445357660085;-0.417857555045735;-0.336131892348025;20220811000000_20220811043000_02;07_02_02
2022-08-11 00:00:00;2022-08-11 06:00:00;6;2;Perturbed;135.95;28.88;592643.620891958;3195066.16043175;100433.1640625;-12.7491524423127;3.45692693618229;-0.502024915390932;-0.277477341376709;20220811000000_20220811073000_02;07_03_02
2022-08-11 00:00:00;2022-08-11 09:00:00;9;2;Perturbed;135.85;28.95;582831.590390321;3202741.38404074;100392.7421875;-12.9461687285294;3.51650640807343;-0.5577259812812;-0.255968540303811;20220811000000_20220811103000_02;07_04_02
2022-08-11 00:00:00;2022-08-11 12:00:00;12;2;Perturbed;135.85;28.94;582844.76007748;3201628.42172531;100436.3046875;-12.9459042936752;3.50786695854517;-0.55765121942512;-0.259087470287314;20220811000000_20220811133000_02;07_05_02
2022-08-11 00:00:00;2022-08-11 15:00:00;15;2;Perturbed;135.82;29.23;579694.646251654;3233745.92457576;100374.5234375;-13.0091555979817;3.75718137018677;-0.575533827693094;-0.169082407899314;20220811000000_20220811163000_02;07_06_02
2022-08-11 00:00:00;2022-08-11 18:00:00;18;2;Perturbed;135.83;29.62;580351.546861106;3276960.99279288;100185.7421875;-12.9959656554447;4.09264142624323;-0.571804725533827;-0.0479778833945376;20220811000000_20220811193000_02;07_07_02
2022-08-11 00:00:00;2022-08-11 21:00:00;21;2;Perturbed;135.95;30;591634.038304637;3319158.44996927;100231.421875;-12.7694239051816;4.42020220385702;-0.507756127315789;0.0702749204881872;20220811000000_20220811223000_02;07_08_02
2022-08-11 00:00:00;2022-08-12 00:00:00;24;2;Perturbed;135.94;30.6;590113.753325025;3385651.16786973;100276;-12.7999497887512;4.93635667947107;-0.516386501406782;0.256611985696726;20220811000000_20220812013000_02;07_09_02
2022-08-11 00:00:00;2022-08-12 03:00:00;27;2;Perturbed;136.18;31.07;612571.050353839;3437950.75006327;100072.3203125;-12.3490285183431;5.34233592463221;-0.38890061749004;0.403174661509826;20220811000000_20220812043000_02;07_10_02
2022-08-11 00:00:00;2022-08-12 06:00:00;30;2;Perturbed;136.29;31.41;622619.508863489;3475762.07797063;100046.6171875;-12.1472649814847;5.63584906027379;-0.331857393924006;0.509135917063294;20220811000000_20220812073000_02;07_11_02
2022-08-11 00:00:00;2022-08-12 09:00:00;33;2;Perturbed;136.33;31.9;625774.279730576;3530124.83484588;100074.03125;-12.0839201681971;6.05784384637778;-0.313948348501966;0.661480367593098;20220811000000_20220812103000_02;07_12_02
2022-08-11 00:00:00;2022-08-12 12:00:00;36;2;Perturbed;136.46;32.34;637396.860465739;3579068.91362232;100151.375;-11.8505497468238;6.43777575641169;-0.247969126847868;0.798639687989516;20220811000000_20220812133000_02;07_13_02
2022-08-11 00:00:00;2022-08-12 15:00:00;39;2;Perturbed;136.69;32.99;657899.169315189;3651446.97276839;100151.46875;-11.4388827888265;6.99961561413006;-0.131581345956315;1.00146964520315;20220811000000_20220812163000_02;07_14_02
2022-08-11 00:00:00;2022-08-11 00:00:00;0;3;Perturbed;136.55;27.9;652552.430942843;3087089.53308798;100448.0625;-11.5459960161006;2.61877040428649;-0.161933781808031;-0.58006758713075;20220811000000_20220811013000_03;07_01_03
2022-08-11 00:00:00;2022-08-11 03:00:00;3;3;Perturbed;135.85;28.48;583207.220909007;3150670.24255046;100495.78125;-12.9383822042093;3.11232020624977;-0.555593596932394;-0.401891041199062;20220811000000_20220811043000_03;07_02_03
2022-08-11 00:00:00;2022-08-11 06:00:00;6;3;Perturbed;135.41;28.86;539986.993418627;3192540.27084701;100404.0078125;-13.8062034679297;3.43733929377908;-0.800946761991577;-0.284555813533123;20220811000000_20220811073000_03;07_03_03
2022-08-11 00:00:00;2022-08-11 09:00:00;9;3;Perturbed;134.95;28.89;495123.868507003;3195794.58298223;100368.3515625;-14.7070125570053;3.46260112434759;-1.05562634908914;-0.275436033327149;20220811000000_20220811103000_03;07_04_03
2022-08-11 00:00:00;2022-08-11 12:00:00;12;3;Perturbed;134.91;28.44;491183.594259203;3145956.35164449;100398.0078125;-14.7861295347652;3.07572829114241;-1.07799455060113;-0.415101098252921;20220811000000_20220811133000_03;07_05_03
2022-08-11 00:00:00;2022-08-11 15:00:00;15;3;Perturbed;134.91;28.58;491203.139965942;3161453.09297034;100261.7734375;-14.7857370754722;3.19602285339424;-1.07788359327188;-0.371673526179881;20220811000000_20220811163000_03;07_06_03
2022-08-11 00:00:00;2022-08-11 18:00:00;18;3;Perturbed;134.96;28.72;496095.561738657;3176957.4263077;100079.9296875;-14.6875018765391;3.31637634917812;-1.05011022796492;-0.328224678496682;20220811000000_20220811193000_03;07_07_03
2022-08-11 00:00:00;2022-08-11 21:00:00;21;3;Perturbed;135.05;29.1;504875.226858476;3219060.19693554;99982.3359375;-14.5112145101429;3.6432021156905;-1.00026970767181;-0.210237221168143;20220811000000_20220811223000_03;07_08_03
2022-08-11 00:00:00;2022-08-12 00:00:00;24;3;Perturbed;135.15;29.41;514550.901193463;3253428.00370853;99923.53125;-14.316936126703;3.90998467238301;-0.945342710290796;-0.113925979066111;20220811000000_20220812013000_03;07_09_03
2022-08-11 00:00:00;2022-08-12 03:00:00;27;3;Perturbed;134.94;30.1;494219.837424698;3329858.25213961;99818.5703125;-14.7251646455491;4.50327993907757;-1.06075836481961;0.100259703749986;20220811000000_20220812043000_03;07_10_03
2022-08-11 00:00:00;2022-08-12 06:00:00;30;3;Perturbed;134.93;30.41;493269.711154412;3364220.54541507;99722.5625;-14.7442422818424;4.77001969685136;-1.06615205432928;0.196555495002933;20220811000000_20220812073000_03;07_11_03
2022-08-11 00:00:00;2022-08-12 09:00:00;33;3;Perturbed;134.93;30.83;493311.80333721;3410762.56045386;99716.515625;-14.7433971106485;5.13130541542178;-1.06591310486341;0.326983348835022;20220811000000_20220812103000_03;07_12_03
2022-08-11 00:00:00;2022-08-12 12:00:00;36;3;Perturbed;134.82;31.3;482867.71403165;3462854.89078763;99781.21875;-14.9531045394578;5.53567585320707;-1.12520225061931;0.472965228667337;20220811000000_20220812133000_03;07_13_03
2022-08-11 00:00:00;2022-08-12 15:00:00;39;3;Perturbed;134.93;31.91;493382.734154013;3530466.10277287;99777.96875;-14.7419728869771;6.0605127191044;-1.06551044385459;0.662436725912829;20220811000000_20220812163000_03;07_14_03
2022-08-11 00:00:00;2022-08-11 00:00:00;0;4;Perturbed;136.55;27.9;652555.056264193;3087098.52872342;100448.4453125;-11.5459535848609;2.61887244600744;-0.161918878348703;-0.580042378049823;20220811000000_20220811013000_04;07_01_04
2022-08-11 00:00:00;2022-08-11 03:00:00;3;4;Perturbed;136.7;27.63;667729.805039046;3057373.70976135;100108.046875;-11.2412589910769;2.38813141407879;-0.0757746616918914;-0.663342259663021;20220811000000_20220811043000_04;07_02_04
2022-08-11 00:00:00;2022-08-11 06:00:00;6;4;Perturbed;136.57;28.03;654325.037926526;3101516.53360583;99843.8203125;-11.5104140282191;2.73079323950882;-0.15187102279203;-0.539637822471675;20220811000000_20220811073000_04;07_03_04
2022-08-11 00:00:00;2022-08-11 09:00:00;9;4;Perturbed;136.7;28.18;666881.277419957;3118304.18372621;99672.4765625;-11.2582966226087;2.8611085735526;-0.080591594620574;-0.492592648895488;20220811000000_20220811103000_04;07_04_04
2022-08-11 00:00:00;2022-08-11 12:00:00;12;4;Perturbed;136.58;28.62;654467.911226256;3166907.15056475;99622.6796875;-11.507545267578;3.23839257778576;-0.151059957734609;-0.356389249679979;20220811000000_20220811133000_04;07_05_04
2022-08-11 00:00:00;2022-08-11 15:00:00;15;4;Perturbed;136.42;28.98;638347.724022044;3206607.00372445;99456.953125;-11.8312233702461;3.54656552569078;-0.24257125190307;-0.245135651382745;20220811000000_20220811163000_04;07_06_04
2022-08-11 00:00:00;2022-08-11 18:00:00;18;4;Perturbed;136.34;29.2;630273.646110094;3230886.27987319;99263.53125;-11.9933432132868;3.73503514228249;-0.288406285304324;-0.177096184719402;20220811000000_20220811193000_04;07_07_04
2022-08-11 00:00:00;2022-08-11 21:00:00;21;4;Perturbed;136.32;29.39;628096.662306016;3251925.48215925;99222.1015625;-12.0370549877418;3.89835345391407;-0.300764616058876;-0.118136597382612;20220811000000_20220811223000_04;07_08_04
2022-08-11 00:00:00;2022-08-12 00:00:00;24;4;Perturbed;136.4;29.51;635682.868253612;3265317.72461215;99113.2421875;-11.8847311520158;4.00231169323473;-0.257699140745316;-0.0806066056176236;20220811000000_20220812013000_04;07_09_04
2022-08-11 00:00:00;2022-08-12 03:00:00;27;4;Perturbed;136.47;29.72;642175.106540202;3288656.74597167;98782.2421875;-11.754373151575;4.18348251481551;-0.220843915670714;-0.0152020788921286;20220811000000_20220812043000_04;07_10_04
2022-08-11 00:00:00;2022-08-12 06:00:00;30;4;Perturbed;136.68;30.19;661733.947803204;3341036.79530601;98396.34375;-11.3616501298014;4.5900863919089;-0.10981202418343;0.131586095461796;20220811000000_20220812073000_04;07_11_04
2022-08-11 00:00:00;2022-08-12 09:00:00;33;4;Perturbed;136.34;30.49;628607.176579532;3373855.59465697;98478.9453125;-12.0268043442881;4.84484466776458;-0.297866521807917;0.223556448724857;20220811000000_20220812103000_04;07_12_04
2022-08-11 00:00:00;2022-08-12 12:00:00;36;4;Perturbed;136.31;30.81;625308.983493506;3409271.56744934;98494.84375;-12.093028939995;5.11976368810565;-0.316589748399285;0.322805037743519;20220811000000_20220812133000_04;07_13_04
2022-08-11 00:00:00;2022-08-12 15:00:00;39;4;Perturbed;136.31;31.21;624798.402650857;3453622.24735604;98262.9296875;-12.1032809200938;5.4640390110762;-0.319488220550785;0.447091964113252;20220811000000_20220812163000_04;07_14_04
2022-08-11 00:00:00;2022-08-11 00:00:00;0;5;Perturbed;136.55;27.9;652557.457820347;3087089.46342075;100448.3203125;-11.5461672621604;2.61870073681557;-0.161905245162632;-0.58006778236397;20220811000000_20220811013000_05;07_01_05
2022-08-11 00:00:00;2022-08-11 03:00:00;3;5;Perturbed;136.18;28.11;615915.866091115;3109946.9765974;100397.7421875;-12.2818957459188;2.79613381670851;-0.369912722808943;-0.516012618764295;20220811000000_20220811043000_05;07_02_05
2022-08-11 00:00:00;2022-08-11 06:00:00;6;5;Perturbed;135.72;28.49;570468.4708398;3151704.25108365;100217.6015625;-13.194436430453;3.12027764472571;-0.627909103579676;-0.39899336876878;20220811000000_20220811073000_05;07_03_05
2022-08-11 00:00:00;2022-08-11 09:00:00;9;5;Perturbed;135.56;28.4;554853.651025311;3141634.48692054;100202.140625;-13.5079672342229;3.04211038062098;-0.716551521395888;-0.427212553677189;20220811000000_20220811103000_05;07_04_05
2022-08-11 00:00:00;2022-08-11 12:00:00;12;5;Perturbed;135.54;28.29;552953.424563095;3129444.00038595;100176.3203125;-13.5461219831807;2.94748085751803;-0.72733875237327;-0.461374783106877;20220811000000_20220811133000_05;07_05_05
2022-08-11 00:00:00;2022-08-11 15:00:00;15;5;Perturbed;135.47;28.35;546069.433320535;3136070.15776163;100016.7890625;-13.6843460122164;2.99891687778569;-0.766417885864129;-0.442805851681298;20220811000000_20220811163000_05;07_06_05
2022-08-11 00:00:00;2022-08-11 18:00:00;18;5;Perturbed;135.83;28.33;581360.235102357;3134029.96653889;99739.2265625;-12.9757401121937;2.9830797475859;-0.566078590644694;-0.448523218287959;20220811000000_20220811193000_05;07_07_05
2022-08-11 00:00:00;2022-08-11 21:00:00;21;5;Perturbed;135.57;29.08;555477.168590973;3216977.35064847;99553.15625;-13.495447591611;3.62696474583087;-0.713011928545771;-0.216074122962311;20220811000000_20220811223000_05;07_08_05
2022-08-11 00:00:00;2022-08-12 00:00:00;24;5;Perturbed;135.28;29.2;527225.05928901;3230177.06087263;99494.71875;-14.0627232081647;3.72942843996365;-0.873393880222858;-0.179083677355084;20220811000000_20220812013000_05;07_09_05
2022-08-11 00:00:00;2022-08-12 03:00:00;27;5;Perturbed;135.54;29.29;552454.297731886;3240239.00375394;99203.1328125;-13.5561439775701;3.80753499080935;-0.730172202239548;-0.150886410556548;20220811000000_20220812043000_05;07_10_05
2022-08-11 00:00:00;2022-08-12 06:00:00;30;5;Perturbed;135.33;29.81;531895.509139225;3297769.33990741;98901.4453125;-13.9689449953578;4.2541183374797;-0.84688060809222;0.010334762795794;20220811000000_20220812073000_05;07_11_05
2022-08-11 00:00:00;2022-08-12 09:00:00;33;5;Perturbed;135.22;30.2;521166.348743701;3340976.53146946;98738.5546875;-14.1843763818579;4.58951725043814;-0.907788049221618;0.131417214014412;20220811000000_20220812103000_05;07_12_05
2022-08-11 00:00:00;2022-08-12 12:00:00;36;5;Perturbed;135.05;30.61;504784.989201236;3386381.60407079;98792.859375;-14.5132985779005;4.94197737206891;-1.00078197001046;0.258658936736255;20220811000000_20220812133000_05;07_13_05
2022-08-11 00:00:00;2022-08-12 15:00:00;39;5;Perturbed;134.91;31.13;491412.10806873;3444004.40153688;98697.9921875;-14.7818133747414;5.38927845628765;-1.0766973203531;0.420139220712788;20220811000000_20220812163000_05;07_14_05
2022-08-11 00:00:00;2022-08-11 00:00:00;0;6;Perturbed;136.55;27.9;652541.31366778;3087080.66612574;100448.3125;-11.5465333828417;2.6186413148197;-0.161996892503697;-0.580092435622036;20220811000000_20220811013000_06;07_01_06
2022-08-11 00:00:00;2022-08-11 03:00:00;3;6;Perturbed;136.38;27.76;635985.114635693;3071383.78499302;100446.5078125;-11.8789661903652;2.496793153011;-0.25598334444397;-0.624080873086377;20220811000000_20220811043000_06;07_02_06
2022-08-11 00:00:00;2022-08-11 06:00:00;6;6;Perturbed;136.16;28.41;613632.715839777;3143171.69478832;100093.40625;-12.3277812035341;3.05405193421005;-0.382873740670226;-0.422904731531494;20220811000000_20220811073000_06;07_03_06
2022-08-11 00:00:00;2022-08-11 09:00:00;9;6;Perturbed;135.94;28.5;592001.597046425;3152946.12107151;100074.46875;-12.7621135968819;3.1299266169111;-0.505669564937958;-0.395513192048431;20220811000000_20220811103000_06;07_04_06
2022-08-11 00:00:00;2022-08-11 12:00:00;12;6;Perturbed;135.94;28.51;591977.934701264;3154051.55533436;100073.7890625;-12.7625887143783;3.13850762939312;-0.505803891655217;-0.392415358438611;20220811000000_20220811133000_06;07_05_06
2022-08-11 00:00:00;2022-08-11 15:00:00;15;6;Perturbed;136.04;28.76;601537.94612718;3181849.41184284;99681.734375;-12.5706327326874;3.3542904775361;-0.451533491022261;-0.314515534752169;20220811000000_20220811163000_06;07_06_06
2022-08-11 00:00:00;2022-08-11 18:00:00;18;6;Perturbed;136;29.13;597283.282331518;3222803.21834496;99497.234375;-12.6560623550252;3.67219732789447;-0.475686423321393;-0.199747897728399;20220811000000_20220811193000_06;07_07_06
2022-08-11 00:00:00;2022-08-11 21:00:00;21;6;Perturbed;136.12;29.26;608809.291081713;3237305.81934236;99290.1640625;-12.4246310077128;3.78477480478532;-0.410255422802261;-0.159106272704287;20220811000000_20220811223000_06;07_08_06
2022-08-11 00:00:00;2022-08-12 00:00:00;24;6;Perturbed;136.22;29.56;618189.204937078;3270661.89285319;98937.3984375;-12.2362912147914;4.04370370971146;-0.357007402464822;-0.065630279525698;20220811000000_20220812013000_06;07_09_06
2022-08-11 00:00:00;2022-08-12 03:00:00;27;6;Perturbed;136.34;29.88;629407.37308058;3306249.72013469;98632.75;-12.0110410155164;4.31995676280856;-0.293323955616079;0.034099909014802;20220811000000_20220812043000_06;07_10_06
2022-08-11 00:00:00;2022-08-12 06:00:00;30;6;Perturbed;136.45;30.11;639695.311856168;3331861.23224841;98342.9140625;-11.8044689415657;4.51876795630688;-0.234921247275692;0.105872791121483;20220811000000_20220812073000_06;07_11_06
2022-08-11 00:00:00;2022-08-12 09:00:00;33;6;Perturbed;136.59;30.31;652886.618357075;3354213.33365147;98055.765625;-11.5395999914823;4.6922777411805;-0.160036662228481;0.168511604937544;20220811000000_20220812103000_06;07_12_06
2022-08-11 00:00:00;2022-08-12 12:00:00;36;6;Perturbed;136.63;30.57;656305.958313183;3383080.97038628;98256.9765625;-11.4709428812795;4.91636483479849;-0.140625707465894;0.249409346502628;20220811000000_20220812133000_06;07_13_06
2022-08-11 00:00:00;2022-08-12 15:00:00;39;6;Perturbed;136.74;31.01;666109.715606833;3432006.56756241;97623.859375;-11.2740927132493;5.2961532800889;-0.084971607033301;0.386516874653647;20220811000000_20220812163000_06;07_14_06
2022-08-11 00:00:00;2022-08-11 00:00:00;0;7;Perturbed;136.55;27.9;652553.840866674;3087082.56814443;100448.0625;-11.5461382654308;2.6187748108929;-0.161925777933588;-0.580087105465721;20220811000000_20220811013000_07;07_01_07
2022-08-11 00:00:00;2022-08-11 03:00:00;3;7;Perturbed;136.27;28.21;624624.125319738;3121124.90586268;100492.546875;-12.1069405205019;2.88303089078342;-0.320477560433315;-0.484687947429298;20220811000000_20220811043000_07;07_02_07
2022-08-11 00:00:00;2022-08-11 06:00:00;6;7;Perturbed;135.7;28.7;568375.000277735;3174958.59335473;100317.0625;-13.2363697163104;3.30091873798235;-0.639793345245811;-0.333826144011386;20220811000000_20220811073000_07;07_03_07
2022-08-11 00:00:00;2022-08-11 09:00:00;9;7;Perturbed;135.51;28.77;549787.164248873;3182604.77025414;100176.15625;-13.6095958719567;3.36027273271418;-0.745313021242368;-0.31239874250804;20220811000000_20220811103000_07;07_04_07
2022-08-11 00:00:00;2022-08-11 12:00:00;12;7;Perturbed;135.22;28.72;521494.982935718;3176985.33403166;100244.5546875;-14.1776760965704;3.31665145735881;-0.905922454248153;-0.328146470783965;20220811000000_20220811133000_07;07_05_07
2022-08-11 00:00:00;2022-08-11 15:00:00;15;7;Perturbed;135.44;28.7;542977.452597557;3174835.70100955;99917.6484375;-13.7463284370995;3.29996477736853;-0.783970483356903;-0.334170533587574;20220811000000_20220811163000_07;07_06_07
2022-08-11 00:00:00;2022-08-11 18:00:00;18;7;Perturbed;135.28;29.49;527142.254432224;3262305.41557412;99578.7421875;-14.0642842295849;3.97895468902728;-0.873863947940555;-0.0890482040869376;20220811000000_20220811193000_07;07_07_07
2022-08-11 00:00:00;2022-08-11 21:00:00;21;7;Perturbed;134.93;29.72;493231.651889;3287759.92235982;99686.1640625;-14.7451770351383;4.17654711744414;-1.06636810967584;-0.0177153086880866;20220811000000_20220811223000_07;07_08_07
2022-08-11 00:00:00;2022-08-12 00:00:00;24;7;Perturbed;134.96;29.93;496134.903868971;3311022.1353928;99672.21875;-14.6868824830627;4.35712170889996;-1.04988689003375;0.0474739728406212;20220811000000_20220812013000_07;07_09_07
2022-08-11 00:00:00;2022-08-12 03:00:00;27;7;Perturbed;134.83;30.29;483641.777402098;3350932.40708699;99481.2578125;-14.9377326388309;4.66692804571964;-1.12080803733252;0.159317241306536;20220811000000_20220812043000_07;07_10_07
2022-08-11 00:00:00;2022-08-12 06:00:00;30;7;Perturbed;134.93;30.61;493299.026055742;3386392.67142624;99343.375;-14.7438242256341;4.94219088235936;-1.06598563910562;0.258689951539074;20220811000000_20220812073000_07;07_11_07
2022-08-11 00:00:00;2022-08-12 09:00:00;33;7;Perturbed;134.93;31;493314.686535664;3429613.38428356;99122.6484375;-14.7435097780186;5.27769475533884;-1.0658967374839;0.379810294402943;20220811000000_20220812103000_07;07_12_07
2022-08-11 00:00:00;2022-08-12 12:00:00;36;7;Perturbed;134.91;31.4;491438.860168048;3473930.06558457;99132.5859375;-14.7811745961694;5.62170616170243;-1.07654545367815;0.504001944167854;20220811000000_20220812133000_07;07_13_07
2022-08-11 00:00:00;2022-08-12 15:00:00;39;7;Perturbed;135.04;32;503780.479755537;3540441.04900614;98987.328125;-14.5333665551508;6.13800242472973;-1.00648438265716;0.69039019608835;20220811000000_20220812163000_07;07_14_07
2022-08-11 00:00:00;2022-08-11 00:00:00;0;8;Perturbed;136.55;27.9;652544.15861219;3087087.6971018;100448.578125;-11.546332164457;2.61871837251074;-0.161980742285247;-0.580072732239692;20220811000000_20220811013000_08;07_01_08
2022-08-11 00:00:00;2022-08-11 03:00:00;3;8;Perturbed;136.45;27.73;642927.213293493;3068134.09541304;100275.078125;-11.7394313248319;2.47158968459482;-0.216574346001667;-0.633187699191436;20220811000000_20220811043000_08;07_02_08
2022-08-11 00:00:00;2022-08-11 06:00:00;6;8;Perturbed;136.16;28.18;613861.359132418;3117679.9860798;99959.65625;-12.3230461680159;2.85619320244489;-0.38157577537072;-0.494341880408593;20220811000000_20220811073000_08;07_03_08
2022-08-11 00:00:00;2022-08-11 09:00:00;9;8;Perturbed;136.17;27.93;615121.273485399;3089998.51250198;99970.8828125;-12.2977482802103;2.64131378512022;-0.374423476732866;-0.571915556293832;20220811000000_20220811103000_08;07_04_08
2022-08-11 00:00:00;2022-08-11 12:00:00;12;8;Perturbed;136.58;27.92;655474.161243921;3089354.16208755;99790.2265625;-11.4875004846113;2.63631196896998;-0.145347664185714;-0.573721263279208;20220811000000_20220811133000_08;07_05_08
2022-08-11 00:00:00;2022-08-11 15:00:00;15;8;Perturbed;136.47;28.41;643995.889669136;3143491.56546741;99475.671875;-11.7179733146207;3.0565574324577;-0.210507669669471;-0.422008336174694;20220811000000_20220811163000_08;07_06_08
2022-08-11 00:00:00;2022-08-11 18:00:00;18;8;Perturbed;136.53;28.61;649592.152573528;3165735.95118571;99310.90625;-11.6056056518896;3.22923106662882;-0.178738729619319;-0.359671381347243;20220811000000_20220811193000_08;07_07_08
2022-08-11 00:00:00;2022-08-11 21:00:00;21;8;Perturbed;136.54;28.88;650178.491655805;3195672.50461916;99285.375;-11.5938325180377;3.46161570252629;-0.175410192080577;-0.275778141825929;20220811000000_20220811223000_08;07_08_08
2022-08-11 00:00:00;2022-08-12 00:00:00;24;8;Perturbed;136.66;29.08;661570.520704096;3217980.74743477;99208.9609375;-11.3650913563391;3.63478503197978;-0.110739769323861;-0.21326223591209;20220811000000_20220812013000_08;07_09_08
2022-08-11 00:00:00;2022-08-12 03:00:00;27;8;Perturbed;136.75;29.4;669806.395895023;3253586.50781438;98945.7265625;-11.199722777064;3.91117729203283;-0.0639862429668781;-0.113481792231214;20220811000000_20220812043000_08;07_10_08
2022-08-11 00:00:00;2022-08-12 06:00:00;30;8;Perturbed;136.9;29.75;683729.831585131;3292586.31006075;98665.453125;-10.9201533657598;4.21391604468338;0.015054502846561;-0.00418999421534951;20220811000000_20220812073000_08;07_11_08
2022-08-11 00:00:00;2022-08-12 09:00:00;33;8;Perturbed;136.8;30.1;673445.663180902;3331225.92935236;98444.3203125;-11.1266497342219;4.51385885140159;-0.0433268017992973;0.104092438612134;20220811000000_20220812103000_08;07_12_08
2022-08-11 00:00:00;2022-08-12 12:00:00;36;8;Perturbed;136.68;30.39;661409.416794027;3363189.64975025;98341.328125;-11.3683261703821;4.76197951576281;-0.111654326153706;0.193666545975357;20220811000000_20220812133000_08;07_13_08
2022-08-11 00:00:00;2022-08-12 15:00:00;39;8;Perturbed;136.69;30.8;661690.383161036;3408648.93034956;98095.0234375;-11.3626846316434;5.11486043085275;-0.110059332526333;0.321060179456375;20220811000000_20220812163000_08;07_14_08
2022-08-11 00:00:00;2022-08-11 00:00:00;0;9;Perturbed;136.55;27.9;652546.271972449;3087099.34303893;100448.1484375;-11.5461050489604;2.61877701023646;-0.161968745133479;-0.580040096038094;20220811000000_20220811013000_09;07_01_09
2022-08-11 00:00:00;2022-08-11 03:00:00;3;9;Perturbed;136.19;28.29;616700.148583474;3129906.50107658;100479.9765625;-12.2658612812899;2.95107063436725;-0.365460497474319;-0.460078685969184;20220811000000_20220811043000_09;07_02_09
2022-08-11 00:00:00;2022-08-11 06:00:00;6;9;Perturbed;136.07;28.57;604646.140024967;3160807.56051515;100273.375;-12.5078943650461;3.19094231707264;-0.433888854362041;-0.373482545678468;20220811000000_20220811073000_09;07_03_09
2022-08-11 00:00:00;2022-08-11 09:00:00;9;9;Perturbed;135.81;28.8;579052.833924659;3186102.5247096;100291.046875;-13.0217837296427;3.38729628472073;-0.579177276488853;-0.30259674733279;20220811000000_20220811103000_09;07_04_09
2022-08-11 00:00:00;2022-08-11 12:00:00;12;9;Perturbed;135.64;28.87;562412.644799577;3193743.12661599;100375.78125;-13.355902978744;3.44660700317069;-0.673640524511578;-0.281184969011527;20220811000000_20220811133000_09;07_05_09
2022-08-11 00:00:00;2022-08-11 15:00:00;15;9;Perturbed;135.43;28.81;541951.822965114;3187014.03425722;100263.09375;-13.7667369167443;3.39437194273898;-0.789792791361978;-0.300042362140311;20220811000000_20220811163000_09;07_06_09
2022-08-11 00:00:00;2022-08-11 18:00:00;18;9;Perturbed;135.54;28.79;552707.730220718;3184846.49236353;100153.796875;-13.5507684786074;3.37754624385294;-0.728733513299802;-0.30611661219264;20220811000000_20220811193000_09;07_07_09
2022-08-11 00:00:00;2022-08-11 21:00:00;21;9;Perturbed;135.44;29.17;542795.735729767;3226897.63103685;100095.859375;-13.749791947122;3.70397121362776;-0.78500205610063;-0.188273846601459;20220811000000_20220811223000_09;07_08_09
2022-08-11 00:00:00;2022-08-12 00:00:00;24;9;Perturbed;135.42;29.43;540730.91527942;3255696.25693141;100001.328125;-13.7912515875873;3.92752260566534;-0.796723656429654;-0.107569498807109;20220811000000_20220812013000_09;07_09_09
2022-08-11 00:00:00;2022-08-12 03:00:00;27;9;Perturbed;135.43;29.5;541675.621659475;3263453.12402211;99958.640625;-13.7722827775604;3.98773584091923;-0.791360734625282;-0.0858319026532195;20220811000000_20220812043000_09;07_10_09
2022-08-11 00:00:00;2022-08-12 06:00:00;30;9;Perturbed;135.46;29.96;544376.380381274;3314443.92842155;99789.421875;-13.7180540984661;4.38355560490193;-0.776029031417514;0.0570630961440435;20220811000000_20220812073000_09;07_11_09
2022-08-11 00:00:00;2022-08-12 09:00:00;33;9;Perturbed;135.3;30.3;528855.832334569;3352074.71705229;99800.671875;-14.0296920143592;4.67566729150382;-0.864136286002416;0.162518414205088;20220811000000_20220812103000_09;07_12_09
2022-08-11 00:00:00;2022-08-12 12:00:00;36;9;Perturbed;135.08;30.52;507676.285119062;3376408.30821907;99897.8828125;-14.4549572777981;4.8645585323055;-0.98436862270175;0.230710091537172;20220811000000_20220812133000_09;07_13_09
2022-08-11 00:00:00;2022-08-12 15:00:00;39;9;Perturbed;135.04;30.97;503810.037113259;3426286.5961985;99777.46875;-14.5325878786782;5.25174230805507;-1.00631659105381;0.37048740991401;20220811000000_20220812163000_09;07_14_09
2022-08-11 00:00:00;2022-08-11 00:00:00;0;10;Perturbed;136.55;27.9;652555.937021568;3087085.0341325;100448.40625;-11.5458771384167;2.61871106386015;-0.161913878453467;-0.580080194859648;20220811000000_20220811013000_10;07_01_10
2022-08-11 00:00:00;2022-08-11 03:00:00;3;10;Perturbed;136.19;27.73;617307.051591491;3067851.71902623;100343.2109375;-12.2536413977667;2.46941108054682;-0.362015222367101;-0.633979021743193;20220811000000_20220811043000_10;07_02_10
2022-08-11 00:00:00;2022-08-11 06:00:00;6;10;Perturbed;135.94;28.3;592158.822288374;3130787.29767845;99960.6953125;-12.7585940415032;2.95795300848143;-0.504777026583131;-0.457610369753193;20220811000000_20220811073000_10;07_03_10
2022-08-11 00:00:00;2022-08-11 09:00:00;9;10;Perturbed;135.72;28.34;570572.500585831;3135087.11128834;99956.671875;-13.1920269516642;2.9913306189797;-0.627318546127047;-0.445560709665441;20220811000000_20220811103000_10;07_04_10
2022-08-11 00:00:00;2022-08-11 12:00:00;12;10;Perturbed;135.8;28.37;578390.347807655;3138448.36832567;99920.6796875;-13.0350519783805;3.01742261699521;-0.582938086532042;-0.436141230487522;20220811000000_20220811133000_10;07_05_10
2022-08-11 00:00:00;2022-08-11 15:00:00;15;10;Perturbed;135.79;28.72;577148.154217396;3177228.65098017;99624.890625;-13.0599940500418;3.31845733312254;-0.589989787707237;-0.327464607152389;20220811000000_20220811163000_10;07_06_10
2022-08-11 00:00:00;2022-08-11 18:00:00;18;10;Perturbed;135.73;28.93;571145.348892989;3200440.26852912;99343.7734375;-13.1805246998089;3.49863917351696;-0.624066593200805;-0.262417112789336;20220811000000_20220811193000_10;07_07_10
2022-08-11 00:00:00;2022-08-11 21:00:00;21;10;Perturbed;135.84;29.3;581584.115480815;3241513.48412807;99181.9921875;-12.9709241461342;3.81747294552483;-0.564807663520083;-0.147314847533114;20220811000000_20220811223000_10;07_08_10
2022-08-11 00:00:00;2022-08-12 00:00:00;24;10;Perturbed;135.94;29.67;590958.596612961;3282584.48009615;99048.375;-12.7826934371535;4.1362894874894;-0.511590483738427;-0.0322188024994314;20220811000000_20220812013000_10;07_09_10
2022-08-11 00:00:00;2022-08-12 03:00:00;27;10;Perturbed;135.9;30.2;586628.051321286;3341299.37911218;98583.7421875;-12.8696466881158;4.59206808805314;-0.536174181128293;0.132321951918838;20220811000000_20220812043000_10;07_10_10
2022-08-11 00:00:00;2022-08-12 06:00:00;30;10;Perturbed;135.72;30.5;569096.348213957;3374408.38209653;98377.8984375;-13.2216666942382;4.84907909035678;-0.635698387640593;0.225105562559026;20220811000000_20220812073000_10;07_11_10
2022-08-11 00:00:00;2022-08-12 09:00:00;33;10;Perturbed;135.92;30.89;587938.702122405;3417778.13827559;98178.71875;-12.8433300604494;5.18573992277498;-0.528733861143548;0.346643579659116;20220811000000_20220812103000_10;07_12_10
2022-08-11 00:00:00;2022-08-12 12:00:00;36;10;Perturbed;135.96;31.47;591206.413130143;3482096.12931092;98152.953125;-12.7777175160258;5.68501292564859;-0.510183675621602;0.526886259881241;20220811000000_20220812133000_10;07_13_10
2022-08-11 00:00:00;2022-08-12 15:00:00;39;10;Perturbed;136.05;32.1;599078.337335817;3552004.33749926;97929.2890625;-12.6196567280857;6.22768038876215;-0.465496231081934;0.722794785793846;20220811000000_20220812163000_10;07_14_10
2022-08-11 00:00:00;2022-08-11 00:00:00;0;11;Perturbed;136.55;27.9;652541.183108406;3087087.89533058;100448.125;-11.5465300017703;2.61880338495001;-0.161997633664894;-0.580072176729693;20220811000000_20220811013000_11;07_01_11
2022-08-11 00:00:00;2022-08-11 03:00:00;3;11;Perturbed;136.17;28.12;614920.657094081;3111049.97620445;100440.5546875;-12.3019145594949;2.80481075054733;-0.375562338544352;-0.512921607955989;20220811000000_20220811043000_11;07_02_11
2022-08-11 00:00:00;2022-08-11 06:00:00;6;11;Perturbed;135.78;28.5;576338.308058794;3152837.54672709;100246.265625;-13.0766116131964;3.1291897537126;-0.594587133204049;-0.395817457317408;20220811000000_20220811073000_11;07_03_11
2022-08-11 00:00:00;2022-08-11 09:00:00;9;11;Perturbed;135.53;28.54;551839.723592559;3157142.208901;100170.9375;-13.5685200034421;3.16260500153562;-0.733661024927511;-0.383754209768988;20220811000000_20220811103000_11;07_04_11
2022-08-11 00:00:00;2022-08-11 12:00:00;12;11;Perturbed;135.65;28.41;563659.150827424;3142798.20150783;100216.828125;-13.3311970906533;3.05125861883388;-0.666564342433043;-0.423951397150819;20220811000000_20220811133000_11;07_05_11
2022-08-11 00:00:00;2022-08-11 15:00:00;15;11;Perturbed;135.67;28.69;565455.616859034;3173825.30579583;100025.6640625;-13.2951257529416;3.29210873369257;-0.656366140054884;-0.337002032806903;20220811000000_20220811163000_11;07_06_11
2022-08-11 00:00:00;2022-08-11 18:00:00;18;11;Perturbed;135.7;29.26;568009.880296761;3236989.18064718;99607.71875;-13.2438385605062;3.78242282719159;-0.641866063233664;-0.159993610852799;20220811000000_20220811193000_11;07_07_11
2022-08-11 00:00:00;2022-08-11 21:00:00;21;11;Perturbed;135.66;29.57;563919.458143528;3271329.11132101;99633.4375;-13.3259703661048;4.04898899367178;-0.665086626381952;-0.0637604878391593;20220811000000_20220811223000_11;07_08_11
2022-08-11 00:00:00;2022-08-12 00:00:00;24;11;Perturbed;135.8;30.02;577149.4160406;3321264.29956485;99588.5390625;-13.0603253325667;4.43661446179111;-0.589982624572409;0.0761762860181507;20220811000000_20220812013000_11;07_09_11
2022-08-11 00:00:00;2022-08-12 03:00:00;27;11;Perturbed;135.55;30.36;552850.822051578;3358806.99163775;99457.4609375;-13.5482181033041;4.72804229256553;-0.727921207681945;0.181384725104126;20220811000000_20220812043000_11;07_10_11
2022-08-11 00:00:00;2022-08-12 06:00:00;30;11;Perturbed;135.69;30.59;566160.365145346;3384358.5838113;99189.09375;-13.2809750743371;4.92638835324524;-0.652365415564133;0.252989689487635;20220811000000_20220812073000_11;07_11_11
2022-08-11 00:00:00;2022-08-12 09:00:00;33;11;Perturbed;135.79;30.81;575571.927593958;3408818.26093272;98955.015625;-13.091999807616;5.11625834528249;-0.598937732069566;0.321534706064887;20220811000000_20220812103000_11;07_12_11
2022-08-11 00:00:00;2022-08-12 12:00:00;36;11;Perturbed;135.8;31.11;576293.835860817;3442063.11781842;98785.296875;-13.0775045728426;5.37432392320623;-0.594839593571901;0.414699029331575;20220811000000_20220812133000_11;07_13_11
2022-08-11 00:00:00;2022-08-12 15:00:00;39;11;Perturbed;135.8;31.61;575873.987385368;3497487.25714623;98555.5546875;-13.0859347328786;5.80455776646604;-0.59722299500864;0.570017864087483;20220811000000_20220812163000_11;07_14_11
2022-08-11 00:00:00;2022-08-11 00:00:00;0;12;Perturbed;136.55;27.9;652560.449893635;3087086.28465372;100448.40625;-11.5460087150328;2.6187712591999;-0.161888259721001;-0.580076690438993;20220811000000_20220811013000_12;07_01_12
2022-08-11 00:00:00;2022-08-11 03:00:00;3;12;Perturbed;136.56;27.8;653684.165259705;3076028.83095458;100343.8828125;-11.5234455739836;2.5329369844715;-0.155509137312352;-0.611063744902032;20220811000000_20220811043000_12;07_02_12
2022-08-11 00:00:00;2022-08-11 06:00:00;6;12;Perturbed;136.22;28.41;619503.986622352;3143232.89855389;100083.7734375;-12.2097512123761;3.0546133629703;-0.349543632221698;-0.422733216057077;20220811000000_20220811073000_12;07_03_12
2022-08-11 00:00:00;2022-08-11 09:00:00;9;12;Perturbed;136.05;28.42;602840.775290513;3144172.08046195;100006.84375;-12.5443327256006;3.06190382966448;-0.444137573015434;-0.420101282727086;20220811000000_20220811103000_12;07_04_12
2022-08-11 00:00:00;2022-08-11 12:00:00;12;12;Perturbed;136.17;28.37;614655.893822814;3138748.28941991;99690.4296875;-12.3070963274814;3.01980126400707;-0.377065350221264;-0.435300741209001;20220811000000_20220811133000_12;07_05_12
2022-08-11 00:00:00;2022-08-11 15:00:00;15;12;Perturbed;136.03;28.59;600711.323979944;3162989.4944183;99511.9140625;-12.5870900925714;3.20797535057289;-0.456226070675557;-0.367367963919301;20220811000000_20220811163000_12;07_06_12
2022-08-11 00:00:00;2022-08-11 18:00:00;18;12;Perturbed;135.83;28.78;581014.573995003;3183898.42094501;99217.21875;-12.9825821909626;3.37028238731035;-0.568040844238713;-0.308773457202348;20220811000000_20220811193000_12;07_07_12
2022-08-11 00:00:00;2022-08-11 21:00:00;21;12;Perturbed;135.8;28.84;578042.528994247;3190519.08477533;99156.1875;-13.0422580417888;3.42167576353954;-0.584912589020621;-0.290219920712497;20220811000000_20220811223000_12;07_08_12
2022-08-11 00:00:00;2022-08-12 00:00:00;24;12;Perturbed;136.02;28.96;599379.157288376;3203974.68574341;98666.765625;-12.6138387389551;3.52612582786305;-0.463788532354767;-0.252512375071762;20220811000000_20220812013000_12;07_09_12
2022-08-11 00:00:00;2022-08-12 03:00:00;27;12;Perturbed;135.9;29.35;587362.135587673;3247104.53686022;98535.0078125;-12.8551291616115;3.86092438008704;-0.532006921753775;-0.131646660242366;20220811000000_20220812043000_12;07_10_12
2022-08-11 00:00:00;2022-08-12 06:00:00;30;12;Perturbed;135.91;29.63;588095.763360008;3278130.13129154;98171.859375;-12.8403986102596;4.10176277457539;-0.527842253810786;-0.044701527072484;20220811000000_20220812073000_12;07_11_12
2022-08-11 00:00:00;2022-08-12 09:00:00;33;12;Perturbed;135.89;29.95;585873.230227738;3313584.49678767;98065.96875;-12.8850249721161;4.37697982102368;-0.540459159600393;0.0546546524308073;20220811000000_20220812103000_12;07_12_12
2022-08-11 00:00:00;2022-08-12 12:00:00;36;12;Perturbed;135.84;30.4;580693.46922952;3363400.848822;98007.203125;-12.989029670755;4.76368281457216;-0.569863696062996;0.194258403496717;20220811000000_20220812133000_12;07_13_12
2022-08-11 00:00:00;2022-08-12 15:00:00;39;12;Perturbed;135.81;30.89;577415.111164479;3417684.84803264;97855.8671875;-13.0548559980127;5.18506623867506;-0.588474322942135;0.34638214606709;20220811000000_20220812163000_12;07_14_12
2022-08-11 00:00:00;2022-08-11 00:00:00;0;13;Perturbed;136.55;27.9;652556.349770215;3087098.16884074;100448.1171875;-11.5462237646243;2.61889185674121;-0.161911535356432;-0.58004338657353;20220811000000_20220811013000_13;07_01_13
2022-08-11 00:00:00;2022-08-11 03:00:00;3;13;Perturbed;136.42;27.87;639800.363634329;3083621.01866023;100313.046875;-11.8023518937719;2.5919002299177;-0.234324887937406;-0.589787640987896;20220811000000_20220811043000_13;07_02_13
2022-08-11 00:00:00;2022-08-11 06:00:00;6;13;Perturbed;136.03;28.24;601053.961332013;3124216.02162313;100016.421875;-12.5803429818127;2.90702184215547;-0.454280982375955;-0.476025503522531;20220811000000_20220811073000_13;07_03_13
2022-08-11 00:00:00;2022-08-11 09:00:00;9;13;Perturbed;136.08;28.09;606096.137178326;3107648.10984087;99938.9453125;-12.4791008628113;2.77841224266829;-0.425657491142522;-0.522454889410499;20220811000000_20220811103000_13;07_04_13
2022-08-11 00:00:00;2022-08-11 12:00:00;12;13;Perturbed;136.34;28.19;631526.670650184;3118984.20390192;99762.9921875;-11.9684798185435;2.8664094831233;-0.281293098848368;-0.490686982112342;20220811000000_20220811133000_13;07_05_13
2022-08-11 00:00:00;2022-08-11 15:00:00;15;13;Perturbed;136.22;28.75;619108.137191965;3180890.30029727;99429.34375;-12.2178322172939;3.34695998145137;-0.351790795558676;-0.317203318260691;20220811000000_20220811163000_13;07_06_13
2022-08-11 00:00:00;2022-08-11 18:00:00;18;13;Perturbed;136.17;29.09;613858.943978904;3218528.20313394;99233.515625;-12.3232310490952;3.63912689258526;-0.381589485746471;-0.211728063576588;20220811000000_20220811193000_13;07_07_13
2022-08-11 00:00:00;2022-08-11 21:00:00;21;13;Perturbed;136.19;29.36;615500.912999129;3248450.61000526;99239.6015625;-12.2902618651537;3.87140171478304;-0.372268334067408;-0.127874467928349;20220811000000_20220811223000_13;07_08_13
2022-08-11 00:00:00;2022-08-12 00:00:00;24;13;Perturbed;136.26;29.66;621943.950533194;3281775.26581933;99046.1875;-12.1608917692593;4.13008673759231;-0.33569241248232;-0.034486518697961;20220811000000_20220812013000_13;07_09_13
2022-08-11 00:00:00;2022-08-12 03:00:00;27;13;Perturbed;136.32;29.97;627364.601106198;3316189.51315793;98700.140625;-12.0520502359403;4.39722979249497;-0.304920390862062;0.061954866959276;20220811000000_20220812043000_13;07_10_13
2022-08-11 00:00:00;2022-08-12 06:00:00;30;13;Perturbed;136.57;30.31;650961.99581691;3354184.515802;98173.0859375;-11.5782368830856;4.69216871640936;-0.170962385187225;0.168430846718222;20220811000000_20220812073000_13;07_11_13
2022-08-11 00:00:00;2022-08-12 09:00:00;33;13;Perturbed;136.71;30.81;663578.127626556;3409788.21226392;97871.4375;-11.3249168964486;5.12379638475745;-0.0993429595146114;0.324252866641823;20220811000000_20220812103000_13;07_12_13
2022-08-11 00:00:00;2022-08-12 12:00:00;36;13;Perturbed;136.73;31.31;664637.632750866;3465257.46785579;97883.4765625;-11.3036430362844;5.55438044624198;-0.0933283466645568;0.479698133772651;20220811000000_20220812133000_13;07_13_13
2022-08-11 00:00:00;2022-08-12 15:00:00;39;13;Perturbed;136.81;31.9;671167.70187357;3530790.43160119;97602.2734375;-11.1725254284581;6.06308476162399;-0.0562583629938975;0.663345614644405;20220811000000_20220812163000_13;07_14_13
2022-08-11 00:00:00;2022-08-11 00:00:00;0;14;Perturbed;136.55;27.9;652554.32315633;3087086.77740412;100448.3984375;-11.5460754526319;2.61868412832414;-0.161923040065223;-0.580075309571046;20220811000000_20220811013000_14;07_01_14
2022-08-11 00:00:00;2022-08-11 03:00:00;3;14;Perturbed;136.28;28.1;625747.587543492;3108946.86914276;100469.4375;-12.0843293334318;2.78837465300876;-0.314099875066343;-0.518815287896696;20220811000000_20220811043000_14;07_02_14
2022-08-11 00:00:00;2022-08-11 06:00:00;6;14;Perturbed;135.79;28.62;577235.46914351;3166140.20444335;100306.984375;-13.0584067582902;3.23234200646969;-0.589494117167705;-0.358538514952142;20220811000000_20220811073000_14;07_03_14
2022-08-11 00:00:00;2022-08-11 09:00:00;9;14;Perturbed;135.51;28.63;549841.106466571;3167103.43360699;100276.9609375;-13.608459634398;3.23981914170429;-0.745006801340002;-0.355839192362474;20220811000000_20220811103000_14;07_04_14
2022-08-11 00:00:00;2022-08-11 12:00:00;12;14;Perturbed;135.52;28.39;550943.172929201;3140510.03435354;100327.1484375;-13.586331182841;3.03338597909829;-0.738750575715733;-0.430363683574055;20220811000000_20220811133000_14;07_05_14
2022-08-11 00:00:00;2022-08-11 15:00:00;15;14;Perturbed;135.6;28.47;558731.427640907;3149405.68427806;99970.03125;-13.4299503991537;3.10243909750008;-0.694538107277673;-0.405434798842061;20220811000000_20220811163000_14;07_06_14
2022-08-11 00:00:00;2022-08-11 18:00:00;18;14;Perturbed;135.33;28.92;532167.030997246;3199169.90743212;99721.625;-13.9633383428058;3.48873743688933;-0.845339229179694;-0.265977132082334;20220811000000_20220811193000_14;07_07_14
2022-08-11 00:00:00;2022-08-11 21:00:00;21;14;Perturbed;135.19;28.99;518506.75866433;3206890.32780069;99729.1640625;-14.2376236829595;3.54866775185743;-0.922886045729827;-0.244341673056443;20220811000000_20220811223000_14;07_08_14
2022-08-11 00:00:00;2022-08-12 00:00:00;24;14;Perturbed;135.33;29.05;532118.988294227;3213579.51259093;99676.125;-13.9643029948141;3.60059302693578;-0.845611958638291;-0.22559611562088;20220811000000_20220812013000_14;07_09_14
2022-08-11 00:00:00;2022-08-12 03:00:00;27;14;Perturbed;135.2;29.23;519427.435101596;3233482.82139123;99456.5625;-14.2191373714415;3.75509388419035;-0.917659537425842;-0.169819719845625;20220811000000_20220812043000_14;07_10_14
2022-08-11 00:00:00;2022-08-12 06:00:00;30;14;Perturbed;135.21;29.44;520376.4460484;3256760.70153739;99154.53125;-14.2000821297882;3.93579009273206;-0.912272179399416;-0.104586533300227;20220811000000_20220812073000_14;07_11_14
2022-08-11 00:00:00;2022-08-12 09:00:00;33;14;Perturbed;134.94;29.9;494199.198920456;3307701.37416225;99168.15625;-14.7256964775689;4.33122070523117;-1.06087552575633;0.0381679778159257;20220811000000_20220812103000_14;07_12_14
2022-08-11 00:00:00;2022-08-12 12:00:00;36;14;Perturbed;134.69;30.1;470133.333449976;3329904.81498214;99217.3203125;-15.2089162799118;4.50357650170164;-1.19749295250137;0.100390189970104;20220811000000_20220812133000_14;07_13_14
2022-08-11 00:00:00;2022-08-12 15:00:00;39;14;Perturbed;134.62;30.55;463546.209221394;3379802.05850589;99098.109375;-15.3411795002663;4.89090742121893;-1.23488682735962;0.240220628757857;20220811000000_20220812163000_14;07_14_14
2022-08-11 00:00:00;2022-08-11 00:00:00;0;15;Perturbed;136.55;27.9;652552.867186994;3087087.78609497;100448.4453125;-11.5460029835309;2.61866934335144;-0.161931305331406;-0.580072482848077;20220811000000_20220811013000_15;07_01_15
2022-08-11 00:00:00;2022-08-11 03:00:00;3;15;Perturbed;136.18;28.2;615805.334999506;3119929.3102154;100418.296875;-12.2838586514273;2.8736040218545;-0.370540187187047;-0.488038446418134;20220811000000_20220811043000_15;07_02_15
2022-08-11 00:00:00;2022-08-11 06:00:00;6;15;Perturbed;135.8;28.53;578275.603441397;3156166.51417394;100230.7265625;-13.0374201424004;3.15489790782467;-0.58358946888398;-0.386488465454725;20220811000000_20220811073000_15;07_03_15
2022-08-11 00:00:00;2022-08-11 09:00:00;9;15;Perturbed;135.78;28.41;576405.738417974;3142873.86529092;100181.828125;-13.0749652624018;3.05171277070919;-0.594204343639843;-0.423739359385972;20220811000000_20220811103000_15;07_04_15
2022-08-11 00:00:00;2022-08-11 12:00:00;12;15;Perturbed;135.92;28.3;590209.411653773;3130774.10129651;100176.5;-12.7978005678351;2.95778748780928;-0.515843466927665;-0.457647350871718;20220811000000_20220811133000_15;07_05_15
2022-08-11 00:00:00;2022-08-11 15:00:00;15;15;Perturbed;136.19;28.57;616396.382130804;3160930.54012587;99901.7734375;-12.2719909844069;3.19187899980999;-0.367184922932699;-0.373137911552126;20220811000000_20220811163000_15;07_06_15
2022-08-11 00:00:00;2022-08-11 18:00:00;18;15;Perturbed;135.96;29.01;593507.057328031;3209481.53271663;99700.59375;-12.7315869636384;3.56875955022968;-0.497123347890741;-0.237080163305661;20220811000000_20220811193000_15;07_07_15
2022-08-11 00:00:00;2022-08-11 21:00:00;21;15;Perturbed;136.19;29.11;615780.634653705;3220749.56001115;99515.828125;-12.2843546109942;3.65622841754404;-0.370680406440211;-0.205503004136244;20220811000000_20220811223000_15;07_08_15
2022-08-11 00:00:00;2022-08-12 00:00:00;24;15;Perturbed;136.28;29.6;623953.558492765;3275144.83057915;99239.8125;-12.1202500352864;4.07847559351211;-0.324284243158855;-0.0530674382741469;20220811000000_20220812013000_15;07_09_15
2022-08-11 00:00:00;2022-08-12 03:00:00;27;15;Perturbed;136.34;29.89;629380.353273422;3307357.52137555;98982.7890625;-12.0112851320927;4.32852890838827;-0.293477342018473;0.0372043757680713;20220811000000_20220812043000_15;07_10_15
2022-08-11 00:00:00;2022-08-12 06:00:00;30;15;Perturbed;136.43;30.41;637352.586813175;3365092.18718864;98685.96875;-11.8512102276586;4.77669837864695;-0.248220460110464;0.198998156021002;20220811000000_20220812073000_15;07_11_15
2022-08-11 00:00:00;2022-08-12 09:00:00;33;15;Perturbed;136.46;30.86;639587.51011601;3414993.19063131;98460.09375;-11.8063350829034;5.16405848480358;-0.235533217635003;0.338839131485225;20220811000000_20220812103000_15;07_12_15
2022-08-11 00:00:00;2022-08-12 12:00:00;36;15;Perturbed;136.44;31.3;637044.448038966;3463745.55933995;98368.5625;-11.8573973626174;5.54250223173271;-0.249969706422194;0.475461209721406;20220811000000_20220812133000_15;07_13_15
2022-08-11 00:00:00;2022-08-12 15:00:00;39;15;Perturbed;136.57;31.89;648489.149297936;3529308.22397364;97902.9140625;-11.6275985927782;6.05143710238309;-0.185000273355923;0.65919192341222;20220811000000_20220812163000_15;07_14_15
2022-08-11 00:00:00;2022-08-11 00:00:00;0;16;Perturbed;136.55;27.9;652559.586533557;3087086.01983263;100448.03125;-11.545901205576;2.61878959197412;-0.161893160855031;-0.580077432565155;20220811000000_20220811013000_16;07_01_16
2022-08-11 00:00:00;2022-08-11 03:00:00;3;16;Perturbed;136.42;27.81;639861.02128603;3076966.20506568;100408.2109375;-11.8008763776293;2.54023380647946;-0.233980545769534;-0.608436877684395;20220811000000_20220811043000_16;07_02_16
2022-08-11 00:00:00;2022-08-11 06:00:00;6;16;Perturbed;135.91;28.3;589220.299682686;3130776.29489905;100069.6796875;-12.8176941402685;2.95793847516617;-0.521458470984691;-0.457641203590146;20220811000000_20220811073000_16;07_03_16
2022-08-11 00:00:00;2022-08-11 09:00:00;9;16;Perturbed;135.78;28.29;576478.811030091;3129580.07482509;100080.546875;-13.0735311736723;2.94865273133603;-0.593789524058757;-0.460993452452326;20220811000000_20220811103000_16;07_04_16
2022-08-11 00:00:00;2022-08-11 12:00:00;12;16;Perturbed;135.67;28.28;565706.258251882;3128393.75780273;100033.2265625;-13.2898338381495;2.93944386065177;-0.654943295646126;-0.464317949319562;20220811000000_20220811133000_16;07_05_16
2022-08-11 00:00:00;2022-08-11 15:00:00;15;16;Perturbed;135.65;28.44;563645.152476747;3146112.37251837;99781.875;-13.3312188914521;3.07698587391179;-0.666643808457256;-0.414663870347845;20220811000000_20220811163000_16;07_06_16
2022-08-11 00:00:00;2022-08-11 18:00:00;18;16;Perturbed;135.56;28.71;554705.80913948;3175982.38478929;99595.6796875;-13.5107124453327;3.30885397927878;-0.717390792189291;-0.330957103651406;20220811000000_20220811193000_16;07_07_16
2022-08-11 00:00:00;2022-08-11 21:00:00;21;16;Perturbed;135.43;29.01;541878.114049919;3209178.55005159;99502.2734375;-13.7682804224036;3.56654158499542;-0.790211223116882;-0.237929232232235;20220811000000_20220811223000_16;07_08_16
2022-08-11 00:00:00;2022-08-12 00:00:00;24;16;Perturbed;135.31;29.31;530111.694894201;3242376.09024114;99446.015625;-14.0045389831308;3.82423986368307;-0.857006988639195;-0.144897507760948;20220811000000_20220812013000_16;07_09_16
2022-08-11 00:00:00;2022-08-12 03:00:00;27;16;Perturbed;135.3;29.32;529135.480367434;3243472.40210306;99201.03125;-14.0241404469239;3.8327500628758;-0.862548776311931;-0.141825238475622;20220811000000_20220812043000_16;07_10_16
2022-08-11 00:00:00;2022-08-12 06:00:00;30;16;Perturbed;135.4;29.68;538707.478111848;3283395.35395771;98833.75;-13.8319437913016;4.14265483034747;-0.808210331585923;-0.0299464355337204;20220811000000_20220812073000_16;07_11_16
2022-08-11 00:00:00;2022-08-12 09:00:00;33;16;Perturbed;135.19;29.98;518332.691278225;3316586.33229573;98723.3125;-14.2410502279099;4.40030217219364;-0.923874193793692;0.0630669002148087;20220811000000_20220812103000_16;07_12_16
2022-08-11 00:00:00;2022-08-12 12:00:00;36;16;Perturbed;135.05;30.3;504809.971434405;3352024.92014281;98628.9765625;-14.5125736442642;4.67539674351341;-1.00064015053532;0.162378864939215;20220811000000_20220812133000_16;07_13_16
2022-08-11 00:00:00;2022-08-12 15:00:00;39;16;Perturbed;134.73;30.62;474117.229308256;3387523.03773721;98480.9375;-15.1288548580752;4.95095341875191;-1.174877119248;0.261857653922841;20220811000000_20220812163000_16;07_14_16
2022-08-11 00:00:00;2022-08-11 00:00:00;0;17;Perturbed;136.55;27.9;652544.967331451;3087088.48232927;100448.3984375;-11.546118191485;2.61870230753144;-0.161976151336934;-0.580070531743356;20220811000000_20220811013000_17;07_01_17
2022-08-11 00:00:00;2022-08-11 03:00:00;3;17;Perturbed;135.93;28.17;591302.210458452;3116384.37339672;100427.75;-12.7758147884101;2.84611375601821;-0.50963985206792;-0.4979726639385;20220811000000_20220811043000_17;07_02_17
2022-08-11 00:00:00;2022-08-11 06:00:00;6;17;Perturbed;135.29;28.38;528418.635334728;3139341.56575522;100304.328125;-14.0384574629141;3.02432060268547;-0.866618171774288;-0.433638162588805;20220811000000_20220811073000_17;07_03_17
2022-08-11 00:00:00;2022-08-11 09:00:00;9;17;Perturbed;135.69;27.9;567907.908759833;3086320.89521391;100137.5625;-13.2455502257923;2.61274385768122;-0.642444936617354;-0.582221593316467;20220811000000_20220811103000_17;07_04_17
2022-08-11 00:00:00;2022-08-11 12:00:00;12;17;Perturbed;135.35;27.91;534445.798217902;3087281.17668102;100085.75;-13.9174377364194;2.62019811121076;-0.832403092965568;-0.579530531257261;20220811000000_20220811133000_17;07_05_17
2022-08-11 00:00:00;2022-08-11 15:00:00;15;17;Perturbed;135.79;27.71;577878.310999751;3065334.88763681;99903.7421875;-13.0453539849564;2.44983847378029;-0.585844823926562;-0.641032109502842;20220811000000_20220811163000_17;07_06_17
2022-08-11 00:00:00;2022-08-11 18:00:00;18;17;Perturbed;135.86;28.32;584304.482480755;3132953.74127925;99363.6484375;-12.9163225434451;2.97473465858787;-0.549364647776904;-0.451539197521705;20220811000000_20220811193000_17;07_07_17
2022-08-11 00:00:00;2022-08-11 21:00:00;21;17;Perturbed;135.69;28.51;567516.306842608;3153899.702527;99256.296875;-13.2534132216721;3.13732917999465;-0.644667987614847;-0.392840905887438;20220811000000_20220811223000_17;07_08_17
2022-08-11 00:00:00;2022-08-12 00:00:00;24;17;Perturbed;135.78;28.75;576145.586284262;3180533.69566103;99110.28125;-13.0801454573661;3.3440774555003;-0.595681178749453;-0.318202655683724;20220811000000_20220812013000_17;07_09_17
2022-08-11 00:00:00;2022-08-12 03:00:00;27;17;Perturbed;135.69;28.89;567282.543466406;3196000.52403694;98660.3984375;-13.258106969029;3.46413981634003;-0.645995018673136;-0.274858910704533;20220811000000_20220812043000_17;07_10_17
2022-08-11 00:00:00;2022-08-12 06:00:00;30;17;Perturbed;135.8;29.1;577842.95122037;3219334.12211518;98125.1640625;-13.0460639758613;3.64526853931227;-0.58604555479474;-0.209469582008963;20220811000000_20220812073000_17;07_11_17
2022-08-11 00:00:00;2022-08-12 09:00:00;33;17;Perturbed;135.83;29.37;580552.439268487;3249272.24308789;97925.140625;-12.9916600201562;3.87766534334535;-0.570664296830662;-0.125571949665758;20220811000000_20220812103000_17;07_12_17
2022-08-11 00:00:00;2022-08-12 12:00:00;36;17;Perturbed;135.72;29.74;569628.516136391;3290191.86147529;97852.421875;-13.2110020580802;4.19530680601942;-0.632677369666056;-0.0109001203208338;20220811000000_20220812133000_17;07_13_17
2022-08-11 00:00:00;2022-08-12 15:00:00;39;17;Perturbed;135.55;30.18;552951.037287174;3338865.86597095;97666.7421875;-13.5458700495506;4.57314224514384;-0.727352304493124;0.125502352552167;20220811000000_20220812163000_17;07_14_17
2022-08-11 00:00:00;2022-08-11 00:00:00;0;18;Perturbed;136.55;27.9;652548.218395578;3087097.91313668;100448.125;-11.5463302559031;2.61879788697181;-0.161957695652651;-0.580044103150397;20220811000000_20220811013000_18;07_01_18
2022-08-11 00:00:00;2022-08-11 03:00:00;3;18;Perturbed;136.8;27.87;677212.619108201;3084111.53489124;100224.09375;-11.0510924323609;2.59561591237465;-0.0219424960455418;-0.588413033996215;20220811000000_20220811043000_18;07_02_18
2022-08-11 00:00:00;2022-08-11 06:00:00;6;18;Perturbed;136.62;28.46;658602.720156602;3149234.10707531;99931.1640625;-11.4247615906151;3.10113453392702;-0.127587419136766;-0.405915621305431;20220811000000_20220811073000_18;07_03_18
2022-08-11 00:00:00;2022-08-11 09:00:00;9;18;Perturbed;136.55;28.91;651101.009404931;3198998.57488665;99959.9609375;-11.5753888427745;3.48743477248584;-0.170173230992815;-0.266457268925993;20220811000000_20220811103000_18;07_04_18
2022-08-11 00:00:00;2022-08-11 12:00:00;12;18;Perturbed;136.2;29.3;616542.045352889;3241825.18335374;99921.9609375;-12.2693001338056;3.81987938196553;-0.366358020006767;-0.14644135159592;20220811000000_20220811133000_18;07_05_18
2022-08-11 00:00:00;2022-08-11 15:00:00;15;18;Perturbed;136.05;29.44;601827.398859744;3257201.13135637;99697.921875;-12.5647563092208;3.93923627741156;-0.449890321881482;-0.103352286867077;20220811000000_20220811163000_18;07_06_18
2022-08-11 00:00:00;2022-08-11 18:00:00;18;18;Perturbed;136.11;29.67;607413.715212145;3282739.57873248;99365.6328125;-12.4525883638401;4.13748030066153;-0.418177846550603;-0.0317841590433544;20220811000000_20220811193000_18;07_07_18
2022-08-11 00:00:00;2022-08-11 21:00:00;21;18;Perturbed;136.16;30.07;611808.161014941;3327107.72866733;99100.984375;-12.3643520510909;4.48189123597437;-0.393231397885173;0.0925517247743183;20220811000000_20220811223000_18;07_08_18
2022-08-11 00:00:00;2022-08-12 00:00:00;24;18;Perturbed;136.07;30.31;602885.958746036;3353629.51069134;99104.5703125;-12.5435014285414;4.68776846471761;-0.443881074971238;0.166875518153508;20220811000000_20220812013000_18;07_09_18
2022-08-11 00:00:00;2022-08-12 03:00:00;27;18;Perturbed;136.07;30.58;602603.880534204;3383542.56280444;98838.6328125;-12.5491652920718;4.91997066993601;-0.445482380334167;0.25070289832661;20220811000000_20220812043000_18;07_10_18
2022-08-11 00:00:00;2022-08-12 06:00:00;30;18;Perturbed;136.2;30.85;614746.498532774;3413599.77700381;98426.265625;-12.3053530146205;5.15329194365383;-0.376551004192821;0.334934273717813;20220811000000_20220812073000_18;07_11_18
2022-08-11 00:00:00;2022-08-12 09:00:00;33;18;Perturbed;136.26;31.18;620069.37406934;3450230.60697228;98427.640625;-12.1984747114973;5.43764137966257;-0.34633403320619;0.437587339617387;20220811000000_20220812103000_18;07_12_18
2022-08-11 00:00:00;2022-08-12 12:00:00;36;18;Perturbed;136.23;31.52;616787.2373051;3487886.60671781;98398.1796875;-12.2643769114587;5.72994876934504;-0.364966111055443;0.543113308499866;20220811000000_20220812133000_18;07_13_18
2022-08-11 00:00:00;2022-08-12 15:00:00;39;18;Perturbed;136.25;31.98;618099.219983889;3538899.26032712;98345.0546875;-12.2380335409491;6.12593813938122;-0.357518230249745;0.686069536823832;20220811000000_20220812163000_18;07_14_18
2022-08-11 00:00:00;2022-08-11 00:00:00;0;19;Perturbed;136.55;27.9;652546.165893355;3087096.16030707;100448.3984375;-11.5462842549816;2.61882617909296;-0.161969347324699;-0.58004901522402;20220811000000_20220811013000_19;07_01_19
2022-08-11 00:00:00;2022-08-11 03:00:00;3;19;Perturbed;135.95;28.39;593067.018392817;3140777.99289817;100445.0859375;-12.7405692448146;3.03553524176869;-0.499621366799316;-0.429612765121915;20220811000000_20220811043000_19;07_02_19
2022-08-11 00:00:00;2022-08-11 06:00:00;6;19;Perturbed;135.66;28.49;564603.367330277;3151651.83247819;100305.96875;-13.3120924197143;3.11994419877265;-0.661204201570118;-0.399140264991562;20220811000000_20220811073000_19;07_03_19
2022-08-11 00:00:00;2022-08-11 09:00:00;9;19;Perturbed;135.44;28.21;543186.088735336;3120550.45595687;100250.0703125;-13.7421311042596;2.87851754039372;-0.782786094941517;-0.486297767465825;20220811000000_20220811103000_19;07_04_19
2022-08-11 00:00:00;2022-08-11 12:00:00;12;19;Perturbed;135.49;28.05;548156.574805973;3102832.48839722;100212.9140625;-13.6423284481055;2.74098055072839;-0.754569573184782;-0.535950032868283;20220811000000_20220811133000_19;07_05_19
2022-08-11 00:00:00;2022-08-11 15:00:00;15;19;Perturbed;135.47;27.99;546218.081900254;3096182.52482991;100034.484375;-13.6812515510329;2.68935973319655;-0.765574035620082;-0.5545856780036;20220811000000_20220811163000_19;07_06_19
2022-08-11 00:00:00;2022-08-11 18:00:00;18;19;Perturbed;135.78;27.9;576765.429395638;3086364.42136856;99679.3984375;-13.067889723804;2.6131460032779;-0.592162445090543;-0.582099617013316;20220811000000_20220811193000_19;07_07_19
2022-08-11 00:00:00;2022-08-11 21:00:00;21;19;Perturbed;135.72;28.3;570597.718464302;3130645.08666932;99186.4921875;-13.1917315220889;2.95687783286518;-0.627175388937498;-0.458008897335149;20220811000000_20220811223000_19;07_08_19
2022-08-11 00:00:00;2022-08-12 00:00:00;24;19;Perturbed;135.57;28.6;555728.940352052;3163793.24534522;99008.140625;-13.4902825145432;3.21419278402334;-0.711582667247529;-0.365115558037745;20220811000000_20220812013000_19;07_09_19
2022-08-11 00:00:00;2022-08-12 03:00:00;27;19;Perturbed;135.37;28.87;536087.436917273;3193631.38533179;98765.890625;-13.8846653144933;3.44581347850487;-0.82308381645635;-0.281498109211196;20220811000000_20220812043000_19;07_10_19
2022-08-11 00:00:00;2022-08-12 06:00:00;30;19;Perturbed;135.34;29;533121.277685681;3208041.58841944;98384.3515625;-13.9442229846451;3.5576737100167;-0.839922148825205;-0.241115417133084;20220811000000_20220812073000_19;07_11_19
2022-08-11 00:00:00;2022-08-12 09:00:00;33;19;Perturbed;135.16;29.2;515555.529687054;3230148.41275459;98132.390625;-14.2969265799641;3.72927951411819;-0.939639621831437;-0.179163959924502;20220811000000_20220812103000_19;07_12_19
2022-08-11 00:00:00;2022-08-12 12:00:00;36;19;Perturbed;135;29.46;500004.191224757;3258943.24294405;98095.8359375;-14.6091827382617;3.95280144172367;-1.02792166785909;-0.0984702490926608;20220811000000_20220812133000_19;07_13_19
2022-08-11 00:00:00;2022-08-12 15:00:00;39;19;Perturbed;134.77;29.83;477774.984996229;3299976.72038806;97879.328125;-15.0555241612687;4.27132674346335;-1.15411272287231;0.0165206552295876;20220811000000_20220812163000_19;07_14_19
2022-08-11 00:00:00;2022-08-11 00:00:00;0;20;Perturbed;136.55;27.9;652550.679635138;3087097.09767161;100448.09375;-11.5461224619882;2.61888349478298;-0.161943723655019;-0.580046388383627;20220811000000_20220811013000_20;07_01_20
2022-08-11 00:00:00;2022-08-11 03:00:00;3;20;Perturbed;136.45;27.72;642942.73474587;3067034.98247642;100249.796875;-11.7390409022582;2.46314989153665;-0.216486233613367;-0.636267818118879;20220811000000_20220811043000_20;07_02_20
2022-08-11 00:00:00;2022-08-11 06:00:00;6;20;Perturbed;136.15;28.47;612584.878521665;3149811.57136487;99947.0703125;-12.3485979240993;3.10570907966904;-0.388822117562112;-0.404297353856359;20220811000000_20220811073000_20;07_03_20
2022-08-11 00:00:00;2022-08-11 09:00:00;9;20;Perturbed;136.04;28.59;601702.447151178;3163002.64401802;99980.1171875;-12.5671068467187;3.20810572403946;-0.450599649410658;-0.367331113901764;20220811000000_20220811103000_20;07_04_20
2022-08-11 00:00:00;2022-08-11 12:00:00;12;20;Perturbed;136.07;28.83;604395.348557846;3189619.25949958;99816.8671875;-12.513035935076;3.41471910427566;-0.435312550714442;-0.29274156227533;20220811000000_20220811133000_20;07_05_20
2022-08-11 00:00:00;2022-08-11 15:00:00;15;20;Perturbed;135.87;29.25;584526.359596406;3236000.07391665;99667.3984375;-12.9119864291057;3.77475349149728;-0.548105092801368;-0.16276545190795;20220811000000_20220811163000_20;07_06_20
2022-08-11 00:00:00;2022-08-11 18:00:00;18;20;Perturbed;135.9;29.46;587261.035555288;3259292.1656613;99557.5703125;-12.8570767239906;3.9555600185882;-0.532580847768826;-0.0974924392336164;20220811000000_20220811193000_20;07_07_20
2022-08-11 00:00:00;2022-08-11 21:00:00;21;20;Perturbed;136.07;29.83;603374.672550965;3300429.96112382;99489.1796875;-12.5335301433107;4.27489509640319;-0.441106737911719;0.0177908025660319;20220811000000_20220811223000_20;07_08_20
2022-08-11 00:00:00;2022-08-12 00:00:00;24;20;Perturbed;136.08;30.3;603850.375070222;3352513.62958515;99426.9296875;-12.5239784869362;4.67919829578446;-0.438406263492599;0.163748408644137;20220811000000_20220812013000_20;07_09_20
2022-08-11 00:00:00;2022-08-12 03:00:00;27;20;Perturbed;136.07;30.71;602458.187393388;3397958.2157869;99308.640625;-12.5519322978993;5.03196514456298;-0.446309453103153;0.291100863015579;20220811000000_20220812043000_20;07_10_20
2022-08-11 00:00:00;2022-08-12 06:00:00;30;20;Perturbed;136.18;31.02;612621.832724782;3432411.96652188;98997.90625;-12.3478559186748;5.29941484740369;-0.388612335447963;0.387652951726901;20220811000000_20220812073000_20;07_11_20
2022-08-11 00:00:00;2022-08-12 09:00:00;33;20;Perturbed;136.35;31.52;628174.923288422;3488022.97961931;98945.9765625;-12.0355645798404;5.73109931165798;-0.300320343067987;0.543495475555775;20220811000000_20220812103000_20;07_12_20
2022-08-11 00:00:00;2022-08-12 12:00:00;36;20;Perturbed;136.53;32.04;644452.154326501;3545885.0178445;98618.6875;-11.708733185617;6.1802575193702;-0.207917540364528;0.705646200181097;20220811000000_20220812133000_20;07_13_20
2022-08-11 00:00:00;2022-08-12 15:00:00;39;20;Perturbed;136.61;32.79;650772.956769922;3629162.90958099;98746.6875;-11.5818174546575;6.82670810669378;-0.172035524575684;0.939021499505791;20220811000000_20220812163000_20;07_14_20
2022-08-11 06:00:00;2022-08-11 06:00:00;0;0;Unperturbed;135.94;28.57;591928.124023093;3160709.8176927;100256.703125;-11.6978246050343;3.09158019706204;-0.506086657578783;-0.373756457036822;20220811060000_20220811073000_00;08_01_00
2022-08-11 06:00:00;2022-08-11 09:00:00;3;0;Unperturbed;135.81;28.59;579206.57275128;3162827.89250708;100087.9375;-11.9319376705651;3.1075138116011;-0.578304529863156;-0.367820831944867;20220811060000_20220811103000_00;08_02_00
2022-08-11 06:00:00;2022-08-11 12:00:00;6;0;Unperturbed;135.74;28.53;572400.318932107;3156139.03932464;100129.9921875;-12.05719228082;3.05719566061127;-0.616942362509965;-0.386565460093351;20220811060000_20220811133000_00;08_03_00
2022-08-11 06:00:00;2022-08-11 15:00:00;9;0;Unperturbed;135.91;28.88;588730.753716661;3195035.37808491;99753.109375;-11.7566653979598;3.34980065481715;-0.524237532067444;-0.277563604840615;20220811060000_20220811163000_00;08_04_00
2022-08-11 06:00:00;2022-08-11 18:00:00;12;0;Unperturbed;135.83;29.12;580754.251723271;3221557.38764987;99499.40625;-11.9034559342699;3.54931743974929;-0.569518645190109;-0.20323917380796;20220811060000_20220811193000_00;08_05_00
2022-08-11 06:00:00;2022-08-11 21:00:00;15;0;Unperturbed;135.94;29.39;591202.494911189;3251554.19154612;99429.8046875;-11.7111782638921;3.77497401592094;-0.510205918619326;-0.119177090317397;20220811060000_20220811223000_00;08_06_00
2022-08-11 06:00:00;2022-08-12 00:00:00;18;0;Unperturbed;135.95;29.73;591883.243710021;3289242.22996148;99166.9609375;-11.6986505316411;4.05848934444898;-0.506341434739858;-0.0135613372916582;20220811060000_20220812013000_00;08_07_00
2022-08-11 06:00:00;2022-08-12 03:00:00;21;0;Unperturbed;135.95;29.94;591690.177454732;3312511.23765819;98706.21875;-11.7022035050097;4.23353481349008;-0.507437435838227;0.0516469853852991;20220811060000_20220812043000_00;08_08_00
2022-08-11 06:00:00;2022-08-12 06:00:00;24;0;Unperturbed;135.9;30.21;586619.748168141;3342405.10008965;98307.0625;-11.7955139605098;4.45841699321031;-0.536221316579037;0.13542058900854;20220811060000_20220812073000_00;08_09_00
2022-08-11 06:00:00;2022-08-12 09:00:00;27;0;Unperturbed;135.83;30.4;579726.6187538;3363402.04505157;98190.5546875;-11.9223673311257;4.61637044473666;-0.575352325765595;0.194261755772192;20220811060000_20220812103000_00;08_10_00
2022-08-11 06:00:00;2022-08-12 12:00:00;30;0;Unperturbed;135.93;30.72;589046.3876241;3398931.83904834;98019.2734375;-11.7508568279138;4.88364997535355;-0.522445737283224;0.293829313692353;20220811060000_20220812133000_00;08_11_00
2022-08-11 06:00:00;2022-08-12 15:00:00;33;0;Unperturbed;135.81;31.17;577187.466407089;3448716.42681024;97888.640625;-11.9690950239234;5.25816386221041;-0.589766619743377;0.433344049577513;20220811060000_20220812163000_00;08_12_00
2022-08-11 06:00:00;2022-08-12 18:00:00;36;0;Unperturbed;135.83;31.58;578752.901859815;3494179.70341545;97561.6015625;-11.9402865174057;5.6001698764431;-0.580879934843177;0.560748881337589;20220811060000_20220812193000_00;08_13_00
2022-08-11 06:00:00;2022-08-12 21:00:00;39;0;Unperturbed;136.02;31.93;596421.655137295;3533140.37559875;97383.90625;-11.6151307321152;5.89325883087432;-0.480577720093275;0.66993102251666;20220811060000_20220812223000_00;08_14_00
2022-08-11 06:00:00;2022-08-11 06:00:00;0;1;Perturbed;135.94;28.57;591939.241062592;3160714.06170095;100256.546875;-11.6975587145751;3.09171218969289;-0.50602354822037;-0.373744563763888;20220811060000_20220811073000_01;08_01_01
2022-08-11 06:00:00;2022-08-11 09:00:00;3;1;Perturbed;136.06;28.62;603613.50401776;3166339.91926262;100122.1171875;-11.4827187607163;3.13403375701006;-0.439750936249014;-0.35797884053249;20220811060000_20220811103000_01;08_02_01
2022-08-11 06:00:00;2022-08-11 12:00:00;6;1;Perturbed;136.24;28.86;620938.48141309;3193102.47394871;100037.625;-11.1638894385989;3.33536008767373;-0.3414002730215;-0.282980313548614;20220811060000_20220811133000_01;08_03_01
2022-08-11 06:00:00;2022-08-11 15:00:00;9;1;Perturbed;136.19;29.41;615444.428412855;3253996.14093148;99691.09375;-11.2649957866057;3.79344410387079;-0.372588986521688;-0.112333849490067;20220811060000_20220811163000_01;08_04_01
2022-08-11 06:00:00;2022-08-11 18:00:00;12;1;Perturbed;136.07;29.89;603308.214287765;3307081.55336094;99623.5703125;-11.4883369682004;4.19278906258456;-0.441484009068475;0.0364310118335273;20220811060000_20220811193000_01;08_05_01
2022-08-11 06:00:00;2022-08-11 21:00:00;15;1;Perturbed;136.17;30.18;612650.44866495;3339319.03990789;99615.2734375;-11.3164130351659;4.43530159371038;-0.388449888096363;0.126772312693731;20220811060000_20220811223000_01;08_06_01
2022-08-11 06:00:00;2022-08-12 00:00:00;18;1;Perturbed;136.3;30.5;624763.782698434;3374908.85363283;99563.25;-11.0934929129429;4.703032633975;-0.319684751559398;0.226508067979767;20220811060000_20220812013000_01;08_07_01
2022-08-11 06:00:00;2022-08-12 03:00:00;21;1;Perturbed;136.33;30.8;627231.01837721;3408196.35217235;99274.8671875;-11.0480886932998;4.95344407699833;-0.305678715083322;0.319791888852806;20220811060000_20220812043000_01;08_08_01
2022-08-11 06:00:00;2022-08-12 06:00:00;24;1;Perturbed;136.66;31.04;658423.820411529;3435220.56786774;99003.640625;-10.4740515848748;5.15673880161761;-0.128602999600604;0.395523686277306;20220811060000_20220812073000_01;08_09_01
2022-08-11 06:00:00;2022-08-12 09:00:00;27;1;Perturbed;136.7;31.41;661597.563687936;3476301.00800168;98999.5546875;-10.4156455971322;5.46577410752255;-0.110586251351766;0.510646197339212;20220811060000_20220812103000_01;08_10_01
2022-08-11 06:00:00;2022-08-12 12:00:00;30;1;Perturbed;136.89;31.79;678948.10016186;3518705.91423358;99066.7578125;-10.0963459145915;5.7847729577423;-0.0120904940052887;0.629480349817751;20220811060000_20220812133000_01;08_11_01
2022-08-11 06:00:00;2022-08-12 15:00:00;33;1;Perturbed;137.17;32.2;704544.965807781;3564666.27940043;98969.90625;-9.62529010101103;6.13051841379233;0.133218134997633;0.758278206658635;20220811060000_20220812163000_01;08_12_01
2022-08-11 06:00:00;2022-08-12 18:00:00;36;1;Perturbed;137.46;32.7;730604.995030981;3620710.17166168;98538.96875;-9.14571074791861;6.5521190912094;0.281156057186268;0.915333817206202;20220811060000_20220812193000_01;08_13_01
2022-08-11 06:00:00;2022-08-12 21:00:00;39;1;Perturbed;138.06;33.08;785654.72470739;3664315.34120782;98470.1171875;-8.13263768034809;6.88014714703827;0.593663098357348;1.03753154919412;20220811060000_20220812223000_01;08_14_01
2022-08-11 06:00:00;2022-08-11 06:00:00;0;2;Perturbed;135.94;28.57;591937.942610996;3160705.84875221;100256.953125;-11.6978503032192;3.09161679193322;-0.506030919287744;-0.373767579468662;20220811060000_20220811073000_02;08_01_02
2022-08-11 06:00:00;2022-08-11 09:00:00;3;2;Perturbed;135.55;28.43;553867.160286372;3144957.18223599;100168.2578125;-12.3984619948865;2.97314449809776;-0.722151645207224;-0.417901138634869;20220811060000_20220811103000_02;08_02_02
2022-08-11 06:00:00;2022-08-11 12:00:00;6;2;Perturbed;135.34;28.3;533335.827005568;3130476.11628457;100169.125;-12.7762974703804;2.86420796695212;-0.8387041923786;-0.45848241453516;20220811060000_20220811133000_02;08_03_02
2022-08-11 06:00:00;2022-08-11 15:00:00;9;2;Perturbed;135.58;28.16;556939.503261471;3115053.01690777;99964.140625;-12.3419220637968;2.74818481290676;-0.704710527544072;-0.501703614766351;20220811060000_20220811163000_02;08_04_02
2022-08-11 06:00:00;2022-08-11 18:00:00;12;2;Perturbed;135.92;28.18;590302.95666169;3117486.77151669;99602.734375;-11.7279387385455;2.76649318783196;-0.515312429376486;-0.494883338718342;20220811060000_20220811193000_02;08_05_02
2022-08-11 06:00:00;2022-08-11 21:00:00;15;2;Perturbed;135.91;28.7;588888.478840762;3175078.86000567;99410.4296875;-11.7539691912558;3.19974046137308;-0.523342155974939;-0.333489112596744;20220811060000_20220811223000_02;08_06_02
2022-08-11 06:00:00;2022-08-12 00:00:00;18;2;Perturbed;135.56;29;554553.248215318;3208123.55343873;99272.8046875;-12.3858360073133;3.44832535750198;-0.71825685208256;-0.240885720985478;20220811060000_20220812013000_02;08_07_02
2022-08-11 06:00:00;2022-08-12 03:00:00;21;2;Perturbed;135.66;29.02;564273.060899218;3210380.03309403;98973.5234375;-12.2069635494507;3.46530014838224;-0.663079289532522;-0.234562234595585;20220811060000_20220812043000_02;08_08_02
2022-08-11 06:00:00;2022-08-12 06:00:00;24;2;Perturbed;135.54;29.37;552404.408383156;3249101.42435439;98625.2109375;-12.4253808293003;3.75658906724965;-0.730455414761197;-0.126050646619163;20220811060000_20220812073000_02;08_09_02
2022-08-11 06:00:00;2022-08-12 09:00:00;27;2;Perturbed;135.31;29.59;530017.519195088;3273395.02698452;98431.8359375;-12.8373638605782;3.93934224359975;-0.857541606506581;-0.0579710318827345;20220811060000_20220812103000_02;08_10_02
2022-08-11 06:00:00;2022-08-12 12:00:00;30;2;Perturbed;134.99;29.87;499034.851253279;3304387.40001526;98303.609375;-13.40753389843;4.17248817507101;-1.03342442996448;0.0288810026970789;20220811060000_20220812133000_02;08_11_02
2022-08-11 06:00:00;2022-08-12 15:00:00;33;2;Perturbed;134.78;30.18;478820.925419119;3338755.64934867;97970.4375;-13.7795281656649;4.43102976838256;-1.14817511430058;0.125193485016262;20220811060000_20220812163000_02;08_12_02
2022-08-11 06:00:00;2022-08-12 18:00:00;36;2;Perturbed;134.55;30.41;456786.057015007;3364302.80358937;97343.1875;-14.1850330039063;4.6232130215326;-1.27326294975482;0.196786012678732;20220811060000_20220812193000_02;08_13_02
2022-08-11 06:00:00;2022-08-12 21:00:00;39;2;Perturbed;134.55;30.71;456907.323881146;3397558.19564624;97170.3359375;-14.182801345426;4.87338293752615;-1.27257454038838;0.289979859372035;20220811060000_20220812223000_02;08_14_02
2022-08-11 06:00:00;2022-08-11 06:00:00;0;3;Perturbed;135.94;28.57;591929.803340071;3160700.54191825;100256.9296875;-11.6977762573635;3.09159601581546;-0.506077124409718;-0.373782451170383;20220811060000_20220811073000_03;08_01_03
2022-08-11 06:00:00;2022-08-11 09:00:00;3;3;Perturbed;135.92;28.6;589959.989966633;3164009.43397887;100088.734375;-11.7340264785453;3.11648777614779;-0.517259387294763;-0.364509717927759;20220811060000_20220811103000_03;08_02_03
2022-08-11 06:00:00;2022-08-11 12:00:00;6;3;Perturbed;136.31;28.4;628332.56158963;3142203.95503201;100061.734375;-11.0278609973851;2.9524519762689;-0.299425459852844;-0.425616694461746;20220811060000_20220811133000_03;08_03_03
2022-08-11 06:00:00;2022-08-11 15:00:00;9;3;Perturbed;136.43;28.9;639416.921638764;3197749.77704901;99575.875;-10.8238769505417;3.37030582697746;-0.236501616582563;-0.269956860030875;20220811060000_20220811163000_03;08_04_03
2022-08-11 06:00:00;2022-08-11 18:00:00;12;3;Perturbed;136.35;29.32;631091.218908493;3244198.90164583;99430.453125;-10.9770937829261;3.71972806739157;-0.283765077115445;-0.139789319401314;20220811060000_20220811193000_03;08_05_03
2022-08-11 06:00:00;2022-08-11 21:00:00;15;3;Perturbed;136.47;29.64;642290.893741001;3279800.14592631;99383.3203125;-10.7709876130129;3.9875450961513;-0.220186613341715;-0.0400215314921755;20220811060000_20220811223000_03;08_06_03
2022-08-11 06:00:00;2022-08-12 00:00:00;18;3;Perturbed;136.62;29.96;656319.212601483;3315454.96208041;99186.125;-10.5128262722691;4.25576512936531;-0.140550465344925;0.0598963845216142;20220811060000_20220812013000_03;08_07_03
2022-08-11 06:00:00;2022-08-12 03:00:00;21;3;Perturbed;136.57;30.3;650984.068094358;3353070.43535521;98916.7109375;-10.6110082477944;4.53873457303091;-0.17083708498761;0.165308783319165;20220811060000_20220812043000_03;08_08_03
2022-08-11 06:00:00;2022-08-12 06:00:00;24;3;Perturbed;136.66;30.53;659249.409961652;3378690.09820322;98602.765625;-10.458902228578;4.73146328576138;-0.123916281808395;0.237104506782832;20220811060000_20220812073000_03;08_09_03
2022-08-11 06:00:00;2022-08-12 09:00:00;27;3;Perturbed;136.84;30.81;676021.09365529;3409996.05744099;98407.15625;-10.1502550990151;4.96696822821458;-0.0287065636614628;0.324835325316046;20220811060000_20220812103000_03;08_10_03
2022-08-11 06:00:00;2022-08-12 12:00:00;30;3;Perturbed;136.84;31.22;675258.577472893;3455435.20245615;98314.5234375;-10.1642875858686;5.30879270804089;-0.03303522571678;0.452172531480251;20220811060000_20220812133000_03;08_11_03
2022-08-11 06:00:00;2022-08-12 15:00:00;33;3;Perturbed;136.9;31.67;680124.4971768;3505435.78151416;97836.765625;-10.0747406938136;5.68493142988128;-0.0054123077082349;0.592292554463002;20220811060000_20220812163000_03;08_12_03
2022-08-11 06:00:00;2022-08-12 18:00:00;36;3;Perturbed;136.97;32.12;685841.803921693;3555427.68711707;97289.3125;-9.96952583596895;6.06100490403097;0.0270437756334347;0.732388271232676;20220811060000_20220812193000_03;08_13_03
2022-08-11 06:00:00;2022-08-12 21:00:00;39;3;Perturbed;137.12;32.57;699006.753344319;3605593.40676946;96883.53125;-9.72725297151735;6.43838592692588;0.101778736466399;0.872971078933416;20220811060000_20220812223000_03;08_14_03
2022-08-11 06:00:00;2022-08-11 06:00:00;0;4;Perturbed;135.94;28.57;591930.993119724;3160710.72438932;100256.65625;-11.6977637863369;3.09170383236846;-0.506070370252681;-0.37375391613923;20220811060000_20220811073000_04;08_01_04
2022-08-11 06:00:00;2022-08-11 09:00:00;3;4;Perturbed;135.66;28.58;564551.042121794;3161638.87312954;100164.203125;-12.2016334894299;3.0986860051233;-0.661501242012962;-0.371152901805767;20220811060000_20220811103000_04;08_02_04
2022-08-11 06:00:00;2022-08-11 12:00:00;6;4;Perturbed;135.45;28.51;544038.504583378;3153779.34396757;100230.8046875;-12.5791230693034;3.03956122479185;-0.777947089262751;-0.393178194863491;20220811060000_20220811133000_04;08_03_04
2022-08-11 06:00:00;2022-08-11 15:00:00;9;4;Perturbed;135.4;28.8;539038.537103971;3185889.64253064;99888.109375;-12.6711368252635;3.28111696048469;-0.80633097147481;-0.303193321539926;20220811060000_20220811163000_04;08_04_04
2022-08-11 06:00:00;2022-08-11 18:00:00;12;4;Perturbed;135.09;28.92;508767.271435838;3199125.87880953;99727.90625;-13.2282150189245;3.38068902724293;-0.978175296997555;-0.266100516485608;20220811060000_20220811193000_04;08_05_04
2022-08-11 06:00:00;2022-08-11 21:00:00;15;4;Perturbed;135.16;29.08;515563.077495137;3216854.6960205;99656.3359375;-13.1031526774457;3.51405737559226;-0.939596774333636;-0.216417846367401;20220811060000_20220811223000_04;08_06_04
2022-08-11 06:00:00;2022-08-12 00:00:00;18;4;Perturbed;135.14;29.27;513594.697150668;3237904.41658838;99647.0078125;-13.1393765267804;3.67240784150014;-0.950770902180675;-0.15742878293416;20220811060000_20220812013000_04;08_07_04
2022-08-11 06:00:00;2022-08-12 03:00:00;21;4;Perturbed;135.05;29.5;504850.218671227;3263393.97914459;99342.0390625;-13.3003000352071;3.86415785041579;-1.00041167448342;-0.0859976483656608;20220811060000_20220812043000_04;08_08_04
2022-08-11 06:00:00;2022-08-12 06:00:00;24;4;Perturbed;134.81;29.82;481647.209697308;3298852.74001889;99176.7890625;-13.727302013532;4.13090302106329;-1.13213082593664;0.0133708486047894;20220811060000_20220812073000_04;08_09_04
2022-08-11 06:00:00;2022-08-12 09:00:00;27;4;Perturbed;134.57;30.02;458535.963672709;3321071.48746992;99075.6015625;-14.1526152901483;4.29804771067637;-1.26332905625273;0.0756359555723398;20220811060000_20220812103000_04;08_10_04
2022-08-11 06:00:00;2022-08-12 12:00:00;30;4;Perturbed;134.44;30.22;446105.334398401;3343286.34053857;98911.53125;-14.3813745557211;4.4651631040685;-1.33389541865348;0.137890149047304;20220811060000_20220812133000_04;08_11_04
2022-08-11 06:00:00;2022-08-12 15:00:00;33;4;Perturbed;134.18;30.72;421491.703748517;3398853.59910825;98913.90625;-14.8343360226184;4.88317821525992;-1.47362240608988;0.293610056587519;20220811060000_20220812163000_04;08_12_04
2022-08-11 06:00:00;2022-08-12 18:00:00;36;4;Perturbed;134.16;31.08;419869.518925727;3438766.18726574;98704.359375;-14.8641888804662;5.18342813591545;-1.48283124657252;0.405459816636084;20220811060000_20220812193000_04;08_13_04
2022-08-11 06:00:00;2022-08-12 21:00:00;39;4;Perturbed;134.25;31.53;428802.491395683;3488582.35061507;98745.453125;-14.6997965414691;5.55817955604337;-1.43212042906519;0.545063038937206;20220811060000_20220812223000_04;08_14_04
2022-08-11 06:00:00;2022-08-11 06:00:00;0;5;Perturbed;135.94;28.57;591938.75948558;3160699.08003246;100257.078125;-11.6978608981328;3.09151802803041;-0.506026282043192;-0.373786547912323;20220811060000_20220811073000_05;08_01_05
2022-08-11 06:00:00;2022-08-11 09:00:00;3;5;Perturbed;135.81;28.49;579274.062114712;3151760.96130446;100214.0703125;-11.9309276886652;3.02427935565205;-0.577921405342827;-0.39883444586042;20220811060000_20220811103000_05;08_02_05
2022-08-11 06:00:00;2022-08-11 12:00:00;6;5;Perturbed;135.9;28.61;587979.417875377;3165113.16431095;100193.7578125;-11.7707241505808;3.12472380384111;-0.528502725412905;-0.361416659358999;20220811060000_20220811133000_05;08_03_05
2022-08-11 06:00:00;2022-08-11 15:00:00;9;5;Perturbed;135.82;29.37;579575.129177587;3249258.76598251;99944.53125;-11.9253871903789;3.75772485417908;-0.576212303816512;-0.125609717474667;20220811060000_20220811163000_05;08_04_05
2022-08-11 06:00:00;2022-08-11 18:00:00;12;5;Perturbed;135.43;29.89;541525.543000198;3306668.50890222;99864.1796875;-12.6256088120854;4.18960039901929;-0.792212703164078;0.0352735092577742;20220811060000_20220811193000_05;08_05_05
2022-08-11 06:00:00;2022-08-11 21:00:00;15;5;Perturbed;135.31;30;529900.251834439;3318825.62284257;99962.8125;-12.8395475444266;4.28105456584975;-0.858207311426804;0.0693422163971344;20220811060000_20220811223000_05;08_06_05
2022-08-11 06:00:00;2022-08-12 00:00:00;18;5;Perturbed;135.33;30.29;531736.522680046;3350963.05054029;99910.5078125;-12.8057548891423;4.52281438553963;-0.847783144548556;0.159403115539624;20220811060000_20220812013000_05;08_07_05
2022-08-11 06:00:00;2022-08-12 03:00:00;21;5;Perturbed;135.23;30.55;522065.935515392;3379763.86041685;99784.625;-12.9837214561298;4.73947387267017;-0.902681263013034;0.24011358365528;20220811060000_20220812043000_05;08_08_05
2022-08-11 06:00:00;2022-08-12 06:00:00;24;5;Perturbed;135.11;30.83;510521.427117075;3410770.51380588;99592.515625;-13.1961735536319;4.97272723081157;-0.96821728258188;0.327005637054254;20220811060000_20220812073000_05;08_09_05
2022-08-11 06:00:00;2022-08-12 09:00:00;27;5;Perturbed;134.87;31.08;487589.794546991;3438466.55106257;99602.921875;-13.6181814270354;5.18107585896826;-1.09839588083883;0.404620125727209;20220811060000_20220812103000_05;08_10_05
2022-08-11 06:00:00;2022-08-12 12:00:00;30;5;Perturbed;134.7;31.39;471477.499265422;3472855.92508551;99555.875;-13.9146939167869;5.43977636671374;-1.18986237403536;0.500991807200431;20220811060000_20220812133000_05;08_11_05
2022-08-11 06:00:00;2022-08-12 15:00:00;33;5;Perturbed;134.59;31.88;461214.440895926;3527213.55025846;99544.21875;-14.1035636548611;5.84869178409542;-1.24812384095391;0.653321876811919;20220811060000_20220812163000_05;08_12_05
2022-08-11 06:00:00;2022-08-12 18:00:00;36;5;Perturbed;134.54;32.24;456657.405541614;3567124.49656527;99400.046875;-14.1874261881117;6.14892935362168;-1.27399328015841;0.765167035790676;20220811060000_20220812193000_05;08_13_05
2022-08-11 06:00:00;2022-08-12 21:00:00;39;5;Perturbed;134.56;32.62;458712.604709017;3609248.27464792;99409.34375;-14.1496046231879;6.46581336467909;-1.26232629805699;0.883213363738461;20220811060000_20220812223000_05;08_14_05
2022-08-11 06:00:00;2022-08-11 06:00:00;0;6;Perturbed;135.94;28.57;591927.240648254;3160699.95828744;100256.4609375;-11.6981113362849;3.09153322846986;-0.50609167233287;-0.373784086718677;20220811060000_20220811073000_06;08_01_06
2022-08-11 06:00:00;2022-08-11 09:00:00;3;6;Perturbed;135.81;28.61;579199.073183441;3165049.85486277;100022.3828125;-11.9323461587613;3.12425614026022;-0.578347103510098;-0.361594075730991;20220811060000_20220811103000_06;08_02_06
2022-08-11 06:00:00;2022-08-11 12:00:00;6;6;Perturbed;135.93;28.32;591160.685702836;3132992.44346874;99960.328125;-11.7122181479728;2.88309825820308;-0.51044326169209;-0.451430739744163;20220811060000_20220811133000_06;08_03_06
2022-08-11 06:00:00;2022-08-11 15:00:00;9;6;Perturbed;136.14;28.53;611546.946042096;3156451.54117461;99657.15625;-11.3370524310912;3.0595737149448;-0.39471426653418;-0.385689714907494;20220811060000_20220811163000_06;08_04_06
2022-08-11 06:00:00;2022-08-11 18:00:00;12;6;Perturbed;136.28;28.65;625090.355678656;3169880.683001;99333.34375;-11.0878148121869;3.16059694981833;-0.317830857700602;-0.348056317518864;20220811060000_20220811193000_06;08_05_06
2022-08-11 06:00:00;2022-08-11 21:00:00;15;6;Perturbed;136.42;29.08;638216.688233538;3217689.62999397;99149.5625;-10.8462526089665;3.52024870892313;-0.243315117618565;-0.214078054113864;20220811060000_20220811223000_06;08_06_06
2022-08-11 06:00:00;2022-08-12 00:00:00;18;6;Perturbed;136.52;29.25;647690.814766264;3236646.16518701;98984.15625;-10.6719014816225;3.66285279576294;-0.189532269495128;-0.160954866403591;20220811060000_20220812013000_06;08_07_06
2022-08-11 06:00:00;2022-08-12 03:00:00;21;6;Perturbed;136.68;29.71;662510.492242413;3287841.71350038;98436.2109375;-10.3991768704497;4.04798089766287;-0.105403726332347;-0.0174860998126796;20220811060000_20220812043000_06;08_08_06
2022-08-11 06:00:00;2022-08-12 06:00:00;24;6;Perturbed;136.58;30;652398.742886164;3319837.15751822;98269.9921875;-10.5852620882892;4.2886726185252;-0.16280624022224;0.0721769088081079;20220811060000_20220812073000_06;08_09_06
2022-08-11 06:00:00;2022-08-12 09:00:00;27;6;Perturbed;136.58;30.28;651960.397453837;3350871.97715366;98042.921875;-10.593328902684;4.52213786253117;-0.165294645430996;0.159147894394838;20220811060000_20220812103000_06;08_10_06
2022-08-11 06:00:00;2022-08-12 12:00:00;30;6;Perturbed;136.68;30.51;661204.3970242;3376491.35709271;97872.2109375;-10.4232127721159;4.71486444702609;-0.112818185123165;0.23094282504352;20220811060000_20220812133000_06;08_11_06
2022-08-11 06:00:00;2022-08-12 15:00:00;33;6;Perturbed;136.79;31;670901.193422845;3430975.52293359;97467.7890625;-10.2447638799792;5.1247317902852;-0.0577712817288799;0.383627508174114;20220811060000_20220812163000_06;08_12_06
2022-08-11 06:00:00;2022-08-12 18:00:00;36;6;Perturbed;136.84;31.57;674621.869226107;3494234.57445318;96974.078125;-10.1762927635613;5.60060985473332;-0.0366496996017949;0.560902650178114;20220811060000_20220812193000_06;08_13_06
2022-08-11 06:00:00;2022-08-12 21:00:00;39;6;Perturbed;136.94;32.09;683071.698605935;3552065.72186794;96757.5546875;-10.0207916444716;6.03565549382307;0.0113184047542604;0.722966807384639;20220811060000_20220812223000_06;08_14_06
2022-08-11 06:00:00;2022-08-11 06:00:00;0;7;Perturbed;135.94;28.57;591937.412755479;3160703.34008041;100256.328125;-11.6977925433948;3.09167373103755;-0.506033927178628;-0.373774609690251;20220811060000_20220811073000_07;08_01_07
2022-08-11 06:00:00;2022-08-11 09:00:00;3;7;Perturbed;135.83;28.69;581093.287066182;3173921.39870472;100141.40625;-11.8973555883316;3.19110905298427;-0.567594004824236;-0.336732745113531;20220811060000_20220811103000_07;08_02_07
2022-08-11 06:00:00;2022-08-11 12:00:00;6;7;Perturbed;135.8;28.69;578156.409367254;3173904.19800817;100190.3359375;-11.9514025694344;3.19097965752258;-0.584266111397114;-0.336780947795185;20220811060000_20220811133000_07;08_03_07
2022-08-11 06:00:00;2022-08-11 15:00:00;9;7;Perturbed;135.81;28.9;578980.638633368;3197183.24476534;100062.7109375;-11.9362343846693;3.36610064727636;-0.579587115683351;-0.271544491976432;20220811060000_20220811163000_07;08_04_07
2022-08-11 06:00:00;2022-08-11 18:00:00;12;7;Perturbed;135.93;29.11;590486.140489266;3220530.54722199;99877.625;-11.724500119531;3.5417351033149;-0.514272528975834;-0.206116758569272;20220811060000_20220811193000_07;08_05_07
2022-08-11 06:00:00;2022-08-11 21:00:00;15;7;Perturbed;135.93;29.61;590042.940252753;3275933.2797382;99740.8125;-11.7326562762604;3.95851253645088;-0.516788494001876;-0.0508579135772719;20220811060000_20220811223000_07;08_06_07
2022-08-11 06:00:00;2022-08-12 00:00:00;18;7;Perturbed;135.81;30.02;578113.946621801;3321283.61701552;99697.46875;-11.9521840058565;4.29966894343428;-0.584507164478019;0.0762304206238319;20220811060000_20220812013000_07;08_07_07
2022-08-11 06:00:00;2022-08-12 03:00:00;21;7;Perturbed;135.81;30.1;578037.586968341;3330143.66454832;99427.65625;-11.9535892427;4.3663203106228;-0.584940643979337;0.101059534352385;20220811060000_20220812043000_07;08_08_07
2022-08-11 06:00:00;2022-08-12 06:00:00;24;7;Perturbed;135.86;30.44;582570.03598317;3367857.15394359;99104.4140625;-11.8701791686806;4.65002709891456;-0.559210776835408;0.206746610389914;20220811060000_20220812073000_07;08_09_07
2022-08-11 06:00:00;2022-08-12 09:00:00;27;7;Perturbed;135.74;30.75;570819.488903464;3402129.49899335;98958.1015625;-12.0864229694339;4.90784723428801;-0.625916439544484;0.302790333613054;20220811060000_20220812103000_07;08_10_07
2022-08-11 06:00:00;2022-08-12 12:00:00;30;7;Perturbed;135.76;31.08;572484.826048207;3438713.82914748;98939.125;-12.0557759849767;5.18305971067941;-0.616462631383845;0.405313089920677;20220811060000_20220812133000_07;08_11_07
2022-08-11 06:00:00;2022-08-12 15:00:00;33;7;Perturbed;135.7;31.63;566380.213345863;3499646.89507111;98698.296875;-12.1681183843499;5.64144011278913;-0.651117378361148;0.576069964310526;20220811060000_20220812163000_07;08_12_07
2022-08-11 06:00:00;2022-08-12 18:00:00;36;7;Perturbed;135.56;32.11;552833.106045608;3552760.00792127;98609.4296875;-12.4174240508818;6.0409934531063;-0.72802177814141;0.724912452406804;20220811060000_20220812193000_07;08_13_07
2022-08-11 06:00:00;2022-08-12 21:00:00;39;7;Perturbed;135.78;32.37;573376.009414124;3581711.05379442;98485.3828125;-12.0393756525576;6.25878311866266;-0.611403549741468;0.806043937072489;20220811060000_20220812223000_07;08_14_07
2022-08-11 06:00:00;2022-08-11 06:00:00;0;8;Perturbed;135.94;28.57;591927.674514436;3160707.49267362;100257.1640625;-11.6979712862049;3.09161169186962;-0.506089209355533;-0.373762972595921;20220811060000_20220811073000_08;08_01_08
2022-08-11 06:00:00;2022-08-11 09:00:00;3;8;Perturbed;135.78;28.5;576337.597429192;3152830.16136005;100066.0390625;-11.9848734619149;3.0323529915182;-0.594591167315671;-0.395838153833689;20220811060000_20220811103000_08;08_02_08
2022-08-11 06:00:00;2022-08-11 12:00:00;6;8;Perturbed;135.9;28.41;588163.513837931;3142954.27477801;99985.859375;-11.7672426491306;2.9580597847995;-0.527457646992225;-0.423514022412047;20220811060000_20220811133000_08;08_03_08
2022-08-11 06:00:00;2022-08-11 15:00:00;9;8;Perturbed;135.79;28.92;577011.877841822;3199381.38769056;99743.140625;-11.97246476654;3.38254331134916;-0.590763403257443;-0.265384486572403;20220811060000_20220811163000_08;08_04_08
2022-08-11 06:00:00;2022-08-11 18:00:00;12;8;Perturbed;135.5;29.18;548606.967086133;3228036.73066475;99623.0546875;-12.4951966717189;3.59810849645834;-0.752012780269244;-0.185081670249766;20220811060000_20220811193000_08;08_05_08
2022-08-11 06:00:00;2022-08-11 21:00:00;15;8;Perturbed;135.57;29.3;555352.08931979;3241368.32690183;99571.5703125;-12.3710670581394;3.69839792636457;-0.713721980224119;-0.14772163149962;20220811060000_20220811223000_08;08_06_08
2022-08-11 06:00:00;2022-08-12 00:00:00;18;8;Perturbed;135.68;29.67;565791.782338276;3282415.21081699;99382.234375;-12.1789467354257;4.00718079932822;-0.654457791369446;-0.032693157311559;20220811060000_20220812013000_08;08_07_08
2022-08-11 06:00:00;2022-08-12 03:00:00;21;8;Perturbed;135.56;29.8;554124.788099168;3296763.40015431;99123.8359375;-12.3936529240413;4.11511774125447;-0.720689140196326;0.00751574941677285;20220811060000_20220812043000_08;08_08_08
2022-08-11 06:00:00;2022-08-12 06:00:00;24;8;Perturbed;135.52;29.79;550252.243291896;3295627.9741196;98787.859375;-12.4649188661317;4.10657628622557;-0.742672854315117;0.00433386782505741;20220811060000_20220812073000_08;08_09_08
2022-08-11 06:00:00;2022-08-12 09:00:00;27;8;Perturbed;135.58;29.9;555996.055521192;3307842.81653222;98576.9453125;-12.3592162312798;4.19846472630216;-0.710066304285342;0.0385643513880981;20220811060000_20220812103000_08;08_10_08
2022-08-11 06:00:00;2022-08-12 12:00:00;30;8;Perturbed;135.46;30.21;544277.039342791;3342149.49840584;98611.2109375;-12.5748797729274;4.4565431668649;-0.776592971952476;0.134704299027813;20220811060000_20220812133000_08;08_11_08
2022-08-11 06:00:00;2022-08-12 15:00:00;33;8;Perturbed;135.35;30.55;533568.036466821;3379790.89917695;98405.3125;-12.7719561701768;4.73970765497814;-0.837385982605465;0.240189356211482;20220811060000_20220812163000_08;08_12_08
2022-08-11 06:00:00;2022-08-12 18:00:00;36;8;Perturbed;135.31;30.91;529616.261423889;3419663.18347053;98040.375;-12.8446801760643;5.03965438226785;-0.85981947198497;0.351926170001342;20220811060000_20220812193000_08;08_13_08
2022-08-11 06:00:00;2022-08-12 21:00:00;39;8;Perturbed;135.36;31.31;534257.122187204;3464022.38129879;97845.6875;-12.7592750146349;5.3733547570901;-0.833474171578304;0.476236966721942;20220811060000_20220812223000_08;08_14_08
2022-08-11 06:00:00;2022-08-11 06:00:00;0;9;Perturbed;135.94;28.57;591925.103059307;3160697.93283879;100256.3828125;-11.6978493441739;3.0915089931415;-0.506103807026374;-0.373789762771175;20220811060000_20220811073000_09;08_01_09
2022-08-11 06:00:00;2022-08-11 09:00:00;3;9;Perturbed;135.92;28.58;589962.36151509;3161791.85882385;100022.5390625;-11.7339694233956;3.09973825627327;-0.517245924456784;-0.370724179590817;20220811060000_20220811103000_09;08_02_09
2022-08-11 06:00:00;2022-08-11 12:00:00;6;9;Perturbed;136.13;28.29;610803.871869026;3129840.7431323;99945.078125;-11.3504257992729;2.85938000354884;-0.398932559931108;-0.460262963928297;20220811060000_20220811133000_09;08_03_09
2022-08-11 06:00:00;2022-08-11 15:00:00;9;9;Perturbed;136.16;28.76;613254.421261361;3181953.10496954;99467.7421875;-11.3053286552048;3.25140500691527;-0.38502124838891;-0.314224948451583;20220811060000_20220811163000_09;08_04_09
2022-08-11 06:00:00;2022-08-11 18:00:00;12;9;Perturbed;136.19;28.9;616024.259601923;3197486.66889813;99246.28125;-11.2543556778471;3.36825915124323;-0.369297393078098;-0.270694185894751;20220811060000_20220811193000_09;08_05_09
2022-08-11 06:00:00;2022-08-11 21:00:00;15;9;Perturbed;136.21;29.36;617441.885259115;3248478.83085629;99172.890625;-11.2282672959124;3.75185724118867;-0.36124979680067;-0.127795382718347;20220811060000_20220811223000_09;08_06_09
2022-08-11 06:00:00;2022-08-12 00:00:00;18;9;Perturbed;136.33;29.54;628859.937317476;3268550.10988511;98945.875;-11.0181423581073;3.90284719734182;-0.296431646272586;-0.0715482725489182;20220811060000_20220812013000_09;08_07_09
2022-08-11 06:00:00;2022-08-12 03:00:00;21;9;Perturbed;136.17;29.86;613004.515085963;3303840.94326441;98810.9765625;-11.3099276462844;4.16832910195278;-0.386439919105427;0.0273496297823887;20220811060000_20220812043000_09;08_08_09
2022-08-11 06:00:00;2022-08-12 06:00:00;24;9;Perturbed;136.17;29.91;612940.20895699;3309386.75305674;98397.5;-11.3111110636731;4.21004849493097;-0.386804972997837;0.0428910297061377;20220811060000_20220812073000_09;08_09_09
2022-08-11 06:00:00;2022-08-12 09:00:00;27;9;Perturbed;136.16;30.08;611788.347630023;3328216.41274679;98147.09375;-11.3323086189524;4.35169813703381;-0.393343874773482;0.0956586655662164;20220811060000_20220812103000_09;08_10_09
2022-08-11 06:00:00;2022-08-12 12:00:00;30;9;Perturbed;136.03;30.27;599071.321712212;3349160.29882133;97963.5625;-11.5663384049779;4.50925244314107;-0.46553605746778;0.154351141801486;20220811060000_20220812133000_09;08_11_09
2022-08-11 06:00:00;2022-08-12 15:00:00;33;9;Perturbed;135.99;30.58;594933.16491718;3383478.60447904;97516.53125;-11.6424923701849;4.76741832579703;-0.489027601268617;0.250523663561862;20220811060000_20220812163000_09;08_12_09
2022-08-11 06:00:00;2022-08-12 18:00:00;36;9;Perturbed;135.94;30.93;589811.792625564;3422224.83337051;97349.109375;-11.7367403232291;5.05889409039688;-0.518100675941214;0.359104855721009;20220811060000_20220812193000_09;08_13_09
2022-08-11 06:00:00;2022-08-12 21:00:00;39;9;Perturbed;136.03;31.3;598024.927975653;3463303.62218592;96968.328125;-11.5855950538082;5.36791697394898;-0.471476239416614;0.474222739180746;20220811060000_20220812223000_09;08_14_09
2022-08-11 06:00:00;2022-08-11 06:00:00;0;10;Perturbed;135.94;28.57;591926.364085934;3160701.38071233;100257.0625;-11.6977951175537;3.0915786633875;-0.506096648413567;-0.373780100560691;20220811060000_20220811073000_10;08_01_10
2022-08-11 06:00:00;2022-08-11 09:00:00;3;10;Perturbed;135.7;28.6;568451.533430026;3163867.14132539;100142.03125;-12.1297993951963;3.11539369059488;-0.639358880824016;-0.364908474307203;20220811060000_20220811103000_10;08_02_10
2022-08-11 06:00:00;2022-08-11 12:00:00;6;10;Perturbed;135.56;28.69;554696.505983521;3173771.02143228;100185.90625;-12.3829313893343;3.18989748384781;-0.717443604469376;-0.337154157570486;20220811060000_20220811133000_10;08_03_10
2022-08-11 06:00:00;2022-08-11 15:00:00;9;10;Perturbed;135.67;29.11;565199.256388072;3220359.77007313;99960.1015625;-12.1896506296865;3.54037007228685;-0.657821450602721;-0.206595338987213;20220811060000_20220811163000_10;08_04_10
2022-08-11 06:00:00;2022-08-11 18:00:00;12;10;Perturbed;135.44;29.49;542656.829235328;3262357.91848725;99779.1171875;-12.6044960060463;3.85630901063032;-0.78579060234476;-0.0889010716030151;20220811060000_20220811193000_10;08_05_10
2022-08-11 06:00:00;2022-08-11 21:00:00;15;10;Perturbed;135.41;29.69;539661.642992745;3284502.67712121;99783.6484375;-12.6596160317495;4.02289710550774;-0.802793715637558;-0.0268433085291512;20220811060000_20220811223000_10;08_06_10
2022-08-11 06:00:00;2022-08-12 00:00:00;18;10;Perturbed;135.5;29.87;548289.049534512;3304480.16007063;99672.6015625;-12.5008469830762;4.1731814630842;-0.753817538875277;0.0291409505083912;20220811060000_20220812013000_10;08_07_10
2022-08-11 06:00:00;2022-08-12 03:00:00;21;10;Perturbed;135.55;30.19;552944.905734585;3339965.6583932;99317.703125;-12.4151658625602;4.44012777119463;-0.727387112172812;0.128584375648403;20220811060000_20220812043000_10;08_08_10
2022-08-11 06:00:00;2022-08-12 06:00:00;24;10;Perturbed;135.46;30.42;544187.914042591;3365413.32381789;99007.7734375;-12.576319650022;4.63156260109043;-0.777098919647816;0.199898099036024;20220811060000_20220812073000_10;08_09_10
2022-08-11 06:00:00;2022-08-12 09:00:00;27;10;Perturbed;135.54;30.7;551722.449466559;3396481.77363745;98755.4453125;-12.4376625674251;4.86528083445597;-0.734326768253366;0.28696332877476;20220811060000_20220812103000_10;08_10_10
2022-08-11 06:00:00;2022-08-12 12:00:00;30;10;Perturbed;135.41;31.08;539114.096068799;3438540.75327991;98679.3984375;-12.6696924670952;5.18167738710929;-0.805902037333423;0.404828067646976;20220811060000_20220812133000_10;08_11_10
2022-08-11 06:00:00;2022-08-12 15:00:00;33;10;Perturbed;135.43;31.43;540862.98932235;3477343.75654405;98329.3984375;-12.6375078103558;5.4735802475623;-0.795973896737568;0.513568362491608;20220811060000_20220812163000_10;08_12_10
2022-08-11 06:00:00;2022-08-12 18:00:00;36;10;Perturbed;135.49;31.99;546289.59625823;3539427.85682439;98020.859375;-12.5376426635632;5.94061952122676;-0.76516806195693;0.687550858735325;20220811060000_20220812193000_10;08_13_10
2022-08-11 06:00:00;2022-08-12 21:00:00;39;10;Perturbed;135.69;32.38;564898.978919392;3582764.46603072;97648.96875;-12.1951765971727;6.26662728159393;-0.659526069750153;0.808995985819549;20220811060000_20220812223000_10;08_14_10
2022-08-11 06:00:00;2022-08-11 06:00:00;0;11;Perturbed;135.94;28.57;591932.823194781;3160698.81822868;100257.1484375;-11.6980030999122;3.0916273308477;-0.506059981258137;-0.373787281582877;20220811060000_20220811073000_11;08_01_11
2022-08-11 06:00:00;2022-08-11 09:00:00;3;11;Perturbed;135.67;28.72;565430.107569309;3177152.52826145;100127.7421875;-12.1857291537088;3.21540344660181;-0.656510951531731;-0.327677931023798;20220811060000_20220811103000_11;08_02_11
2022-08-11 06:00:00;2022-08-11 12:00:00;6;11;Perturbed;135.69;28.61;567462.085008924;3164964.59782646;100128.625;-12.1483349352434;3.12371745691807;-0.644975794844982;-0.361832997321742;20220811060000_20220811133000_11;08_03_11
2022-08-11 06:00:00;2022-08-11 15:00:00;9;11;Perturbed;135.92;28.97;589627.492349424;3205004.6661802;99880.96875;-11.7404278058099;3.42492637122887;-0.519146914211992;-0.249625990849941;20220811060000_20220811163000_11;08_04_11
2022-08-11 06:00:00;2022-08-11 18:00:00;12;11;Perturbed;135.55;29.58;553265.827867706;3272372.86316829;99703.8671875;-12.4095868224845;3.93171625216988;-0.725565297118363;-0.0608355110571875;20220811060000_20220811193000_11;08_05_11
2022-08-11 06:00:00;2022-08-11 21:00:00;15;11;Perturbed;135.41;29.7;539669.938074099;3285622.62560347;99663.6953125;-12.659790226943;4.03139007197256;-0.802746626008861;-0.0237048007352204;20220811060000_20220811223000_11;08_06_11
2022-08-11 06:00:00;2022-08-12 00:00:00;18;11;Perturbed;135.69;29.71;566736.530029513;3286859.0838535;99530.9375;-12.1616872298505;4.04069156076599;-0.649094635049206;-0.0202397896958548;20220811060000_20220812013000_11;08_07_11
2022-08-11 06:00:00;2022-08-12 03:00:00;21;11;Perturbed;135.69;30.32;566326.417015789;3354442.70898256;99100;-12.1692344866909;4.5491020402504;-0.651422770086706;0.169154399026508;20220811060000_20220812043000_11;08_08_11
2022-08-11 06:00:00;2022-08-12 06:00:00;24;11;Perturbed;135.44;30.59;542183.915985924;3384256.3176169;99029.984375;-12.6135258160202;4.77338049574906;-0.788475242599501;0.252703101976437;20220811060000_20220812073000_11;08_09_11
2022-08-11 06:00:00;2022-08-12 09:00:00;27;11;Perturbed;135.44;30.9;542051.354395044;3418612.27054853;98830.171875;-12.6159653298617;5.03182958707499;-0.789227770010305;0.348981125252721;20220811060000_20220812103000_11;08_10_11
2022-08-11 06:00:00;2022-08-12 12:00:00;30;11;Perturbed;135.42;31.3;539978.959518481;3462924.66648579;98823;-12.6541033452009;5.36517788590537;-0.800992368943299;0.47316076585137;20220811060000_20220812133000_11;08_11_11
2022-08-11 06:00:00;2022-08-12 15:00:00;33;11;Perturbed;135.42;31.7;539793.67283766;3507262.03979296;98637.7265625;-12.657513152065;5.6987140816796;-0.802044206849357;0.597410402232325;20220811060000_20220812163000_11;08_12_11
2022-08-11 06:00:00;2022-08-12 18:00:00;36;11;Perturbed;135.45;32.31;542357.445541908;3574887.03530875;98419.4296875;-12.6103323740065;6.20743577764758;-0.787490147696853;0.786920526002847;20220811060000_20220812193000_11;08_13_11
2022-08-11 06:00:00;2022-08-12 21:00:00;39;11;Perturbed;135.67;32.8;562737.882264377;3629321.4310304;98363.8359375;-12.2352738283928;6.61692871586211;-0.671794212124576;0.939465734943718;20220811060000_20220812223000_11;08_14_11
2022-08-11 06:00:00;2022-08-11 06:00:00;0;12;Perturbed;135.94;28.57;591927.916967118;3160716.04073194;100256.390625;-11.6979701825933;3.09173787399417;-0.506087832996907;-0.373739017790773;20220811060000_20220811073000_12;08_01_12
2022-08-11 06:00:00;2022-08-11 09:00:00;3;12;Perturbed;135.94;28.33;592139.978922377;3134120.36324419;100138.625;-11.6940676338107;2.89166690831368;-0.504883996855069;-0.448269893453255;20220811060000_20220811103000_12;08_02_12
2022-08-11 06:00:00;2022-08-11 12:00:00;6;12;Perturbed;136.06;28.38;603865.989943595;3139747.18137947;99981.078125;-11.4782753669738;2.93399570172575;-0.438317620770739;-0.432501478341111;20220811060000_20220811133000_12;08_03_12
2022-08-11 06:00:00;2022-08-11 15:00:00;9;12;Perturbed;135.91;28.7;588887.003564434;3175092.45427295;99717.328125;-11.7539317193198;3.1998871377795;-0.523350530843313;-0.333451016457055;20220811060000_20220811163000_12;08_04_12
2022-08-11 06:00:00;2022-08-11 18:00:00;12;12;Perturbed;135.81;28.9;578973.346285705;3197176.87442177;99525.1015625;-11.9363714742331;3.36602132510011;-0.579628512980022;-0.271562344023422;20220811060000_20220811193000_12;08_05_12
2022-08-11 06:00:00;2022-08-11 21:00:00;15;12;Perturbed;135.97;29.02;594470.187463457;3210582.05703892;99471.90625;-11.6511851068907;3.46686432233422;-0.491655837865641;-0.233996089156184;20220811060000_20220811223000_12;08_06_12
2022-08-11 06:00:00;2022-08-12 00:00:00;18;12;Perturbed;135.96;29.36;593183.669821775;3248247.75608733;99398.453125;-11.6748607249437;3.75021159878986;-0.498959158408351;-0.128442939257643;20220811060000_20220812013000_12;08_07_12
2022-08-11 06:00:00;2022-08-12 03:00:00;21;12;Perturbed;135.93;29.58;590077.704424029;3272610.06633875;99014.6171875;-11.7320194051363;3.93348164109109;-0.516591144289755;-0.0601707804816174;20220811060000_20220812043000_12;08_08_12
2022-08-11 06:00:00;2022-08-12 06:00:00;24;12;Perturbed;135.9;29.73;587033.894121594;3289209.42718381;98713.109375;-11.7880342531349;4.05835344236333;-0.533870287295381;-0.0136532627462643;20220811060000_20220812073000_12;08_09_12
2022-08-11 06:00:00;2022-08-12 09:00:00;27;12;Perturbed;135.8;29.8;577314.644748142;3296891.71879907;98553.4140625;-11.9668963444681;4.11614492005034;-0.589044652037139;0.00787534548127967;20220811060000_20220812103000_12;08_10_12
2022-08-11 06:00:00;2022-08-12 12:00:00;30;12;Perturbed;135.64;29.84;561819.188190622;3301227.6171239;98353.5;-12.2520572308232;4.14876252737925;-0.677009466920887;0.0200261282196459;20220811060000_20220812133000_12;08_11_12
2022-08-11 06:00:00;2022-08-12 15:00:00;33;12;Perturbed;135.67;30.19;564491.728360567;3340025.90306957;98173.84375;-12.2028748191367;4.44062990092045;-0.66183795516543;0.12875320340193;20220811060000_20220812163000_12;08_12_12
2022-08-11 06:00:00;2022-08-12 18:00:00;36;12;Perturbed;135.45;30.59;543135.099826904;3384258.70196906;97905.484375;-12.5958980966122;4.77337941612451;-0.783075549458378;0.252709783808661;20220811060000_20220812193000_12;08_13_12
2022-08-11 06:00:00;2022-08-12 21:00:00;39;12;Perturbed;135.43;30.88;541098.483959074;3416388.55634241;98021.6484375;-12.6333776754732;5.01508226406324;-0.794637037636407;0.342749459709253;20220811060000_20220812223000_12;08_14_12
2022-08-11 06:00:00;2022-08-11 06:00:00;0;13;Perturbed;135.94;28.57;591932.421053949;3160698.39886088;100256.4140625;-11.6980089378533;3.09163262944716;-0.506062264136584;-0.373788456805791;20220811060000_20220811073000_13;08_01_13
2022-08-11 06:00:00;2022-08-11 09:00:00;3;13;Perturbed;135.8;28.57;578244.017623448;3160604.36810067;100142.21875;-11.9499148588269;3.09092526544011;-0.58376877567746;-0.374051965599675;20220811060000_20220811103000_13;08_02_13
2022-08-11 06:00:00;2022-08-11 12:00:00;6;13;Perturbed;135.78;28.41;576404.254684437;3142866.60912967;100174.234375;-11.9837717786552;2.95748965102603;-0.594212766518219;-0.423759693820096;20220811060000_20220811133000_13;08_03_13
2022-08-11 06:00:00;2022-08-11 15:00:00;9;13;Perturbed;135.81;28.41;579347.244232473;3142896.22680297;99851.0625;-11.9296123219825;2.95771245552128;-0.577505964118638;-0.423676694200055;20220811060000_20220811163000_13;08_04_13
2022-08-11 06:00:00;2022-08-11 18:00:00;12;13;Perturbed;136.05;28.57;602699.862005748;3160801.35627528;99504.015625;-11.4998571122396;3.09240714588252;-0.444937511433704;-0.373499932241788;20220811060000_20220811193000_13;08_05_13
2022-08-11 06:00:00;2022-08-11 21:00:00;15;13;Perturbed;136.03;29.12;600208.375419158;3221712.46819689;99415.3046875;-11.545707618208;3.55062239489967;-0.459081215787379;-0.202804581044801;20220811060000_20220811223000_13;08_06_13
2022-08-11 06:00:00;2022-08-12 00:00:00;18;13;Perturbed;135.94;29.42;591177.475945597;3254884.36083783;99253.3671875;-11.7119020952087;3.80016417089622;-0.510347946617583;-0.109844730443113;20220811060000_20220812013000_13;08_07_13
2022-08-11 06:00:00;2022-08-12 03:00:00;21;13;Perturbed;135.8;29.77;577336.102774095;3293577.01198449;99090.59375;-11.9666230985754;4.09123688687485;-0.58892283882862;-0.00141368284178359;20220811060000_20220812043000_13;08_08_13
2022-08-11 06:00:00;2022-08-12 06:00:00;24;13;Perturbed;135.69;29.99;566561.791643436;3317873.7158663;98829.4921875;-12.1649013552037;4.27401339297159;-0.650086592254677;0.0666746227431188;20220811060000_20220812073000_13;08_09_13
2022-08-11 06:00:00;2022-08-12 09:00:00;27;13;Perturbed;135.76;30.17;573184.037544676;3337868.54602415;98523.46875;-12.0430330189047;4.4244282481728;-0.61249333821567;0.122707495042513;20220811060000_20220812103000_13;08_10_13
2022-08-11 06:00:00;2022-08-12 12:00:00;30;13;Perturbed;135.69;30.43;566265.853966327;3366645.79200667;98494.6796875;-12.170347458066;4.64091047149648;-0.651766575215319;0.203351928455418;20220811060000_20220812133000_13;08_11_13
2022-08-11 06:00:00;2022-08-12 15:00:00;33;13;Perturbed;135.56;30.87;553525.066037419;3415331.83001699;98206.2109375;-12.4048145333137;5.00716031207184;-0.724093650411797;0.339788123664866;20220811060000_20220812163000_13;08_12_13
2022-08-11 06:00:00;2022-08-12 18:00:00;36;13;Perturbed;135.58;31.29;555203.484285304;3461888.2119504;97911.0546875;-12.3739268190044;5.35738941589139;-0.714565583270008;0.470256238822787;20220811060000_20220812193000_13;08_13_13
2022-08-11 06:00:00;2022-08-12 21:00:00;39;13;Perturbed;135.63;31.62;559744.105046444;3498481.93796701;97717.3046875;-12.2903663613926;5.63267257441828;-0.688789326647411;0.572805325794801;20220811060000_20220812223000_13;08_14_13
2022-08-11 06:00:00;2022-08-11 06:00:00;0;14;Perturbed;135.94;28.57;591937.156660234;3160698.25310455;100257.0234375;-11.6977485625581;3.09151591812877;-0.506035380983535;-0.37378886526866;20220811060000_20220811073000_14;08_01_14
2022-08-11 06:00:00;2022-08-11 09:00:00;3;14;Perturbed;135.79;28.62;577226.212127132;3166132.8581253;100157.2578125;-11.9684721754189;3.1323987523824;-0.589546667521997;-0.358559102038779;20220811060000_20220811103000_14;08_02_14
2022-08-11 06:00:00;2022-08-11 12:00:00;6;14;Perturbed;135.83;28.62;581130.680911476;3166170.38183941;100144.4921875;-11.8966187405003;3.13268103155057;-0.567381726943501;-0.358453946782926;20220811060000_20220811133000_14;08_03_14
2022-08-11 06:00:00;2022-08-11 15:00:00;9;14;Perturbed;135.89;29.15;586555.639021023;3224925.04460513;99945.7734375;-11.7967839368458;3.5746739878565;-0.536585252242222;-0.193801759704773;20220811060000_20220811163000_14;08_04_14
2022-08-11 06:00:00;2022-08-11 18:00:00;12;14;Perturbed;135.57;29.61;555181.135358555;3275699.66059953;99724.9375;-12.3741648768735;3.95663554753985;-0.714692453956074;-0.0515126003768234;20220811060000_20220811193000_14;08_05_14
2022-08-11 06:00:00;2022-08-11 21:00:00;15;14;Perturbed;135.48;29.82;546381.696189231;3298938.64884644;99776.0859375;-12.53609981978;4.13145518964666;-0.764645227837698;0.0136115967544617;20220811060000_20220811223000_14;08_06_14
2022-08-11 06:00:00;2022-08-12 00:00:00;18;14;Perturbed;135.81;29.81;578274.503248921;3298006.60157017;99682.828125;-11.9491806092532;4.12444368942416;-0.583595714471335;0.010999657288317;20220811060000_20220812013000_14;08_07_14
2022-08-11 06:00:00;2022-08-12 03:00:00;21;14;Perturbed;135.7;30.29;567308.621072206;3351128.99225248;99448.4921875;-12.1509843231076;4.52406682397157;-0.645846980972001;0.159868145284574;20220811060000_20220812043000_14;08_08_14
2022-08-11 06:00:00;2022-08-12 06:00:00;24;14;Perturbed;135.78;30.38;574932.993758931;3361145.7393163;99225.359375;-12.0106739769634;4.59941968004976;-0.602564840203649;0.187938756770227;20220811060000_20220812073000_14;08_09_14
2022-08-11 06:00:00;2022-08-12 09:00:00;27;14;Perturbed;135.74;30.63;570916.5708305;3388825.33085408;98934.25;-12.0845876895408;4.80764459220535;-0.625365323563579;0.265507158486666;20220811060000_20220812103000_14;08_10_14
2022-08-11 06:00:00;2022-08-12 12:00:00;30;14;Perturbed;135.58;31;555367.215530243;3429747.11955107;99028.140625;-12.3707404674994;5.11548641295806;-0.713636111550458;0.380185069837746;20220811060000_20220812133000_14;08_11_14
2022-08-11 06:00:00;2022-08-12 15:00:00;33;14;Perturbed;135.62;31.37;558951.996739703;3470774.61742385;98817.046875;-12.3047702017454;5.42412345078655;-0.693285977669706;0.495159217200879;20220811060000_20220812163000_14;08_12_14
2022-08-11 06:00:00;2022-08-12 18:00:00;36;14;Perturbed;135.68;31.81;564369.427080126;3519577.05403523;98575.359375;-12.2050739306542;5.79124892164166;-0.662532236708806;0.631921604125777;20220811060000_20220812193000_14;08_13_14
2022-08-11 06:00:00;2022-08-12 21:00:00;39;14;Perturbed;135.92;32.24;586672.888043151;3567403.59758276;98343.46875;-11.79462621823;6.15103305412418;-0.535919651426364;0.765949179552252;20220811060000_20220812223000_14;08_14_14
2022-08-11 06:00:00;2022-08-11 06:00:00;0;15;Perturbed;135.94;28.57;591930.863898353;3160711.20188105;100256.6640625;-11.6977711539861;3.09159141158207;-0.506071103818284;-0.373752578031673;20220811060000_20220811073000_15;08_01_15
2022-08-11 06:00:00;2022-08-11 09:00:00;3;15;Perturbed;135.69;28.7;567392.691158684;3174951.72577057;100180.7421875;-12.1493439787043;3.19871842000981;-0.645369730781478;-0.333845389509515;20220811060000_20220811103000_15;08_02_15
2022-08-11 06:00:00;2022-08-11 12:00:00;6;15;Perturbed;135.54;28.72;552746.625817796;3177085.49347123;100219.2578125;-12.4188736281676;3.21477008722547;-0.728512710254467;-0.327865787175127;20220811060000_20220811133000_15;08_03_15
2022-08-11 06:00:00;2022-08-11 15:00:00;9;15;Perturbed;135.54;28.98;552605.040607961;3205888.01163316;100127.2578125;-12.4214792025036;3.43144242525264;-0.729316463065957;-0.247150531815226;20220811060000_20220811163000_15;08_04_15
2022-08-11 06:00:00;2022-08-11 18:00:00;12;15;Perturbed;135.53;29.22;551522.03636621;3232471.58150754;99984.2578125;-12.4414095897341;3.63142230914364;-0.735464476019969;-0.172653586141058;20220811060000_20220811193000_15;08_05_15
2022-08-11 06:00:00;2022-08-11 21:00:00;15;15;Perturbed;135.55;29.5;553301.364326603;3263508.04667275;99970.2734375;-12.4086648470143;3.86489993195561;-0.725363563273549;-0.0856779891743265;20220811060000_20220811223000_15;08_06_15
2022-08-11 06:00:00;2022-08-12 00:00:00;18;15;Perturbed;135.69;29.79;566683.72765785;3295722.59047969;99903.609375;-12.1623909424734;4.10723987202216;-0.649394384258366;0.00459901768532075;20220811060000_20220812013000_15;08_07_15
2022-08-11 06:00:00;2022-08-12 03:00:00;21;15;Perturbed;135.88;29.99;584889.889310287;3318004.18082802;99787.90625;-11.8273453002452;4.27485730910162;-0.546041402463007;0.0670402335776081;20220811060000_20220812043000_15;08_08_15
2022-08-11 06:00:00;2022-08-12 06:00:00;24;15;Perturbed;135.57;30.37;554766.489572797;3359931.32359936;99582.5078125;-12.381702336276;4.59026209419687;-0.717046320694437;0.184535517020322;20220811060000_20220812073000_15;08_09_15
2022-08-11 06:00:00;2022-08-12 09:00:00;27;15;Perturbed;135.7;30.39;567258.183955362;3362216.06092473;99389.2578125;-12.1518192974004;4.60744945869338;-0.646133303071;0.190938191800734;20220811060000_20220812103000_15;08_10_15
2022-08-11 06:00:00;2022-08-12 12:00:00;30;15;Perturbed;135.68;30.61;565175.49981108;3386575.12793714;99436.3984375;-12.1901466648049;4.7906951031216;-0.657956312256499;0.259201261827508;20220811060000_20220812133000_15;08_11_15
2022-08-11 06:00:00;2022-08-12 15:00:00;33;15;Perturbed;135.33;31.3;531395.133357101;3462892.55950239;99310.3515625;-12.8118023871554;5.3648072774984;-0.849721148019744;0.473070790268377;20220811060000_20220812163000_15;08_12_15
2022-08-11 06:00:00;2022-08-12 18:00:00;36;15;Perturbed;135.41;31.6;538893.289906055;3496175.05343599;99149.4375;-12.6738147802984;5.61518107243622;-0.807155512709178;0.566340586393892;20220811060000_20220812193000_15;08_13_15
2022-08-11 06:00:00;2022-08-12 21:00:00;39;15;Perturbed;135.21;31.93;519847.607906866;3532699.35617043;99167.65625;-13.0243100070744;5.88994198131893;-0.915274294829242;0.668695123781152;20220811060000_20220812223000_15;08_14_15
2022-08-11 06:00:00;2022-08-11 06:00:00;0;16;Perturbed;135.94;28.57;591934.374873129;3160709.77290286;100256.9453125;-11.697736915622;3.09171048148473;-0.506051172669751;-0.373756582554451;20220811060000_20220811073000_16;08_01_16
2022-08-11 06:00:00;2022-08-11 09:00:00;3;16;Perturbed;136.05;28.33;602930.239439255;3134207.17770412;100107.546875;-11.4953814397264;2.89233974475908;-0.443629701740161;-0.448026607388376;20220811060000_20220811103000_16;08_02_16
2022-08-11 06:00:00;2022-08-11 12:00:00;6;16;Perturbed;136.19;28.5;616467.144640423;3153177.16407209;99679.1640625;-11.2462635211067;3.03504502058198;-0.366783217372346;-0.394865724535826;20220811060000_20220811133000_16;08_03_16
2022-08-11 06:00:00;2022-08-11 15:00:00;9;16;Perturbed;136.08;28.91;605283.69358104;3198490.38375893;99547.4140625;-11.4520711270178;3.37592220353823;-0.430269581813969;-0.267881407482732;20220811060000_20220811163000_16;08_04_16
2022-08-11 06:00:00;2022-08-11 18:00:00;12;16;Perturbed;135.97;29.2;594290.435480685;3230540.16488425;99312.0703125;-11.6543786364604;3.61702268546976;-0.492676256323838;-0.178066126290452;20220811060000_20220811193000_16;08_05_16
2022-08-11 06:00:00;2022-08-11 21:00:00;15;16;Perturbed;136.04;29.5;600815.100356327;3263827.41475807;99165.9453125;-11.5343060711764;3.86743225785874;-0.455636951555126;-0.0847830022702301;20220811060000_20220811223000_16;08_06_16
2022-08-11 06:00:00;2022-08-12 00:00:00;18;16;Perturbed;136.03;29.79;599543.213643469;3295962.78208333;98843.3984375;-11.5577124381354;4.10917657801094;-0.462857215045548;0.00527212295043358;20220811060000_20220812013000_16;08_07_16
2022-08-11 06:00:00;2022-08-12 03:00:00;21;16;Perturbed;135.92;30.03;588715.409261503;3322458.96616824;98475.4453125;-11.7569751241608;4.30849908593192;-0.524324639675567;0.0795241814840881;20220811060000_20220812043000_16;08_08_16
2022-08-11 06:00:00;2022-08-12 06:00:00;24;16;Perturbed;135.83;30.29;579815.068675022;3351218.57901649;98059.7109375;-11.9207669428194;4.52484866070016;-0.574850212070662;0.160119200365708;20220811060000_20220812073000_16;08_09_16
2022-08-11 06:00:00;2022-08-12 09:00:00;27;16;Perturbed;135.81;30.52;577723.003758136;3376690.3459997;97839.3671875;-11.959266943371;4.71646479908454;-0.586726474151454;0.231500465189806;20220811060000_20220812103000_16;08_10_16
2022-08-11 06:00:00;2022-08-12 12:00:00;30;16;Perturbed;135.8;30.88;576467.880250991;3416574.69867609;97638.1484375;-11.9823648192196;5.01650231304458;-0.593851576051642;0.343271099029543;20220811060000_20220812133000_16;08_11_16
2022-08-11 06:00:00;2022-08-12 15:00:00;33;16;Perturbed;135.75;31.27;571393.777555648;3459766.80150477;97268.1015625;-12.0757428759867;5.34142299711761;-0.622656310048355;0.464311266064521;20220811060000_20220812163000_16;08_12_16
2022-08-11 06:00:00;2022-08-12 18:00:00;36;16;Perturbed;135.83;31.72;578636.814255635;3509702.65173541;96558.1328125;-11.9424502067708;5.71707478422938;-0.581538942506105;0.604249895052443;20220811060000_20220812193000_16;08_13_16
2022-08-11 06:00:00;2022-08-12 21:00:00;39;16;Perturbed;135.99;32.2;593317.382831549;3563038.18807638;96271.15625;-11.6722855987282;6.11830134691949;-0.498200094607384;0.753715695622918;20220811060000_20220812223000_16;08_14_16
2022-08-11 06:00:00;2022-08-11 06:00:00;0;17;Perturbed;135.94;28.57;591933.433122447;3160700.07139687;100256.6953125;-11.6976840833552;3.09153438837591;-0.506056518812609;-0.373783769744418;20220811060000_20220811073000_17;08_01_17
2022-08-11 06:00:00;2022-08-11 09:00:00;3;17;Perturbed;135.81;28.2;579489.281922035;3119617.08588782;99964.3046875;-11.9266921911882;2.7824799344098;-0.576699642664185;-0.488913413884138;20220811060000_20220811103000_17;08_02_17
2022-08-11 06:00:00;2022-08-11 12:00:00;6;17;Perturbed;136.02;28.01;600277.625284786;3098729.96133381;99796.8359375;-11.5441269923397;2.625352627473;-0.458688097224648;-0.547446823450371;20220811060000_20220811133000_17;08_03_17
2022-08-11 06:00:00;2022-08-11 15:00:00;9;17;Perturbed;136.16;28.31;613724.647063231;3132079.98642897;99416.9375;-11.2966631867433;2.87623443822335;-0.382351864272252;-0.45398778015833;20220811060000_20220811163000_17;08_04_17
2022-08-11 06:00:00;2022-08-11 18:00:00;12;17;Perturbed;136.02;28.57;599756.023018738;3160769.39028768;99236.75;-11.5537259714958;3.09205585271647;-0.461649135939807;-0.373589512702687;20220811060000_20220811193000_17;08_05_17
2022-08-11 06:00:00;2022-08-11 21:00:00;15;17;Perturbed;136.18;28.69;615270.094027126;3174217.4778022;99035.7890625;-11.2682225258048;3.1932216100778;-0.37357865029259;-0.335903022523803;20220811060000_20220811223000_17;08_06_17
2022-08-11 06:00:00;2022-08-12 00:00:00;18;17;Perturbed;136.3;28.97;626669.62218107;3205351.619579;98726.4609375;-11.058438481021;3.42743402349677;-0.308865656512676;-0.248653699745919;20220811060000_20220812013000_17;08_07_17
2022-08-11 06:00:00;2022-08-12 03:00:00;21;17;Perturbed;136.21;29.27;617544.727640325;3238502.68373092;98315.671875;-11.2263627371071;3.67681911328309;-0.360665979796522;-0.155752218235481;20220811060000_20220812043000_17;08_08_17
2022-08-11 06:00:00;2022-08-12 06:00:00;24;17;Perturbed;136.21;29.49;617306.313275662;3262893.20888971;97780.890625;-11.2307502458774;3.8603014075101;-0.362019413648269;-0.0874009909057758;20220811060000_20220812073000_17;08_09_17
2022-08-11 06:00:00;2022-08-12 09:00:00;27;17;Perturbed;136.19;29.71;615100.680842383;3287240.98526564;97433.8203125;-11.2713402147701;4.04346211601052;-0.374540377323959;-0.0191695613974186;20220811060000_20220812103000_17;08_10_17
2022-08-11 06:00:00;2022-08-12 12:00:00;30;17;Perturbed;136.09;30.07;605063.300478771;3327037.35825933;97385.890625;-11.4560568296401;4.34283778632752;-0.431520712322506;0.0923545209944377;20220811060000_20220812133000_17;08_11_17
2022-08-11 06:00:00;2022-08-12 15:00:00;33;17;Perturbed;135.98;30.38;594154.274632425;3361293.10238246;97033.890625;-11.6568142237877;4.60053303812077;-0.493449216047042;0.188351722311928;20220811060000_20220812163000_17;08_12_17
2022-08-11 06:00:00;2022-08-12 18:00:00;36;17;Perturbed;136.02;30.7;597682.423685384;3396803.99311043;96503.40625;-11.5918861522979;4.86767036535724;-0.473420572349214;0.287866306316415;20220811060000_20220812193000_17;08_13_17
2022-08-11 06:00:00;2022-08-12 21:00:00;39;17;Perturbed;136.06;31.06;601138.881798215;3436731.41888253;96311.6875;-11.5282773999229;5.16803190474801;-0.453798904738451;0.399757646821444;20220811060000_20220812223000_17;08_14_17
2022-08-11 06:00:00;2022-08-11 06:00:00;0;18;Perturbed;135.94;28.57;591925.23680542;3160715.34556983;100256.84375;-11.6980891094893;3.09167097196842;-0.506103047774654;-0.373740965890837;20220811060000_20220811073000_18;08_01_18
2022-08-11 06:00:00;2022-08-11 09:00:00;3;18;Perturbed;135.9;28.89;587752.106058921;3196128.49283921;100261.0703125;-11.7748866958095;3.35807300572878;-0.529793132170606;-0.274500295027406;20220811060000_20220811103000_18;08_02_18
2022-08-11 06:00:00;2022-08-11 12:00:00;6;18;Perturbed;135.83;28.89;580931.222651736;3196077.23941849;100289.75;-11.9004105324836;3.35768744227084;-0.568514014258168;-0.274643925973785;20220811060000_20220811133000_18;08_03_18
2022-08-11 06:00:00;2022-08-11 15:00:00;9;18;Perturbed;135.9;29.35;587366.060212839;3247109.92457747;100054.4609375;-11.7819910476712;3.74159037558513;-0.531984642389176;-0.131631561875917;20220811060000_20220811163000_18;08_04_18
2022-08-11 06:00:00;2022-08-11 18:00:00;12;18;Perturbed;135.82;29.79;579255.388548915;3295791.43189916;99810.3046875;-11.931250691105;4.10780613320656;-0.578027411690717;0.00479193667666111;20220811060000_20220811193000_18;08_05_18
2022-08-11 06:00:00;2022-08-11 21:00:00;15;18;Perturbed;135.78;30.16;575106.844122447;3336774.20829307;99837.390625;-12.0075958185521;4.41610674533332;-0.601577924136517;0.119640757998304;20220811060000_20220811223000_18;08_06_18
2022-08-11 06:00:00;2022-08-12 00:00:00;18;18;Perturbed;135.77;30.44;573928.550103999;3367801.39255623;99773.4296875;-12.0292798112399;4.64951455082108;-0.608266879368435;0.206590346462044;20220811060000_20220812013000_18;08_07_18
2022-08-11 06:00:00;2022-08-12 03:00:00;21;18;Perturbed;135.75;30.67;571855.869811312;3393260.53861342;99486.2578125;-12.0674230790552;4.8410357459254;-0.620033098555504;0.277936242806874;20220811060000_20220812043000_18;08_08_18
2022-08-11 06:00:00;2022-08-12 06:00:00;24;18;Perturbed;135.69;30.91;565925.590897987;3419839.60934191;99212.9921875;-12.1765572362179;5.04098178414868;-0.653698185149317;0.352420580218551;20220811060000_20220812073000_18;08_09_18
2022-08-11 06:00:00;2022-08-12 09:00:00;27;18;Perturbed;135.69;31.19;565748.105433199;3450870.01888425;98926.671875;-12.1798234783106;5.27441385240331;-0.654705737007931;0.439379207101508;20220811060000_20220812103000_18;08_10_18
2022-08-11 06:00:00;2022-08-12 12:00:00;30;18;Perturbed;135.69;31.5;565518.785268407;3485219.18209972;98600.8046875;-12.184043627695;5.53281186681753;-0.656007544784305;0.535638203094431;20220811060000_20220812133000_18;08_11_18
2022-08-11 06:00:00;2022-08-12 15:00:00;33;18;Perturbed;135.59;32.03;555701.390554303;3543909.59357176;98654.9921875;-12.3647118750602;5.97432148073152;-0.711739062307599;0.700110334402909;20220811060000_20220812163000_18;08_12_18
2022-08-11 06:00:00;2022-08-12 18:00:00;36;18;Perturbed;135.64;32.43;560169.328122853;3588280.83805861;98477.9609375;-12.2824889968574;6.30811247879944;-0.686375414604109;0.824454890294071;20220811060000_20220812193000_18;08_13_18
2022-08-11 06:00:00;2022-08-12 21:00:00;39;18;Perturbed;135.89;32.77;583366.184707607;3626149.78372067;98354.296875;-11.855600240156;6.59298871597749;-0.554691189115937;0.930577611999831;20220811060000_20220812223000_18;08_14_18
2022-08-11 06:00:00;2022-08-11 06:00:00;0;19;Perturbed;135.94;28.57;591944.262584158;3160701.02861738;100256.6484375;-11.6976590478034;3.09160387382008;-0.505995041979634;-0.373781087260304;20220811060000_20220811073000_19;08_01_19
2022-08-11 06:00:00;2022-08-11 09:00:00;3;19;Perturbed;135.56;28.6;554761.520448252;3163808.43890313;100222.5703125;-12.3819282505357;3.11497994976035;-0.717074529487065;-0.365072980097151;20220811060000_20220811103000_19;08_02_19
2022-08-11 06:00:00;2022-08-11 12:00:00;6;19;Perturbed;135.32;28.53;531306.453957721;3155958.83526031;100230.359375;-12.8135688107947;3.05592983600588;-0.85022456441935;-0.38707045819759;20220811060000_20220811133000_19;08_03_19
2022-08-11 06:00:00;2022-08-11 15:00:00;9;19;Perturbed;135.53;28.46;551893.877780162;3148269.03095803;99987.5703125;-12.4347011083052;2.9980818427235;-0.733353601711556;-0.408620119738878;20220811060000_20220811163000_19;08_04_19
2022-08-11 06:00:00;2022-08-11 18:00:00;12;19;Perturbed;135.31;28.86;530227.393411673;3192517.55632079;99679.5546875;-12.8334266227024;3.33094966319335;-0.856350189748888;-0.284619467994634;20220811060000_20220811193000_19;08_05_19
2022-08-11 06:00:00;2022-08-11 21:00:00;15;19;Perturbed;135.29;29.02;528243.935110383;3210232.49559536;99569.359375;-12.8699279497297;3.4642136121665;-0.86760991234273;-0.234975688961395;20220811060000_20220811223000_19;08_06_19
2022-08-11 06:00:00;2022-08-12 00:00:00;18;19;Perturbed;135.2;29.32;519426.33831397;3243448.36915975;99366.6484375;-13.0321970451031;3.71408624289792;-0.917665763684496;-0.14189258762703;20220811060000_20220812013000_19;08_07_19
2022-08-11 06:00:00;2022-08-12 03:00:00;21;19;Perturbed;135.06;29.59;505814.039210687;3273360.94605075;99078.9609375;-13.282702427969;3.93910920564563;-0.994940245163477;-0.0580665392011106;20220811060000_20220812043000_19;08_08_19
2022-08-11 06:00:00;2022-08-12 06:00:00;24;19;Perturbed;134.83;29.72;483553.557337132;3287781.11686172;98795.5703125;-13.6923592017588;4.04758764169061;-1.12130884617639;-0.0176559138940841;20220811060000_20220812073000_19;08_09_19
2022-08-11 06:00:00;2022-08-12 09:00:00;27;19;Perturbed;134.7;29.9;471036.302179749;3307752.04249308;98559.390625;-13.9227126322732;4.19782267061363;-1.19236696754794;0.0383099691251097;20220811060000_20220812103000_19;08_10_19
2022-08-11 06:00:00;2022-08-12 12:00:00;30;19;Perturbed;134.59;30.02;460459.819647934;3321065.15625742;98361.5;-14.1173502747393;4.29797306265663;-1.25240768494008;0.0756182131850007;20220811060000_20220812133000_19;08_11_19
2022-08-11 06:00:00;2022-08-12 15:00:00;33;19;Perturbed;134.3;30.4;432761.61740308;3363308.09886854;98329.015625;-14.627076714439;4.61575351120074;-1.40964520963236;0.193998483994676;20220811060000_20220812163000_19;08_12_19
2022-08-11 06:00:00;2022-08-12 18:00:00;36;19;Perturbed;134.29;30.61;431941.535570116;3386605.00450153;98104.421875;-14.6421685745274;4.7910088476932;-1.41430066114219;0.25928498695566;20220811060000_20220812193000_19;08_13_19
2022-08-11 06:00:00;2022-08-12 21:00:00;39;19;Perturbed;134.29;30.99;432209.440160101;3428714.26451788;97975.0078125;-14.637238360948;5.10778364387742;-1.4127798167852;0.377290629938954;20220811060000_20220812223000_19;08_14_19
2022-08-11 06:00:00;2022-08-11 06:00:00;0;20;Perturbed;135.94;28.57;591941.247327564;3160714.38678477;100256.828125;-11.6976493163396;3.09175285611842;-0.506012159028566;-0.373743652759415;20220811060000_20220811073000_20;08_01_20
2022-08-11 06:00:00;2022-08-11 09:00:00;3;20;Perturbed;136.08;28.52;605672.92376507;3155284.41904649;99958.0703125;-11.4449470478053;3.05090490669091;-0.428059994703178;-0.388960420617231;20220811060000_20220811103000_20;08_02_20
2022-08-11 06:00:00;2022-08-11 12:00:00;6;20;Perturbed;136.32;28.53;629153.181199294;3156618.99413679;99862.8828125;-11.012842901862;3.06094449779409;-0.294766955485059;-0.385220450083933;20220811060000_20220811133000_20;08_03_20
2022-08-11 06:00:00;2022-08-11 15:00:00;9;20;Perturbed;136.39;29.07;635298.943301941;3216546.49877693;99670.734375;-10.899743235388;3.51176037679164;-0.25987861104215;-0.217281528462002;20220811060000_20220811163000_20;08_04_20
2022-08-11 06:00:00;2022-08-11 18:00:00;12;20;Perturbed;136.32;29.41;628070.033320591;3254141.35219391;99539.453125;-11.0327759324247;3.79457470371434;-0.300915783839237;-0.111926914094285;20220811060000_20220811193000_20;08_05_20
2022-08-11 06:00:00;2022-08-11 21:00:00;15;20;Perturbed;136.54;29.68;649021.23528324;3284316.47944736;99517.0546875;-10.6472136677895;4.02157275074327;-0.181979720523181;-0.0273651029329485;20220811060000_20220811223000_20;08_06_20
2022-08-11 06:00:00;2022-08-12 00:00:00;18;20;Perturbed;136.59;29.94;653462.696935936;3313201.59120418;99274.734375;-10.5654780224477;4.23886641455909;-0.156766371652666;0.0535816100747056;20220811060000_20220812013000_20;08_07_20
2022-08-11 06:00:00;2022-08-12 03:00:00;21;20;Perturbed;136.71;30.27;664494.420363295;3349933.29337792;98750.0703125;-10.3624626405587;4.51518752457303;-0.0941413366603675;0.156517357014905;20220811060000_20220812043000_20;08_08_20
2022-08-11 06:00:00;2022-08-12 06:00:00;24;20;Perturbed;136.71;30.63;663881.782260664;3389850.11919195;98644.6484375;-10.3737369404616;4.81546932379371;-0.0976191688293429;0.268378992536597;20220811060000_20220812073000_20;08_09_20
2022-08-11 06:00:00;2022-08-12 09:00:00;27;20;Perturbed;136.8;30.91;672012.559287179;3421006.6643826;98520.765625;-10.2241073006358;5.04985027108985;-0.0514622651367321;0.355691097924645;20220811060000_20220812103000_20;08_10_20
2022-08-11 06:00:00;2022-08-12 12:00:00;30;20;Perturbed;136.94;31.23;684776.969951534;3456719.88710365;98264.125;-9.98920549923772;5.31850967864411;0.0209989119200459;0.455772690632907;20220811060000_20220812133000_20;08_11_20
2022-08-11 06:00:00;2022-08-12 15:00:00;33;20;Perturbed;137.19;31.71;707518.783145012;3510376.5080189;97947.9140625;-9.57069084731372;5.72215166018835;0.150099941002934;0.606138288341249;20220811060000_20220812163000_20;08_12_20
2022-08-11 06:00:00;2022-08-12 18:00:00;36;20;Perturbed;137.43;32.28;728864.368456244;3574067.75015537;97702.515625;-9.1778707968348;6.20128095950788;0.271274844983189;0.784624587502046;20220811060000_20220812193000_20;08_13_20
2022-08-11 06:00:00;2022-08-12 21:00:00;39;20;Perturbed;137.79;32.76;761369.494124498;3628120.40367364;97438.734375;-8.57968316601316;6.6079021704913;0.455800376810338;0.936100014306012;20220811060000_20220812223000_20;08_14_20
2022-08-11 12:00:00;2022-08-11 12:00:00;0;0;Unperturbed;136.06;28.5;603748.935802968;3153053.10740181;100122.578125;-10.2690640788462;2.52490283478137;-0.438982115280694;-0.395213376979432;20220811120000_20220811133000_00;09_01_00
2022-08-11 12:00:00;2022-08-11 15:00:00;3;0;Unperturbed;136.07;29.07;604148.735383832;3216214.58641636;99893.078125;-10.2624828649733;2.92032143276005;-0.436712527676689;-0.218211669041728;20220811120000_20220811163000_00;09_02_00
2022-08-11 12:00:00;2022-08-11 18:00:00;6;0;Unperturbed;135.94;29.3;591301.822768123;3241586.33802603;99670.875;-10.473959523721;3.07915974063831;-0.509642052913561;-0.147110684100442;20220811120000_20220811193000_00;09_03_00
2022-08-11 12:00:00;2022-08-11 21:00:00;9;0;Unperturbed;135.94;29.58;591033.568805987;3272606.84824477;99602.6171875;-10.4783753279928;3.27336175823913;-0.511164880591049;-0.0601797987652334;20220811120000_20220811223000_00;09_04_00
2022-08-11 12:00:00;2022-08-12 00:00:00;12;0;Unperturbed;136.06;29.74;602505.199058724;3290440.97492669;99515.765625;-10.2895375808386;3.38501122368494;-0.446042576653054;-0.0102020127550124;20220811120000_20220812013000_00;09_05_00
2022-08-11 12:00:00;2022-08-12 03:00:00;15;0;Unperturbed;136.14;30.05;609905.185290882;3324880.99313841;99173.5390625;-10.1677243164406;3.60062086310617;-0.404034235908934;0.0863115923725024;20220811120000_20220812043000_00;09_06_00
2022-08-11 12:00:00;2022-08-12 06:00:00;18;0;Unperturbed;136.17;30.42;612376.874781536;3365897.82597953;98773.6171875;-10.1270371373042;3.85740425052221;-0.390002915974063;0.201255852392157;20220811120000_20220812073000_00;09_07_00
2022-08-11 12:00:00;2022-08-12 09:00:00;21;0;Unperturbed;136.07;30.63;602535.306692805;3389078.6663811;98549.7265625;-10.2890419705664;4.0025264920303;-0.445871661233517;0.266217097862116;20220811120000_20220812103000_00;09_08_00
2022-08-11 12:00:00;2022-08-12 12:00:00;24;0;Unperturbed;136.08;30.96;603144.565160429;3425669.80879216;98425.4609375;-10.2790127947714;4.23160311367315;-0.44241301462172;0.368758944620597;20220811120000_20220812133000_00;09_09_00
2022-08-11 12:00:00;2022-08-12 15:00:00;27;0;Unperturbed;136.04;31.39;598871.375096026;3473299.86317109;98138.390625;-10.3493549839063;4.52978817231985;-0.466671117090849;0.502235885087659;20220811120000_20220812163000_00;09_10_00
2022-08-11 12:00:00;2022-08-12 18:00:00;30;0;Unperturbed;136.05;31.8;599393.394755685;3518742.72549277;97967.3125;-10.3407618707804;4.81428044811404;-0.463707708910063;0.629583508512725;20220811120000_20220812193000_00;09_11_00
2022-08-11 12:00:00;2022-08-12 21:00:00;33;0;Unperturbed;136.19;32.1;612279.404289724;3552129.71890954;97788.640625;-10.1286416266123;5.02329768984998;-0.390556237764679;0.723146150646424;20220811120000_20220812223000_00;09_12_00
2022-08-11 12:00:00;2022-08-13 00:00:00;36;0;Unperturbed;136.49;32.58;639858.755271969;3605716.50910721;97417.78125;-9.67465013693545;5.35877453080967;-0.233993409508444;0.873316056986066;20220811120000_20220813013000_00;09_13_00
2022-08-11 12:00:00;2022-08-13 03:00:00;39;0;Unperturbed;136.76;33.07;664295.671567905;3660417.24794288;97174.6875;-9.27238715259458;5.70122517946879;-0.0952695964783331;1.02660765734804;20220811120000_20220813043000_00;09_14_00
2022-08-11 12:00:00;2022-08-11 12:00:00;0;1;Perturbed;136.06;28.5;603736.987287558;3153054.73681895;100122.9140625;-10.2692059296819;2.52499631159178;-0.439049944772664;-0.395208810752978;20220811120000_20220811133000_01;09_01_01
2022-08-11 12:00:00;2022-08-11 15:00:00;3;1;Perturbed;135.95;29;592540.693573061;3208365.22089918;99968.3203125;-10.4535112842777;2.87126423327062;-0.502609214570483;-0.240208479826466;20220811120000_20220811163000_01;09_02_01
2022-08-11 12:00:00;2022-08-11 18:00:00;6;1;Perturbed;135.81;29.41;578579.511175778;3253693.5219118;99774.96875;-10.6833302527616;3.15503930495692;-0.581864241395695;-0.113181899348507;20220811120000_20220811193000_01;09_03_01
2022-08-11 12:00:00;2022-08-11 21:00:00;9;1;Perturbed;135.69;29.7;566739.902187019;3285735.77653466;99711.9375;-10.87822540187;3.3556378912587;-0.649075491940406;-0.0233877101859176;20220811120000_20220811223000_01;09_04_01
2022-08-11 12:00:00;2022-08-12 00:00:00;12;1;Perturbed;135.68;29.9;565657.239138107;3307908.28495532;99653.015625;-10.8960474242486;3.4944475317256;-0.655221568006344;0.0387478180023255;20220811120000_20220812013000_01;09_05_01
2022-08-11 12:00:00;2022-08-12 03:00:00;15;1;Perturbed;135.77;30;574260.840967186;3319037.39815453;99329.3359375;-10.7544211034014;3.5641206680523;-0.606380526155201;0.0699356887556055;20220811120000_20220812043000_01;09_06_01
2022-08-11 12:00:00;2022-08-12 06:00:00;18;1;Perturbed;135.81;30.3;577888.954180326;3352301.23568762;98898.46875;-10.6946977065959;3.7723668998686;-0.585784404576829;0.163153202781244;20220811120000_20220812073000_01;09_07_01
2022-08-11 12:00:00;2022-08-12 09:00:00;21;1;Perturbed;135.71;30.6;568056.579127033;3385494.22745016;98829.2421875;-10.8565512107041;3.98016960604717;-0.641600962689839;0.256172180886233;20220811120000_20220812103000_01;09_08_01
2022-08-11 12:00:00;2022-08-12 12:00:00;24;1;Perturbed;135.66;30.87;563085.49984146;3415388.74401354;98790.8515625;-10.9383815515128;4.16732240884996;-0.669820852017052;0.33994761762785;20220811120000_20220812133000_01;09_09_01
2022-08-11 12:00:00;2022-08-12 15:00:00;27;1;Perturbed;135.56;31.29;553302.328420158;3461869.00070987;98803.53125;-11.0994251007312;4.45830922903383;-0.725358090294367;0.470202401857;20220811120000_20220812163000_01;09_10_01
2022-08-11 12:00:00;2022-08-12 18:00:00;30;1;Perturbed;135.66;31.56;562630.711835285;3491847.25522865;98360.0546875;-10.9458679453929;4.64598626821356;-0.672402598648784;0.554212503165625;20220811120000_20220812193000_01;09_11_01
2022-08-11 12:00:00;2022-08-12 21:00:00;33;1;Perturbed;135.69;32.01;565163.68975904;3541753.40225069;98591.4375;-10.9041718800408;4.95842066642369;-0.65802335571776;0.694067892832105;20220811120000_20220812223000_01;09_12_01
2022-08-11 12:00:00;2022-08-13 00:00:00;36;1;Perturbed;135.96;32.33;590357.989060621;3577423.06848806;98086.546875;-10.4894414000286;5.18172844252406;-0.51500002071872;0.794027424244099;20220811120000_20220813013000_01;09_13_01
2022-08-11 12:00:00;2022-08-13 03:00:00;39;1;Perturbed;136.35;32.76;626446.69150961;3625484.61962404;98358.1484375;-9.89537507135139;5.48261486037527;-0.310131192327903;0.928713577417381;20220811120000_20220813043000_01;09_14_01
2022-08-11 12:00:00;2022-08-11 12:00:00;0;2;Perturbed;136.06;28.5;603739.341788331;3153048.17250998;100122.21875;-10.2694066220892;2.52492724203957;-0.439036578711205;-0.395227206362405;20220811120000_20220811133000_02;09_01_02
2022-08-11 12:00:00;2022-08-11 15:00:00;3;2;Perturbed;136.18;29.09;614845.659747244;3218525.88355281;99820.875;-10.0865823838307;2.93484646976137;-0.375988084485224;-0.211734563896518;20220811120000_20220811163000_02;09_02_02
2022-08-11 12:00:00;2022-08-11 18:00:00;6;2;Perturbed;135.96;29.24;593286.793759862;3234956.6733304;99693.8515625;-10.4414689687854;3.03771042986652;-0.498373743058358;-0.165689444327236;20220811120000_20220811193000_02;09_03_02
2022-08-11 12:00:00;2022-08-11 21:00:00;9;2;Perturbed;136.28;29.35;624248.830574197;3247437.94399233;99547.5703125;-9.93179413177343;3.11584866575229;-0.322608038660645;-0.130712330762725;20220811120000_20220811223000_02;09_04_02
2022-08-11 12:00:00;2022-08-12 00:00:00;12;2;Perturbed;136.32;29.79;627576.468566654;3296252.02005924;99440.25;-9.87701694248157;3.42144622016606;-0.303717658830915;0.00608267419993993;20220811120000_20220812013000_02;09_05_02
2022-08-11 12:00:00;2022-08-12 03:00:00;15;2;Perturbed;136.5;30.17;644428.251050093;3338568.21083583;99227.140625;-9.59961498917625;3.686364158912;-0.208053234803508;0.124668213324973;20220811120000_20220812043000_02;09_06_02
2022-08-11 12:00:00;2022-08-12 06:00:00;18;2;Perturbed;136.54;30.54;647720.673195914;3379625.5152265;99016.0859375;-9.54541749788688;3.94340091600259;-0.189362768762626;0.239725889520205;20220811120000_20220812073000_02;09_07_02
2022-08-11 12:00:00;2022-08-12 09:00:00;21;2;Perturbed;136.34;30.93;628029.971359189;3422610.6911117;98877.9609375;-9.86955170486637;4.21250699533421;-0.301143208117154;0.360186171109397;20220811120000_20220812103000_02;09_08_02
2022-08-11 12:00:00;2022-08-12 12:00:00;24;2;Perturbed;136.2;31.16;614373.42288504;3447949.71798516;98792.4140625;-10.0943560082604;4.37114043199174;-0.378668885016067;0.431195449296978;20220811120000_20220812133000_02;09_09_02
2022-08-11 12:00:00;2022-08-12 15:00:00;27;2;Perturbed;136.2;31.41;614069.208030583;3475664.85668471;98498.5546875;-10.0993637749423;4.5446493722247;-0.380395855967705;0.508863467242229;20220811120000_20220812163000_02;09_10_02
2022-08-11 12:00:00;2022-08-12 18:00:00;30;2;Perturbed;136.43;31.78;635399.191202702;3516945.56003301;97887.703125;-9.74824489468556;4.80308470490268;-0.259309522419287;0.62454718952865;20220811120000_20220812193000_02;09_11_02
2022-08-11 12:00:00;2022-08-12 21:00:00;33;2;Perturbed;136.55;32.21;646072.5061266;3564767.66414717;97738.359375;-9.57254844174108;5.10247207923662;-0.198719105609594;0.758562324029098;20220811120000_20220812223000_02;09_12_02
2022-08-11 12:00:00;2022-08-13 00:00:00;36;2;Perturbed;136.71;32.72;660263.506276001;3621544.57333514;97440.09375;-9.33894637829951;5.45792046611652;-0.118159446297623;0.917672117759226;20220811120000_20220813013000_02;09_13_02
2022-08-11 12:00:00;2022-08-13 03:00:00;39;2;Perturbed;137.02;33.16;688380.268031352;3670835.94580072;97022.2734375;-8.87610841802915;5.76650610560568;0.0414541626179212;1.05580468287842;20220811120000_20220813043000_02;09_14_02
2022-08-11 12:00:00;2022-08-11 12:00:00;0;3;Perturbed;136.06;28.5;603745.689333027;3153058.84048535;100122.046875;-10.2691019168495;2.5250099613143;-0.439000544884639;-0.395197310769543;20220811120000_20220811133000_03;09_01_03
2022-08-11 12:00:00;2022-08-11 15:00:00;3;3;Perturbed;136.16;29.02;612961.616533784;3210748.51839391;99927.8671875;-10.1173959350329;2.88617268125613;-0.386683446179782;-0.233529603180893;20220811120000_20220811163000_03;09_02_03
2022-08-11 12:00:00;2022-08-11 18:00:00;6;3;Perturbed;136.15;29.12;611883.465362707;3221823.0726034;99647.1328125;-10.1351436861156;2.9555042543459;-0.392803909157327;-0.202494626794784;20220811120000_20220811193000_03;09_03_03
2022-08-11 12:00:00;2022-08-11 21:00:00;9;3;Perturbed;136.21;29.12;617714.357927923;3221876.10213741;99560.4453125;-10.0391597159513;2.95583624251843;-0.359703020312762;-0.202346018525338;20220811120000_20220811223000_03;09_04_03
2022-08-11 12:00:00;2022-08-12 00:00:00;12;3;Perturbed;136.32;29.32;628169.376985351;3244156.43518651;99407.84375;-9.86705669294917;3.0953209125139;-0.300351828395392;-0.139908326048219;20220811120000_20220812013000_03;09_05_03
2022-08-11 12:00:00;2022-08-12 03:00:00;15;3;Perturbed;136.47;29.6;642353.620115036;3275360.64488571;99003.421875;-9.63356585871849;3.29067296953981;-0.219830527423253;-0.0524626471664363;20220811120000_20220812043000_03;09_06_03
2022-08-11 12:00:00;2022-08-12 06:00:00;18;3;Perturbed;136.46;29.78;641121.362815239;3295307.78114666;98544.109375;-9.65385039433211;3.4155508029449;-0.226825822131957;0.00343656928228747;20220811120000_20220812073000_03;09_07_03
2022-08-11 12:00:00;2022-08-12 09:00:00;21;3;Perturbed;136.66;30.02;660087.33007109;3322158.5457705;98318.234375;-9.34164624807825;3.58364838184684;-0.119159565732271;0.0786822929734141;20220811120000_20220812103000_03;09_08_03
2022-08-11 12:00:00;2022-08-12 12:00:00;24;3;Perturbed;136.57;30.4;650827.163865868;3364163.38224497;98333.8046875;-9.49408046064805;3.84661710592049;-0.171727801008939;0.196395302763979;20220811120000_20220812133000_03;09_09_03
2022-08-11 12:00:00;2022-08-12 15:00:00;27;3;Perturbed;136.44;30.71;637893.355542716;3398357.65623037;98234.3984375;-9.70698753419026;4.0606882785587;-0.24515061695919;0.292220242134262;20220811120000_20220812163000_03;09_10_03
2022-08-11 12:00:00;2022-08-12 18:00:00;30;3;Perturbed;136.53;31.02;646035.084932416;3432820.87752718;97727.0703125;-9.57296422607994;4.27644317948295;-0.198931538744877;0.388798870845046;20220811120000_20220812193000_03;09_11_03
2022-08-11 12:00:00;2022-08-12 21:00:00;33;3;Perturbed;136.62;31.47;653905.437018701;3482827.57647761;97520.5;-9.44340813644481;4.58950707692536;-0.154253018833569;0.528936044018497;20220811120000_20220812223000_03;09_12_03
2022-08-11 12:00:00;2022-08-13 00:00:00;36;3;Perturbed;136.65;31.86;656095.681626797;3526100.74385466;97350.3828125;-9.40735390104868;4.8604161094765;-0.141819408969535;0.650203383750171;20220811120000_20220813013000_03;09_13_03
2022-08-11 12:00:00;2022-08-13 03:00:00;39;3;Perturbed;136.78;32.26;667675.272338719;3570652.7753016;96774.625;-9.21673898626919;5.13933139275848;-0.0760842336539403;0.775054571234025;20220811120000_20220813043000_03;09_14_03
2022-08-11 12:00:00;2022-08-11 12:00:00;0;4;Perturbed;136.06;28.5;603736.504557219;3153052.12112441;100123.109375;-10.2692615400631;2.524993874201;-0.439052685142706;-0.395216140891664;20220811120000_20220811133000_04;09_01_04
2022-08-11 12:00:00;2022-08-11 15:00:00;3;4;Perturbed;135.94;29.09;591487.40004129;3218320.59370073;99961.9609375;-10.4708975107563;2.93360317722881;-0.508588565368993;-0.212309861609733;20220811120000_20220811163000_04;09_02_04
2022-08-11 12:00:00;2022-08-11 18:00:00;6;4;Perturbed;135.7;29.44;567899.705584185;3256931.02093092;99710.1640625;-10.8591812144417;3.17532140867176;-0.642491504514509;-0.104109235681183;20220811120000_20220811193000_04;09_03_04
2022-08-11 12:00:00;2022-08-11 21:00:00;9;4;Perturbed;135.68;29.81;565702.691993358;3297928.40817858;99710.78125;-10.8953468759753;3.43198305813259;-0.654963540630174;0.0107805306295179;20220811120000_20220811223000_04;09_04_04
2022-08-11 12:00:00;2022-08-12 00:00:00;12;4;Perturbed;135.61;30.29;558664.600577149;3351069.10449669;99632.9609375;-11.0112028875466;3.76466715549006;-0.694917472046368;0.159700317753846;20220811120000_20220812013000_04;09_05_04
2022-08-11 12:00:00;2022-08-12 03:00:00;15;4;Perturbed;135.44;30.73;542119.058219517;3399770.12283301;99482.421875;-11.283563735606;4.06955691885748;-0.788843428034669;0.296178493349584;20220811120000_20220812043000_04;09_06_04
2022-08-11 12:00:00;2022-08-12 06:00:00;18;4;Perturbed;135.3;30.99;528643.588022636;3428536.07021492;99283.140625;-11.5053872583103;4.24964438293767;-0.86534115734906;0.376791263925646;20220811120000_20220812073000_04;09_07_04
2022-08-11 12:00:00;2022-08-12 09:00:00;21;4;Perturbed;135.33;31.21;531437.357225327;3452924.79732765;99180.4296875;-11.4593982340233;4.402328525739;-0.849481451000275;0.445137452468596;20220811120000_20220812103000_04;09_08_04
2022-08-11 12:00:00;2022-08-12 12:00:00;24;4;Perturbed;135.41;31.6;538890.071083278;3496171.48826076;99131.9375;-11.3367170052777;4.67307180412316;-0.80717378536534;0.566330595460907;20220811120000_20220812133000_04;09_09_04
2022-08-11 12:00:00;2022-08-12 15:00:00;27;4;Perturbed;135.32;32.19;530165.543627818;3561535.79903452;98961.4375;-11.480333917031;5.08228109635724;-0.856701299428504;0.749505448640968;20220811120000_20220812163000_04;09_10_04
2022-08-11 12:00:00;2022-08-12 18:00:00;30;4;Perturbed;135.32;32.6;530036.336677425;3606997.41764802;98757.8515625;-11.4824608291517;5.36689079477567;-0.857434783171354;0.876905634098136;20220811120000_20220812193000_04;09_11_04
2022-08-11 12:00:00;2022-08-12 21:00:00;33;4;Perturbed;135.66;32.74;561828.016696211;3622656.69765211;98637.7109375;-10.9591290009172;5.46492476486604;-0.676959349142366;0.92078869936267;20220811120000_20220812223000_04;09_12_04
2022-08-11 12:00:00;2022-08-13 00:00:00;36;4;Perturbed;136.21;33.27;612687.893567379;3681881.87041118;98360.078125;-10.1219101961531;5.83570035693285;-0.388237320373799;1.0867594285922;20220811120000_20220813013000_04;09_13_04
2022-08-11 12:00:00;2022-08-13 03:00:00;39;4;Perturbed;136.92;33.79;677758.092465881;3740531.33362477;98085.6484375;-9.05077126505487;6.20287175440411;-0.0188459455983688;1.25111680781135;20220811120000_20220813043000_04;09_14_04
2022-08-11 12:00:00;2022-08-11 12:00:00;0;5;Perturbed;136.06;28.5;603743.948736719;3153048.42139476;100122.328125;-10.2693537097143;2.52488898323405;-0.439010425925025;-0.395226508895668;20220811120000_20220811133000_05;09_01_05
2022-08-11 12:00:00;2022-08-11 15:00:00;3;5;Perturbed;136.04;29.12;601191.02971731;3221720.56185776;99834.9375;-10.3113780310768;2.95480674206011;-0.453502870734376;-0.20278189962854;20220811120000_20220811163000_05;09_02_05
2022-08-11 12:00:00;2022-08-11 18:00:00;6;5;Perturbed;135.7;29.29;567985.085704963;3240317.70288702;99609.21875;-10.8579904585411;3.07123301242201;-0.642006817503764;-0.15066586662398;20220811120000_20220811193000_05;09_03_05
2022-08-11 12:00:00;2022-08-11 21:00:00;9;5;Perturbed;136.06;29.42;602834.369226683;3254990.06290815;99374.515625;-10.2843265550509;3.16308842998206;-0.4441739390442;-0.109548514343204;20220811120000_20220811223000_05;09_04_05
2022-08-11 12:00:00;2022-08-12 00:00:00;12;5;Perturbed;136.07;29.79;603425.354101163;3295986.93777513;99289.828125;-10.2745981860362;3.41974687171481;-0.440819028210192;0.0053398160882739;20220811120000_20220812013000_05;09_05_05
2022-08-11 12:00:00;2022-08-12 03:00:00;15;5;Perturbed;135.99;30.17;595327.171229625;3338041.03352559;98996.890625;-10.407904662606;3.68302398048993;-0.4867909009682;0.123190868497822;20220811120000_20220812043000_05;09_06_05
2022-08-11 12:00:00;2022-08-12 06:00:00;18;5;Perturbed;135.95;30.35;591313.371234601;3357958.6776917;98734.9375;-10.4739769585125;3.80771718042888;-0.509576494424714;0.179007437243538;20220811120000_20220812073000_05;09_07_05
2022-08-11 12:00:00;2022-08-12 09:00:00;21;5;Perturbed;136.01;30.51;596920.280580171;3375730.26633351;98486.5625;-10.3816800394183;3.91897513027802;-0.477747116514988;0.228809968651046;20220811120000_20220812103000_05;09_08_05
2022-08-11 12:00:00;2022-08-12 12:00:00;24;5;Perturbed;135.95;30.8;590890.771711547;3407821.30001225;98296.3125;-10.4809334886764;4.11987909489245;-0.511975513045263;0.31874085467914;20220811120000_20220812133000_05;09_09_05
2022-08-11 12:00:00;2022-08-12 15:00:00;27;5;Perturbed;135.94;31.1;589654.520530486;3441056.50606791;98167.296875;-10.501283768698;4.32794608108564;-0.518993480272507;0.411878132768502;20220811120000_20220812163000_05;09_10_05
2022-08-11 12:00:00;2022-08-12 18:00:00;30;5;Perturbed;136.19;31.6;612885.512840776;3496709.80161121;97630.2578125;-10.1188718398455;4.67636015307969;-0.387115472641377;0.567839147570852;20220811120000_20220812193000_05;09_11_05
2022-08-11 12:00:00;2022-08-12 21:00:00;33;5;Perturbed;136.3;32.11;622654.824711312;3553375.25855422;97512.078125;-9.95805643660853;5.0311107999584;-0.331656912447085;0.726636611095624;20220811120000_20220812223000_05;09_12_05
2022-08-11 12:00:00;2022-08-13 00:00:00;36;5;Perturbed;136.48;32.66;638797.717653177;3614562.77613949;97397.1484375;-9.69232371435956;5.41417153246262;-0.240016722043654;0.898106552680848;20220811120000_20220813013000_05;09_13_05
2022-08-11 12:00:00;2022-08-13 03:00:00;39;5;Perturbed;136.69;33.19;657533.350991279;3673621.74411066;97235.640625;-9.38391115981173;5.78390660956317;-0.133658028306677;1.06361151493051;20220811120000_20220813043000_05;09_14_05
2022-08-11 12:00:00;2022-08-11 12:00:00;0;6;Perturbed;136.06;28.5;603743.007598442;3153059.47989812;100122.8125;-10.2694036029857;2.5249653659844;-0.439015768591374;-0.395195518899678;20220811120000_20220811133000_06;09_01_06
2022-08-11 12:00:00;2022-08-11 15:00:00;3;6;Perturbed;136.17;28.99;613973.6575004;3207443.23096784;99944.6171875;-10.1009939840522;2.86543153201355;-0.380938278494489;-0.242792234910971;20220811120000_20220811163000_06;09_02_06
2022-08-11 12:00:00;2022-08-11 18:00:00;6;6;Perturbed;136.05;29.43;601849.470400479;3256079.46727694;99830.78125;-10.3005736538623;3.16991573143951;-0.449765025864045;-0.106495602395612;20220811120000_20220811193000_06;09_03_06
2022-08-11 12:00:00;2022-08-11 21:00:00;9;6;Perturbed;135.93;29.81;589867.423718906;3298102.93106681;99895.7734375;-10.4978135100811;3.43300107068832;-0.517784868607014;0.0112696079876403;20220811120000_20220811223000_06;09_04_06
2022-08-11 12:00:00;2022-08-12 00:00:00;12;6;Perturbed;135.9;30.08;586736.504767812;3327999.67205323;99854.1328125;-10.5493524516458;3.62016779935624;-0.535558511153566;0.0950512783812053;20220811120000_20220812013000_06;09_05_06
2022-08-11 12:00:00;2022-08-12 03:00:00;15;6;Perturbed;136.06;30.2;602031.27300246;3341417.61814146;99620.6015625;-10.2975809498588;3.70417003478111;-0.448732966423313;0.132653301191444;20220811120000_20220812043000_06;09_06_06
2022-08-11 12:00:00;2022-08-12 06:00:00;18;6;Perturbed;136.17;30.5;612284.034924552;3374773.92596962;99348.21875;-10.1288073387136;3.9129951712558;-0.390529950514998;0.226129951013403;20220811120000_20220812073000_06;09_07_06
2022-08-11 12:00:00;2022-08-12 09:00:00;21;6;Perturbed;136.08;31.1;603003.689749215;3441179.3964109;99219.171875;-10.2815737230125;4.32872258026658;-0.443212738038906;0.412222516733823;20220811120000_20220812103000_06;09_08_06
2022-08-11 12:00:00;2022-08-12 12:00:00;24;6;Perturbed;135.92;31.5;587368.740483209;3485381.57772493;99409.75;-10.5389450408824;4.60544764806888;-0.531969426994517;0.536093295398678;20220811120000_20220812133000_06;09_09_06
2022-08-11 12:00:00;2022-08-12 15:00:00;27;6;Perturbed;135.87;32.04;582149.953319859;3545191.18338979;99464.1875;-10.6248529710625;4.97988204679803;-0.561595507712933;0.703701820704462;20220811120000_20220812163000_06;09_10_06
2022-08-11 12:00:00;2022-08-12 18:00:00;30;6;Perturbed;135.92;32.47;586455.654093271;3592913.07695945;99363.5;-10.55397561396;5.27864205911275;-0.537152848016393;0.837436128381222;20220811120000_20220812193000_06;09_11_06
2022-08-11 12:00:00;2022-08-12 21:00:00;33;6;Perturbed;135.95;32.79;588960.750740553;3628412.61932494;99432.65625;-10.5127385101784;5.50088478505991;-0.522931881888284;0.936918910097779;20220811120000_20220812223000_06;09_12_06
2022-08-11 12:00:00;2022-08-13 00:00:00;36;6;Perturbed;136.06;33.01;599013.728535786;3652885.87329253;99556.7890625;-10.3472536019989;5.6540981030953;-0.465863003181456;1.00550197399435;20220811120000_20220813013000_06;09_13_06
2022-08-11 12:00:00;2022-08-13 03:00:00;39;6;Perturbed;136.32;33.31;622875.628110478;3686430.41844209;99599.0859375;-9.9544561303902;5.86410168787226;-0.330403452759648;1.09950613406314;20220811120000_20220813043000_06;09_14_06
2022-08-11 12:00:00;2022-08-11 12:00:00;0;7;Perturbed;136.06;28.5;603747.975883002;3153040.91171965;100122.4609375;-10.2692041058209;2.52494487685821;-0.438987564567185;-0.39524755376891;20220811120000_20220811133000_07;09_01_07
2022-08-11 12:00:00;2022-08-11 15:00:00;3;7;Perturbed;136.04;29.42;600879.430026432;3254974.91712132;100126.828125;-10.3164240497372;3.16309651819322;-0.455271764024104;-0.109590958411614;20220811120000_20220811163000_07;09_02_07
2022-08-11 12:00:00;2022-08-11 18:00:00;6;7;Perturbed;135.7;29.91;567566.472483298;3309018.78598049;99922.625;-10.8647980571708;3.50143487231433;-0.644383206635309;0.0418598505447644;20220811120000_20220811193000_07;09_03_07
2022-08-11 12:00:00;2022-08-11 21:00:00;9;7;Perturbed;135.68;30.3;565386.204425249;3352223.22980848;99979.828125;-10.9006880657575;3.77191366526625;-0.6567601814867;0.162934601601365;20220811120000_20220811223000_07;09_04_07
2022-08-11 12:00:00;2022-08-12 00:00:00;12;7;Perturbed;135.67;30.74;564126.709608949;3400973.33681595;100090.5078125;-10.9214209658268;4.07711074527386;-0.663910098493117;0.299550341718523;20220811120000_20220812013000_07;09_05_07
2022-08-11 12:00:00;2022-08-12 03:00:00;15;7;Perturbed;135.72;31.24;568558.041448811;3456415.19695581;100035.3671875;-10.8484755602396;4.42420113878392;-0.638754254679488;0.454918836711173;20220811120000_20220812043000_07;09_06_07
2022-08-11 12:00:00;2022-08-12 06:00:00;18;7;Perturbed;135.63;31.74;559680.749438164;3511780.29500205;99948.8515625;-10.9946071725029;4.77081096787539;-0.689148984611246;0.610072216068643;20220811120000_20220812073000_07;09_07_07
2022-08-11 12:00:00;2022-08-12 09:00:00;21;7;Perturbed;135.62;32.09;558506.201823101;3550577.2371401;100016.046875;-11.013941732689;5.01369686455542;-0.695816672210359;0.718795525407433;20220811120000_20220812103000_07;09_08_07
2022-08-11 12:00:00;2022-08-12 12:00:00;24;7;Perturbed;135.57;32.51;553547.788866731;3597103.45137051;100171.46875;-11.0955635694735;5.3049713990863;-0.723964657150667;0.849179099559665;20220811120000_20220812133000_07;09_09_07
2022-08-11 12:00:00;2022-08-12 15:00:00;27;7;Perturbed;135.82;32.91;576681.915581741;3641607.51651168;100195.703125;-10.7147461725564;5.58358639222826;-0.592636537425442;0.973895867802915;20220811120000_20220812163000_07;09_10_07
2022-08-11 12:00:00;2022-08-12 18:00:00;30;7;Perturbed;136.13;33.41;605062.534513957;3697309.23471615;100107.4921875;-10.247564784739;5.93230361134756;-0.431525060561795;1.12999258072164;20220811120000_20220812193000_07;09_11_07
2022-08-11 12:00:00;2022-08-12 21:00:00;33;7;Perturbed;136.48;33.85;636912.886741575;3746515.5300895;100220.4375;-9.7232671366957;6.24035663087513;-0.250716555353548;1.26788672851963;20220811120000_20220812223000_07;09_12_07
2022-08-11 12:00:00;2022-08-13 00:00:00;36;7;Perturbed;136.82;34.49;667113.289295469;3817991.34332965;100326.7109375;-9.22612977646153;6.68782661260713;-0.0792745065048071;1.46818826067389;20220811120000_20220813013000_07;09_13_07
2022-08-11 12:00:00;2022-08-13 03:00:00;39;7;Perturbed;137.19;35.11;699586.594895278;3887439.96771854;100307.4453125;-8.69157751692934;7.12260550182655;0.105070388732512;1.6628088636513;20220811120000_20220813043000_07;09_14_07
2022-08-11 12:00:00;2022-08-11 12:00:00;0;8;Perturbed;136.06;28.5;603745.466586083;3153050.77846879;100122.71875;-10.2692449927428;2.52492902050342;-0.439001809377468;-0.395219903506829;20220811120000_20220811133000_08;09_01_08
2022-08-11 12:00:00;2022-08-11 15:00:00;3;8;Perturbed;136.09;28.69;606475.271415028;3174123.33477012;99783.4765625;-10.2243089040866;2.65685247762482;-0.423505216840458;-0.336166845944796;20220811120000_20220811163000_08;09_02_08
2022-08-11 12:00:00;2022-08-11 18:00:00;6;8;Perturbed;136.2;28.72;617191.483824861;3177553.73373883;99464.3984375;-10.0479063035045;2.6783282817364;-0.362671279009277;-0.326553605630563;20220811120000_20220811193000_08;09_03_08
2022-08-11 12:00:00;2022-08-11 21:00:00;9;8;Perturbed;136.4;28.9;636502.93176835;3197711.81785766;99327.6171875;-9.73001510202816;2.80452674137615;-0.253043793224635;-0.27006323565422;20220811120000_20220811223000_08;09_04_08
2022-08-11 12:00:00;2022-08-12 00:00:00;12;8;Perturbed;136.5;29.13;645933.402795587;3223320.68279638;99101.0859375;-9.57477745365976;2.96484948283006;-0.199508769258214;-0.198297771906035;20220811120000_20220812013000_08;09_05_08
2022-08-11 12:00:00;2022-08-12 03:00:00;15;8;Perturbed;136.57;29.5;652177.373440247;3264403.47821411;98742.2265625;-9.47199368850543;3.2220458249452;-0.164062913251445;-0.0831686604721729;20220811120000_20220812043000_08;09_06_08
2022-08-11 12:00:00;2022-08-12 06:00:00;18;8;Perturbed;136.57;29.8;651742.88693405;3297654.43704819;98378.9921875;-9.47914589365774;3.43021143044965;-0.166529412056768;0.0100127626994341;20220811120000_20220812073000_08;09_07_08
2022-08-11 12:00:00;2022-08-12 09:00:00;21;8;Perturbed;136.55;30.19;649209.199463916;3340849.72509076;98112.703125;-9.52085363905329;3.70063290416379;-0.180912682950161;0.13106185587591;20220811120000_20220812103000_08;09_08_08
2022-08-11 12:00:00;2022-08-12 12:00:00;24;8;Perturbed;136.4;30.45;634415.466260402;3369480.21823647;97966.765625;-9.76437746161424;3.87987236523638;-0.2648939453193;0.211295033834304;20220811120000_20220812133000_08;09_09_08
2022-08-11 12:00:00;2022-08-12 15:00:00;27;8;Perturbed;136.42;30.86;635757.921474271;3414944.39756746;97681.9140625;-9.7422789269982;4.16449809487087;-0.257273077619185;0.338702395364215;20220811120000_20220812163000_08;09_10_08
2022-08-11 12:00:00;2022-08-12 18:00:00;30;8;Perturbed;136.46;31.3;638947.72345341;3463771.96371542;97118.2265625;-9.68977069527019;4.47018010311665;-0.239165167112048;0.475535204498414;20220811120000_20220812193000_08;09_11_08
2022-08-11 12:00:00;2022-08-12 21:00:00;33;8;Perturbed;136.66;31.76;657213.194154699;3515025.32772628;96735.65625;-9.38909762074185;4.79104867134947;-0.135475498915498;0.619165991950139;20220811120000_20220812223000_08;09_12_08
2022-08-11 12:00:00;2022-08-13 00:00:00;36;8;Perturbed;136.82;32.23;671493.936634275;3567385.68837943;96674.078125;-9.15401828344457;5.11884752473541;-0.0544063891441761;0.765898991373853;20220811120000_20220813013000_08;09_13_08
2022-08-11 12:00:00;2022-08-13 03:00:00;39;8;Perturbed;137.2;32.83;705925.79814077;3634589.63715721;96388.0390625;-8.58722568169893;5.53957375880951;0.14105686244048;0.954229187237148;20220811120000_20220813043000_08;09_14_08
2022-08-11 12:00:00;2022-08-11 12:00:00;0;9;Perturbed;136.06;28.5;603746.451833581;3153040.21443586;100122.46875;-10.2690773682752;2.52483726709808;-0.438996216311306;-0.395249507814698;20220811120000_20220811133000_09;09_01_09
2022-08-11 12:00:00;2022-08-11 15:00:00;3;9;Perturbed;136.34;28.92;630623.863243531;3199863.03739276;99776.515625;-9.82664070424642;2.81796870252179;-0.286418168000547;-0.264034726857365;20220811120000_20220811163000_09;09_02_09
2022-08-11 12:00:00;2022-08-11 18:00:00;6;9;Perturbed;136.42;29.24;637987.316647587;3235415.07046859;99655.7109375;-9.70542881705496;3.04054004336862;-0.244617217303262;-0.164404846853601;20220811120000_20220811193000_09;09_03_09
2022-08-11 12:00:00;2022-08-11 21:00:00;9;9;Perturbed;136.43;29.63;638432.174625968;3278645.46507623;99616.7421875;-9.69810588416833;3.31118129959829;-0.242091841586026;-0.043257372162386;20220811120000_20220811223000_09;09_04_09
2022-08-11 12:00:00;2022-08-12 00:00:00;12;9;Perturbed;136.62;29.85;656497.207235894;3303266.2998484;99512.015625;-9.40073227770012;3.46531853828505;-0.13954002302539;0.0257392674590722;20220811120000_20220812013000_09;09_05_09
2022-08-11 12:00:00;2022-08-12 03:00:00;15;9;Perturbed;136.84;30.27;676989.894814961;3350127.81627523;99073.6328125;-9.06339635679708;3.75869221182401;-0.0232068602901359;0.157062481758556;20220811120000_20220812043000_09;09_06_09
2022-08-11 12:00:00;2022-08-12 06:00:00;18;9;Perturbed;136.82;30.7;674295.253915764;3397767.22181311;98876.4609375;-9.10775360206939;4.05693581283259;-0.0385038337607864;0.290565627614269;20220811120000_20220812073000_09;09_07_09
2022-08-11 12:00:00;2022-08-12 09:00:00;21;9;Perturbed;136.93;31;684270.260868882;3431190.91027192;98715.6328125;-8.94355219395435;4.26618278164753;0.018122419027439;0.384231102759748;20220811120000_20220812103000_09;09_08_09
2022-08-11 12:00:00;2022-08-12 12:00:00;24;9;Perturbed;137.03;31.36;693084.349843223;3471275.72058365;98470.140625;-8.79846098473112;4.51713129870257;0.0681583571179809;0.496563492663091;20220811120000_20220812133000_09;09_09_09
2022-08-11 12:00:00;2022-08-12 15:00:00;27;9;Perturbed;137.09;31.86;697724.863063436;3526823.11828229;98271.8671875;-8.72207218533311;4.86488240368069;0.0945016845873171;0.652227742733774;20220811120000_20220812163000_09;09_10_09
2022-08-11 12:00:00;2022-08-12 18:00:00;30;9;Perturbed;137.3;32.29;716585.519035152;3574909.5254617;97977.0703125;-8.41160159788545;5.16592443128004;0.201570108481727;0.786983551687876;20220811120000_20220812193000_09;09_11_09
2022-08-11 12:00:00;2022-08-12 21:00:00;33;9;Perturbed;137.52;32.73;736155.378811835;3624167.2215204;97958.4609375;-8.08945660620292;5.47429924167213;0.312664550014745;0.925021743121928;20220811120000_20220812223000_09;09_12_09
2022-08-11 12:00:00;2022-08-13 00:00:00;36;9;Perturbed;137.74;33.18;755472.164048782;3674581.74282582;97671.21875;-7.77147754603083;5.78991628616473;0.422322334618224;1.0663017846147;20220811120000_20220813013000_09;09_13_09
2022-08-11 12:00:00;2022-08-13 03:00:00;39;9;Perturbed;138.02;33.66;780049.904912806;3728554.13215774;97235.8671875;-7.36689640868156;6.1278071470528;0.561845582438588;1.21755228163091;20220811120000_20220813043000_09;09_14_09
2022-08-11 12:00:00;2022-08-11 12:00:00;0;10;Perturbed;136.06;28.5;603739.939086453;3153040.84452653;100122.6640625;-10.2691568291016;2.52487760666309;-0.439033187961244;-0.395247742068765;20220811120000_20220811133000_10;09_01_10
2022-08-11 12:00:00;2022-08-11 15:00:00;3;10;Perturbed;135.81;29.19;578753.003087233;3229316.36882893;100001.078125;-10.6804738431985;3.00239588758867;-0.580879360194017;-0.181495653200499;20220811120000_20220811163000_10;09_02_10
2022-08-11 12:00:00;2022-08-11 18:00:00;6;10;Perturbed;135.32;29.48;531016.284457;3261216.65379939;99813.1640625;-11.4662814576409;3.20210568151597;-0.851871802519183;-0.0920993152494804;20220811120000_20220811193000_10;09_03_10
2022-08-11 12:00:00;2022-08-11 21:00:00;9;10;Perturbed;135.32;29.54;530999.518744521;3267866.54527371;99734.28125;-11.4665574427715;3.24373692265393;-0.851966978339861;-0.0734638721452539;20220811120000_20220811223000_10;09_04_10
2022-08-11 12:00:00;2022-08-12 00:00:00;12;10;Perturbed;135.42;29.6;540677.999980649;3274538.69828471;99636.5625;-11.3072372282738;3.28550753078839;-0.797024046704932;-0.0547660440228776;20220811120000_20220812013000_10;09_05_10
2022-08-11 12:00:00;2022-08-12 03:00:00;15;10;Perturbed;135.41;29.88;539581.24287118;3305568.84216429;99425.03125;-11.3252912569658;3.47976985933703;-0.803250132122214;0.0321918383752539;20220811120000_20220812043000_10;09_06_10
2022-08-11 12:00:00;2022-08-12 06:00:00;18;10;Perturbed;135.46;29.97;544386.122797402;3315556.06280442;99087.1640625;-11.2461967707748;3.54229424674593;-0.775973725539433;0.0601797059558558;20220811120000_20220812073000_10;09_07_10
2022-08-11 12:00:00;2022-08-12 09:00:00;21;10;Perturbed;135.44;30.3;542316.073224044;3352112.43025732;98895.7421875;-11.2802724417403;3.77115316187816;-0.787725010623846;0.162624100484204;20220811120000_20220812103000_10;09_08_10
2022-08-11 12:00:00;2022-08-12 12:00:00;24;10;Perturbed;135.15;30.65;514380.183878801;3390823.65148069;98901.671875;-11.7401330101584;4.0135024079853;-0.946311840624321;0.271107188274355;20220811120000_20220812133000_10;09_09_10
2022-08-11 12:00:00;2022-08-12 15:00:00;27;10;Perturbed;134.91;30.94;491399.558101036;3422948.79682858;98772.71875;-12.1184235847724;4.21461992662984;-1.07676856417743;0.361133667752678;20220811120000_20220812163000_10;09_10_10
2022-08-11 12:00:00;2022-08-12 18:00:00;30;10;Perturbed;134.95;31.2;495242.678791509;3451772.61597391;98243.0234375;-12.0551608891274;4.39506969336523;-1.05495188527815;0.441908616306936;20220811120000_20220812193000_10;09_11_10
2022-08-11 12:00:00;2022-08-12 21:00:00;33;10;Perturbed;135.19;31.61;518023.784200629;3497224.46946046;98060.0859375;-11.6801546756805;4.67961825780033;-0.925627801620355;0.569281436284792;20220811120000_20220812223000_10;09_12_10
2022-08-11 12:00:00;2022-08-13 00:00:00;36;10;Perturbed;135.43;32.2;540522.787199771;3562694.42133529;98039.1015625;-11.3097922297186;5.08948890972274;-0.797905160693854;0.752752334706513;20220811120000_20220813013000_10;09_13_10
2022-08-11 12:00:00;2022-08-13 03:00:00;39;10;Perturbed;135.77;32.8;572097.139143699;3629382.5172357;97612.1796875;-10.7900379003352;5.50698567823152;-0.618663457584824;0.939636920970992;20220811120000_20220813043000_10;09_14_10
2022-08-11 12:00:00;2022-08-11 12:00:00;0;11;Perturbed;136.06;28.5;603734.975728953;3153057.60283732;100123.234375;-10.2695308968019;2.52503906476233;-0.439061364015434;-0.395200779114802;20220811120000_20220811133000_11;09_01_11
2022-08-11 12:00:00;2022-08-11 15:00:00;3;11;Perturbed;135.84;29.16;581688.49262751;3225999.25298342;100267.734375;-10.6324442848583;2.98168582929394;-0.564215133938718;-0.190791432514774;20220811120000_20220811163000_11;09_02_11
2022-08-11 12:00:00;2022-08-11 18:00:00;6;11;Perturbed;135.57;29.41;555303.357210022;3253545.01542776;100057.859375;-11.0667774546716;3.15413439978235;-0.713998623316159;-0.113598069167938;20220811120000_20220811193000_11;09_03_11
2022-08-11 12:00:00;2022-08-11 21:00:00;9;11;Perturbed;135.57;29.5;555246.899679823;3263520.45466879;100036.75;-11.0677068180295;3.21658503045873;-0.714319122178153;-0.0856432174032212;20220811120000_20220811223000_11;09_04_11
2022-08-11 12:00:00;2022-08-12 00:00:00;12;11;Perturbed;135.59;29.73;557049.008320158;3289009.77717091;100045.3515625;-11.0380417984751;3.37615938375866;-0.704088887763372;-0.0142127555546229;20220811120000_20220812013000_11;09_05_11
2022-08-11 12:00:00;2022-08-12 03:00:00;15;11;Perturbed;135.51;29.93;549221.047942434;3311135.42014774;99847.453125;-11.1669000662169;3.51467562596478;-0.748526757856953;0.0477914384133011;20220811120000_20220812043000_11;09_06_11
2022-08-11 12:00:00;2022-08-12 06:00:00;18;11;Perturbed;135.52;30.04;550123.90839449;3323338.3633008;99586.5546875;-11.1520378251923;3.59107140940879;-0.743401387575916;0.0819885758720671;20220811120000_20220812073000_11;09_07_11
2022-08-11 12:00:00;2022-08-12 09:00:00;21;11;Perturbed;135.43;30.4;541301.348147288;3363195.71467945;99343.109375;-11.2972684824319;3.84059593364703;-0.793485415501457;0.193683542138913;20220811120000_20220812103000_11;09_08_11
2022-08-11 12:00:00;2022-08-12 12:00:00;24;11;Perturbed;135.29;30.79;527740.939146147;3406361.53482825;99239.8671875;-11.5204902067944;4.11083292540444;-0.870465326555086;0.314650055432723;20220811120000_20220812133000_11;09_09_11
2022-08-11 12:00:00;2022-08-12 15:00:00;27;11;Perturbed;134.99;31.23;499057.623375586;3455100.01614727;99176.875;-11.9926543728016;4.41595722349658;-1.03329515687621;0.45123321609254;20220811120000_20220812163000_11;09_10_11
2022-08-11 12:00:00;2022-08-12 18:00:00;30;11;Perturbed;134.91;31.63;491468.824260061;3499420.03351074;98962.3359375;-12.117575739426;4.6934199967198;-1.07637535312013;0.575434214732189;20220811120000_20220812193000_11;09_11_11
2022-08-11 12:00:00;2022-08-12 21:00:00;33;11;Perturbed;134.93;32.07;493396.568621829;3548189.50357096;98925.0859375;-12.0858425947599;4.99873829794153;-1.0654319081628;0.71210421724886;20220811120000_20220812223000_11;09_12_11
2022-08-11 12:00:00;2022-08-13 00:00:00;36;11;Perturbed;135;32.39;500001.58674411;3583666.31941297;98959.203125;-11.9771155250545;5.22083874587064;-1.02793645300963;0.811523310883148;20220811120000_20220813013000_11;09_13_11
2022-08-11 12:00:00;2022-08-13 03:00:00;39;11;Perturbed;135.19;32.9;517764.983787599;3640215.48379002;99006.7421875;-11.6847072268792;5.57486135021293;-0.927096963263931;0.969994879841867;20220811120000_20220813043000_11;09_14_11
2022-08-11 12:00:00;2022-08-11 12:00:00;0;12;Perturbed;136.06;28.5;603742.984678803;3153044.2565076;100121.828125;-10.2692888520265;2.52493968531309;-0.439015898701887;-0.3952381804422;20220811120000_20220811133000_12;09_01_12
2022-08-11 12:00:00;2022-08-11 15:00:00;3;12;Perturbed;136.2;28.8;617105.7923536;3186412.19762864;99717.765625;-10.0493198989335;2.73383765131037;-0.363157733498604;-0.301728929852462;20220811120000_20220811163000_12;09_02_12
2022-08-11 12:00:00;2022-08-11 18:00:00;6;12;Perturbed;136.3;29.3;626254.708498678;3241932.4421021;99190.453125;-9.89871700503995;3.08141876517368;-0.311221044050232;-0.146140773111257;20220811120000_20220811193000_12;09_03_12
2022-08-11 12:00:00;2022-08-11 21:00:00;9;12;Perturbed;136.32;29.7;627695.820188704;3286275.90937158;99218.4921875;-9.87499445829231;3.35902834510724;-0.303040121947719;-0.0218740592053041;20220811120000_20220811223000_12;09_04_12
2022-08-11 12:00:00;2022-08-12 00:00:00;12;12;Perturbed;136.32;30.19;627077.163348899;3340571.74248002;99088.1875;-9.88517834334758;3.69894410608682;-0.306552121364325;0.130282846301637;20220811120000_20220812013000_12;09_05_12
2022-08-11 12:00:00;2022-08-12 03:00:00;15;12;Perturbed;136.3;30.43;624842.759845766;3367146.99394;98895.1171875;-9.92195949079298;3.86531685158276;-0.31923641303389;0.204756480717423;20220811120000_20220812043000_12;09_06_12
2022-08-11 12:00:00;2022-08-12 06:00:00;18;12;Perturbed;136.42;30.59;636136.860912469;3385014.45935424;98619.265625;-9.73604410173489;3.9771750321346;-0.255121909151869;0.254827694124401;20220811120000_20220812073000_12;09_07_12
2022-08-11 12:00:00;2022-08-12 09:00:00;21;12;Perturbed;136.57;30.89;650064.856892987;3418470.3862073;98505.6796875;-9.50677142423496;4.18662382745601;-0.176055275420884;0.348583513114441;20220811120000_20220812103000_12;09_08_12
2022-08-11 12:00:00;2022-08-12 12:00:00;24;12;Perturbed;136.63;31.26;655192.749951778;3459565.68947144;98384.8046875;-9.42235972759412;4.44389847418289;-0.146945183570034;0.463747676136894;20220811120000_20220812133000_12;09_09_12
2022-08-11 12:00:00;2022-08-12 15:00:00;27;12;Perturbed;136.7;31.69;661128.19915612;3507340.03158608;98229.265625;-9.32465462104844;4.74298683742366;-0.113250746199073;0.597628963938038;20220811120000_20220812163000_12;09_10_12
2022-08-11 12:00:00;2022-08-12 18:00:00;30;12;Perturbed;136.96;32.12;684899.012997453;3555428.17189002;97871.703125;-8.93335653743484;5.0440397151437;0.0216917275142348;0.732389629744865;20220811120000_20220812193000_12;09_11_12
2022-08-11 12:00:00;2022-08-12 21:00:00;33;12;Perturbed;137.31;32.59;716798.506641309;3608182.93682842;97611.953125;-8.4082499586529;5.37430771257031;0.202779199370956;0.88022789511858;20220811120000_20220812223000_12;09_12_12
2022-08-11 12:00:00;2022-08-13 00:00:00;36;12;Perturbed;137.66;33.03;748434.66960766;3657755.61449208;97280.484375;-7.88747814056329;5.68465444614347;0.382371792118187;1.01914878092451;20220811120000_20220813013000_12;09_13_12
2022-08-11 12:00:00;2022-08-13 03:00:00;39;12;Perturbed;138.08;33.57;785905.621619925;3718725.72499968;96724.3984375;-7.27065821123965;6.06635411486036;0.595087393303683;1.19000946787123;20220811120000_20220813043000_12;09_14_12
2022-08-11 12:00:00;2022-08-11 12:00:00;0;13;Perturbed;136.06;28.5;603730.170137055;3153051.19073382;100122.984375;-10.2696086052655;2.52500595714087;-0.439088644463748;-0.395218748188488;20220811120000_20220811133000_13;09_01_13
2022-08-11 12:00:00;2022-08-11 15:00:00;3;13;Perturbed;135.97;29.09;594407.673991802;3218342.42948821;99889.2734375;-10.4230688485908;2.93375778644186;-0.49201071517703;-0.212248669697549;20220811120000_20220811163000_13;09_02_13
2022-08-11 12:00:00;2022-08-11 18:00:00;6;13;Perturbed;135.75;29.43;572742.702779433;3255852.69877608;99744.8203125;-10.7797020616364;3.16858854599701;-0.614998713309478;-0.107131091186962;20220811120000_20220811193000_13;09_03_13
2022-08-11 12:00:00;2022-08-11 21:00:00;9;13;Perturbed;135.51;29.86;549251.432516346;3303384.58160654;99742.71875;-11.1663984994173;3.46615900763514;-0.748354270301675;0.0260707364736576;20220811120000_20220811223000_13;09_04_13
2022-08-11 12:00:00;2022-08-12 00:00:00;12;13;Perturbed;135.41;29.85;539598.343999258;3302232.76439088;99763.046875;-11.3253007171916;3.4589481260084;-0.803153052209779;0.0228429207609056;20220811120000_20220812013000_13;09_05_13
2022-08-11 12:00:00;2022-08-12 03:00:00;15;13;Perturbed;135.47;30.03;545324.203283274;3322210.33127951;99362.4296875;-11.2310457295487;3.58401646850731;-0.770648417699714;0.0788274150270007;20220811120000_20220812043000_13;09_06_13
2022-08-11 12:00:00;2022-08-12 06:00:00;18;13;Perturbed;135.57;30.28;554826.083810174;3349958.24060543;98885.796875;-11.074632589228;3.75773056725361;-0.716708015331213;0.156587268327103;20220811120000_20220812073000_13;09_07_13
2022-08-11 12:00:00;2022-08-12 09:00:00;21;13;Perturbed;135.37;30.58;535484.560988948;3383112.826441;98928.75;-11.3930188617651;3.96529283546212;-0.826506230583749;0.249498618891119;20220811120000_20220812103000_13;09_08_13
2022-08-11 12:00:00;2022-08-12 12:00:00;24;13;Perturbed;135.11;30.79;510526.412977553;3406342.338678;98999.15625;-11.8038619886597;4.11071978403576;-0.968188978782477;0.31459626075543;20220811120000_20220812133000_13;09_09_13
2022-08-11 12:00:00;2022-08-12 15:00:00;27;13;Perturbed;135.01;30.97;500954.043745502;3426285.8755933;98831.359375;-11.9614354634741;4.23557508395628;-1.02252953237447;0.370485390513047;20220811120000_20220812163000_13;09_10_13
2022-08-11 12:00:00;2022-08-12 18:00:00;30;13;Perturbed;134.94;31.39;494293.504039888;3472817.10360176;98432.21875;-12.0710764896516;4.52688100693972;-1.06034017319394;0.500883015116477;20220811120000_20220812193000_13;09_11_13
2022-08-11 12:00:00;2022-08-12 21:00:00;33;13;Perturbed;134.86;31.76;486733.110824066;3513848.43480797;98568.1875;-12.1955302587343;4.78375516048865;-1.10325911444678;0.615867904890588;20220811120000_20220812223000_13;09_12_13
2022-08-11 12:00:00;2022-08-13 00:00:00;36;13;Perturbed;134.81;32.18;482090.667630576;3560394.65971723;98486.9921875;-12.2719508279678;5.0751549706574;-1.12961339801421;0.746307556328967;20220811120000_20220813013000_13;09_13_13
2022-08-11 12:00:00;2022-08-13 03:00:00;39;13;Perturbed;134.89;32.53;489667.478845996;3599192.60917136;98396.0546875;-12.1472267975544;5.31804717357855;-1.08660125484183;0.855033688538136;20220811120000_20220813043000_13;09_14_13
2022-08-11 12:00:00;2022-08-11 12:00:00;0;14;Perturbed;136.06;28.5;603745.106955843;3153050.95573604;100122.2734375;-10.269207775731;2.52490827037883;-0.439003850931221;-0.395219406738735;20220811120000_20220811133000_14;09_01_14
2022-08-11 12:00:00;2022-08-11 15:00:00;3;14;Perturbed;136.15;29.03;611972.187426178;3211862.96168099;99912.8046875;-10.1337794793646;2.89309725673408;-0.392300250561638;-0.230406522969813;20220811120000_20220811163000_14;09_02_14
2022-08-11 12:00:00;2022-08-11 18:00:00;6;14;Perturbed;136;29.24;597169.538887643;3234989.08858435;99725.4765625;-10.3774500597745;3.03787696771424;-0.476332123623774;-0.16559860485667;20220811120000_20220811193000_14;09_03_14
2022-08-11 12:00:00;2022-08-11 21:00:00;9;14;Perturbed;136.19;29.39;615471.494293051;3251787.24731098;99587.8671875;-10.0761764002221;3.14304081878202;-0.372435338571258;-0.11852398229856;20220811120000_20220811223000_14;09_04_14
2022-08-11 12:00:00;2022-08-12 00:00:00;12;14;Perturbed;136.35;29.63;630685.508429923;3278558.7600957;99476.1328125;-9.82573421445743;3.3106422463652;-0.286068219782548;-0.0435003514256889;20220811120000_20220812013000_14;09_05_14
2022-08-11 12:00:00;2022-08-12 03:00:00;15;14;Perturbed;136.57;29.98;651461.263590758;3317601.38787884;99072.8046875;-9.48373863810386;3.55506624308406;-0.16812813521589;0.0659114595041803;20220811120000_20220812043000_14;09_06_14
2022-08-11 12:00:00;2022-08-12 06:00:00;18;14;Perturbed;136.68;30.39;661398.479118771;3363198.74455066;98814.84375;-9.32015932531627;3.84052572136122;-0.111716417294784;0.193692032953048;20220811120000_20220812073000_14;09_07_14
2022-08-11 12:00:00;2022-08-12 09:00:00;21;14;Perturbed;136.65;30.74;657949.355508831;3401943.01510776;98695.0078125;-9.37693632368598;4.08308187081216;-0.131296448301506;0.302267737138627;20220811120000_20220812103000_14;09_08_14
2022-08-11 12:00:00;2022-08-12 12:00:00;24;14;Perturbed;136.69;31.03;661291.732418876;3434144.47992261;98612.375;-9.32191651290689;4.28467718283798;-0.112322398387426;0.392508091849328;20220811120000_20220812133000_14;09_09_14
2022-08-11 12:00:00;2022-08-12 15:00:00;27;14;Perturbed;136.91;31.48;681426.656875594;3484372.27981698;98195.6484375;-8.99046983185474;4.59912526929286;0.00197980987334814;0.533264871233936;20220811120000_20220812163000_14;09_10_14
2022-08-11 12:00:00;2022-08-12 18:00:00;30;14;Perturbed;137.08;32;696489.164810362;3542335.09019775;97707.7734375;-8.74252163249437;4.96199791846547;0.0874868562290582;0.695697996523844;20220811120000_20220812193000_14;09_11_14
2022-08-11 12:00:00;2022-08-12 21:00:00;33;14;Perturbed;137.44;32.56;729084.503483628;3605129.86166282;97617.9140625;-8.20596055205681;5.35512076613328;0.272524510448767;0.871672054957707;20220811120000_20220812223000_14;09_12_14
2022-08-11 12:00:00;2022-08-13 00:00:00;36;14;Perturbed;137.87;33.16;767659.57050167;3672701.38400056;97272.4375;-7.57096547363087;5.77814817212418;0.491507966455642;1.0610323272049;20220811120000_20220813013000_14;09_13_14
2022-08-11 12:00:00;2022-08-13 03:00:00;39;14;Perturbed;138.32;33.71;807706.694744243;3734957.54560628;96951.734375;-6.91173844526945;6.16789908552504;0.718848016588896;1.23549700260176;20220811120000_20220813043000_14;09_14_14
2022-08-11 12:00:00;2022-08-11 12:00:00;0;15;Perturbed;136.06;28.5;603737.113345756;3153046.06766997;100122.1015625;-10.2692559818014;2.52485943015257;-0.439049229163798;-0.395233104898701;20220811120000_20220811133000_15;09_01_15
2022-08-11 12:00:00;2022-08-11 15:00:00;3;15;Perturbed;136.19;29.2;615693.563564248;3230728.8741666;99712.265625;-10.0724374761943;3.01118791566619;-0.371174692764551;-0.177537293435358;20220811120000_20220811163000_15;09_02_15
2022-08-11 12:00:00;2022-08-11 18:00:00;6;15;Perturbed;135.75;29.68;572575.516916415;3283569.04953295;99510.4296875;-10.782215826026;3.34199061988246;-0.61594779625111;-0.0294596766110529;20220811120000_20220811193000_15;09_03_15
2022-08-11 12:00:00;2022-08-11 21:00:00;9;15;Perturbed;135.65;29.84;562801.861098961;3301232.38642175;99513.25;-10.9431027362007;3.45257086621562;-0.671431016221324;0.0200394935473466;20220811120000_20220811223000_15;09_04_15
2022-08-11 12:00:00;2022-08-12 00:00:00;12;15;Perturbed;135.59;30.04;556885.385299182;3323355.50510854;99389.5078125;-11.0404955161725;3.59107130525743;-0.705017745115685;0.0820366135256099;20220811120000_20220812013000_15;09_05_15
2022-08-11 12:00:00;2022-08-12 03:00:00;15;15;Perturbed;135.56;30.3;553847.179631317;3352169.27823406;98989.7421875;-11.0905082781837;3.77145817949677;-0.722265071656879;0.162783409435369;20220811120000_20220812043000_15;09_06_15
2022-08-11 12:00:00;2022-08-12 06:00:00;18;15;Perturbed;135.53;30.44;550884.260774403;3367653.95093639;98682.453125;-11.1392817227259;3.86839903119386;-0.739085009023458;0.206177160784022;20220811120000_20220812073000_15;09_07_15
2022-08-11 12:00:00;2022-08-12 09:00:00;21;15;Perturbed;135.46;30.61;544092.054450627;3386480.12724183;98466.53125;-11.2510901503103;3.98625916297263;-0.777643096660652;0.258935034918537;20220811120000_20220812103000_15;09_08_15
2022-08-11 12:00:00;2022-08-12 12:00:00;24;15;Perturbed;135.43;30.91;541098.239409886;3419711.97836212;98315.0703125;-11.3003721856649;4.19430514579695;-0.794638425896506;0.352062911244345;20220811120000_20220812133000_15;09_09_15
2022-08-11 12:00:00;2022-08-12 15:00:00;27;15;Perturbed;135.32;31.21;530480.194672259;3452922.30459443;97936.859375;-11.4751588204553;4.40221637336924;-0.854915084174086;0.445130466912791;20220811120000_20220812163000_15;09_10_15
2022-08-11 12:00:00;2022-08-12 18:00:00;30;15;Perturbed;135.32;31.61;530362.145558286;3497242.97458351;97937.9140625;-11.4771020602779;4.67968323231537;-0.855585226962025;0.569333294449553;20220811120000_20220812193000_15;09_11_15
2022-08-11 12:00:00;2022-08-12 21:00:00;33;15;Perturbed;135.55;31.92;551994.088115932;3531691.31423253;97832.3515625;-11.1210125412506;4.89534496758874;-0.732784726338135;0.665870219306724;20220811120000_20220812223000_15;09_12_15
2022-08-11 12:00:00;2022-08-13 00:00:00;36;15;Perturbed;135.68;32.39;563958.584566757;3583859.60521689;97811.2421875;-10.9240615843394;5.22194138049459;-0.664864512979638;0.812064968835882;20220811120000_20220813013000_15;09_13_15
2022-08-11 12:00:00;2022-08-13 03:00:00;39;15;Perturbed;135.94;32.89;587931.185212571;3639474.59068256;97653.25;-10.5294418311179;5.57011561457761;-0.528776533237757;0.967918624702413;20220811120000_20220813043000_15;09_14_15
2022-08-11 12:00:00;2022-08-11 12:00:00;0;16;Perturbed;136.06;28.5;603745.052917006;3153052.26137083;100123;-10.2691524553658;2.52500624237483;-0.439004157699617;-0.395215747869588;20220811120000_20220811133000_16;09_01_16
2022-08-11 12:00:00;2022-08-11 15:00:00;3;16;Perturbed;135.96;28.89;593599.990522707;3196177.55834277;100057.2109375;-10.436153194151;2.79498954124805;-0.496595783489143;-0.274362795430079;20220811120000_20220811163000_16;09_02_16
2022-08-11 12:00:00;2022-08-11 18:00:00;6;16;Perturbed;135.73;29.12;571026.903421289;3221501.61359557;99882.3515625;-10.8077351594546;2.95352924898497;-0.624738986037586;-0.203395473233227;20220811120000_20220811193000_16;09_03_16
2022-08-11 12:00:00;2022-08-11 21:00:00;9;16;Perturbed;136.28;29.18;624457.825531579;3228611.24529124;99827.6328125;-9.92819365250333;2.99803866581796;-0.321421613293344;-0.183471668842077;20220811120000_20220811223000_16;09_04_16
2022-08-11 12:00:00;2022-08-12 00:00:00;12;16;Perturbed;136.43;29.59;638487.681219086;3274212.10684703;99746.5703125;-9.69724423358394;3.28352008620802;-0.241776741016359;-0.0556812734185245;20220811120000_20220812013000_16;09_05_16
2022-08-11 12:00:00;2022-08-12 03:00:00;15;16;Perturbed;136.52;29.85;646830.528019665;3303126.02466423;99451.3828125;-9.55991027494295;3.46453391019901;-0.19441595679602;0.0253461647710851;20220811120000_20220812043000_16;09_06_16
2022-08-11 12:00:00;2022-08-12 06:00:00;18;16;Perturbed;136.56;30.18;650196.482624796;3339759.75445015;99139.5546875;-9.50450234506266;3.69387714751208;-0.175308060707363;0.128007357026298;20220811120000_20220812073000_16;09_07_16
2022-08-11 12:00:00;2022-08-12 09:00:00;21;16;Perturbed;136.57;30.52;650635.53606682;3377462.29167971;99058.5625;-9.49727496228919;3.92991158882272;-0.172815636259693;0.23366374106506;20220811120000_20220812103000_16;09_08_16
2022-08-11 12:00:00;2022-08-12 12:00:00;24;16;Perturbed;136.42;30.8;635848.581167496;3408300.07181761;99104.703125;-9.74068720526951;4.12296963586584;-0.256758419461013;0.320082549468178;20220811120000_20220812133000_16;09_09_16
2022-08-11 12:00:00;2022-08-12 15:00:00;27;16;Perturbed;136.43;31.17;636283.412139668;3449324.92725365;98847.1953125;-9.73352932976543;4.37980324824943;-0.254289965186634;0.435049291751142;20220811120000_20220812163000_16;09_10_16
2022-08-11 12:00:00;2022-08-12 18:00:00;30;16;Perturbed;136.45;31.5;637711.788463841;3485924.54948039;98646.90625;-9.71001642347377;4.60893295726262;-0.246181339379207;0.537614902073778;20220811120000_20220812193000_16;09_11_16
2022-08-11 12:00:00;2022-08-12 21:00:00;33;16;Perturbed;136.7;31.99;660598.865562429;3540598.43748095;97995.671875;-9.33326578010194;4.95121550790154;-0.116255674218325;0.690831256514517;20220811120000_20220812223000_16;09_12_16
2022-08-11 12:00:00;2022-08-13 00:00:00;36;16;Perturbed;136.91;32.41;679625.085383605;3587478.2095311;98170.109375;-9.02006979934455;5.24470346966005;-0.00824737525052119;0.822205629788716;20220811120000_20220813013000_16;09_13_16
2022-08-11 12:00:00;2022-08-13 03:00:00;39;16;Perturbed;137.19;32.93;704756.65927171;3645649.63920227;97855.546875;-8.60637186008808;5.60888216721226;0.134419879282963;0.985223383103256;20220811120000_20220813043000_16;09_14_16
2022-08-11 12:00:00;2022-08-11 12:00:00;0;17;Perturbed;136.06;28.5;603740.312607235;3153040.86967346;100122.15625;-10.2691677263029;2.52484911497292;-0.43903106755348;-0.395247671597827;20220811120000_20220811133000_17;09_01_17
2022-08-11 12:00:00;2022-08-11 15:00:00;3;17;Perturbed;136.18;29.09;614827.99509324;3218534.37360765;99902.2734375;-10.0866502518298;2.93486721313062;-0.376088363429161;-0.211710771638473;20220811120000_20220811163000_17;09_02_17
2022-08-11 12:00:00;2022-08-11 18:00:00;6;17;Perturbed;136.03;29.2;600126.054758065;3230583.01266179;99722.859375;-10.3286630460469;3.01029698514785;-0.45954853481649;-0.177946051049579;20220811120000_20220811193000_17;09_03_17
2022-08-11 12:00:00;2022-08-11 21:00:00;9;17;Perturbed;136.16;29.21;612751.766983516;3231803.02729007;99532.5703125;-10.1208276294284;3.01793481252864;-0.387874722911396;-0.174527121089675;20220811120000_20220811223000_17;09_04_17
2022-08-11 12:00:00;2022-08-12 00:00:00;12;17;Perturbed;136.31;29.39;627118.509239646;3251915.91174065;99523.9921875;-9.88433262550808;3.14385030239425;-0.306317408459137;-0.118163417217487;20220811120000_20220812013000_17;09_05_17
2022-08-11 12:00:00;2022-08-12 03:00:00;15;17;Perturbed;136.35;29.72;630570.199215294;3288516.79934428;99211.0234375;-9.82751338146727;3.37298793322251;-0.286722808673268;-0.015594260843137;20220811120000_20220812043000_17;09_06_17
2022-08-11 12:00:00;2022-08-12 06:00:00;18;17;Perturbed;136.44;29.99;638908.906860833;3318546.62085933;98873.875;-9.69024755862701;3.56098780444621;-0.239385521663579;0.0685603501659728;20220811120000_20220812073000_17;09_07_17
2022-08-11 12:00:00;2022-08-12 09:00:00;21;17;Perturbed;136.51;30.28;645242.709039563;3350773.2776375;98626.6640625;-9.58598505120644;3.7627408292262;-0.20342970880359;0.158871302028638;20220811120000_20220812103000_17;09_08_17
2022-08-11 12:00:00;2022-08-12 12:00:00;24;17;Perturbed;136.53;30.66;646580.443812845;3392911.97376423;98561.84375;-9.56396422109677;4.02654757351164;-0.195835638163689;0.276959435825839;20220811120000_20220812133000_17;09_09_17
2022-08-11 12:00:00;2022-08-12 15:00:00;27;17;Perturbed;136.44;31.08;637356.16672968;3439368.7626641;98392.1640625;-9.71580765268712;4.31738747498306;-0.248200137592602;0.407148454653049;20220811120000_20220812163000_17;09_10_17
2022-08-11 12:00:00;2022-08-12 18:00:00;30;17;Perturbed;136.44;31.5;636753.184908579;3485923.67825706;98167.8046875;-9.72573350683017;4.60884169264865;-0.251623152853528;0.537612460585408;20220811120000_20220812193000_17;09_11_17
2022-08-11 12:00:00;2022-08-12 21:00:00;33;17;Perturbed;136.55;31.87;646626.178121971;3527064.46808434;98065.234375;-9.563211375711;4.86640110523759;-0.1955760130264;0.652904093697041;20220811120000_20220812223000_17;09_12_17
2022-08-11 12:00:00;2022-08-13 00:00:00;36;17;Perturbed;136.7;32.11;660395.330144914;3553890.9433315;98035.046875;-9.33655347348162;5.03434662197413;-0.11741110679674;0.728081749616124;20220811120000_20220813013000_17;09_13_17
2022-08-11 12:00:00;2022-08-13 03:00:00;39;17;Perturbed;137.04;32.52;691611.530685476;3599900.91343734;97724.6015625;-8.82269477555263;5.32238924156038;0.0597974376389378;0.857018617750906;20220811120000_20220813043000_17;09_14_17
2022-08-11 12:00:00;2022-08-11 12:00:00;0;18;Perturbed;136.06;28.5;603749.642458299;3153058.47970217;100123.078125;-10.2692415170942;2.52497740438911;-0.438978103730261;-0.395198321816784;20220811120000_20220811133000_18;09_01_18
2022-08-11 12:00:00;2022-08-11 15:00:00;3;18;Perturbed;135.95;29;592538.078922488;3208351.11470616;99931.7890625;-10.4537982325334;2.87113358301166;-0.502624057453798;-0.240248010570463;20220811120000_20220811163000_18;09_02_18
2022-08-11 12:00:00;2022-08-11 18:00:00;6;18;Perturbed;135.79;29.42;576631.275221716;3254785.16170987;99683.6484375;-10.7156446230726;3.16183111022524;-0.592924013298047;-0.110122722905453;20220811120000_20220811193000_18;09_03_18
2022-08-11 12:00:00;2022-08-11 21:00:00;9;18;Perturbed;135.68;29.82;565693.582005394;3299043.47336559;99711.1328125;-10.8956930817946;3.43890757861793;-0.655015256331604;0.0139053536330639;20220811120000_20220811223000_18;09_04_18
2022-08-11 12:00:00;2022-08-12 00:00:00;12;18;Perturbed;135.59;30.17;556804.302364731;3337764.03466061;99652.046875;-11.0420220258229;3.68131529767562;-0.705478037801658;0.122414615741185;20220811120000_20220812013000_18;09_05_18
2022-08-11 12:00:00;2022-08-12 03:00:00;15;18;Perturbed;135.46;30.44;544166.425826595;3367634.45565274;99468.9609375;-11.2500576826299;3.86831725162001;-0.777220904239577;0.206122527824847;20220811120000_20220812043000_18;09_06_18
2022-08-11 12:00:00;2022-08-12 06:00:00;18;18;Perturbed;135.45;30.6;543146.728636323;3385368.17509258;99223.046875;-11.266843206217;3.97933812363338;-0.783009534877644;0.255818935792385;20220811120000_20220812073000_18;09_07_18
2022-08-11 12:00:00;2022-08-12 09:00:00;21;18;Perturbed;135.43;30.89;541100.56796548;3417491.66098126;98994.21875;-11.3005256352079;4.18044525333447;-0.794625207120988;0.34584076485532;20220811120000_20220812103000_18;09_08_18
2022-08-11 12:00:00;2022-08-12 12:00:00;24;18;Perturbed;135.29;31.2;527617.949230663;3451809.24729989;98958.828125;-11.5224668320151;4.39528841533516;-0.871163517351075;0.442011270762856;20220811120000_20220812133000_18;09_09_18
2022-08-11 12:00:00;2022-08-12 15:00:00;27;18;Perturbed;135.19;31.53;518039.621465905;3488347.59928138;98747.7578125;-11.6801383919201;4.62403454570435;-0.92553789642117;0.544405179310555;20220811120000_20220812163000_18;09_10_18
2022-08-11 12:00:00;2022-08-12 18:00:00;30;18;Perturbed;135.23;31.92;521737.054805603;3531601.16938835;98581.90625;-11.6192738969234;4.89482089073802;-0.904548257421878;0.665617600279563;20220811120000_20220812193000_18;09_11_18
2022-08-11 12:00:00;2022-08-12 21:00:00;33;18;Perturbed;135.39;32.33;536696.046940174;3577072.2041515;98471.0546875;-11.3730297004008;5.17948953838868;-0.819628850944224;0.793044173253253;20220811120000_20220812223000_18;09_12_18
2022-08-11 12:00:00;2022-08-13 00:00:00;36;18;Perturbed;135.64;32.78;559941.007011712;3627076.7770387;98257.546875;-10.9903878442834;5.49254012574153;-0.687671550939363;0.933175388415121;20220811120000_20220813013000_18;09_13_18
2022-08-11 12:00:00;2022-08-13 03:00:00;39;18;Perturbed;136.08;33.47;600357.667781007;3703907.12708351;98004.3984375;-10.3250777707349;5.97353185948375;-0.45823371091233;1.14848230319226;20220811120000_20220813043000_18;09_14_18
2022-08-11 12:00:00;2022-08-11 12:00:00;0;19;Perturbed;136.06;28.5;603733.582355811;3153045.14519286;100122.2109375;-10.2694343875179;2.52492771531112;-0.439069273934714;-0.39523569001904;20220811120000_20220811133000_19;09_01_19
2022-08-11 12:00:00;2022-08-11 15:00:00;3;19;Perturbed;136.44;29.07;640177.887324919;3216604.62085063;99750.0078125;-9.66951438527359;2.92283794706908;-0.232181756405028;-0.217118649022288;20220811120000_20220811163000_19;09_02_19
2022-08-11 12:00:00;2022-08-11 18:00:00;6;19;Perturbed;136.46;29.48;641549.86045639;3262064.04061777;99610.8671875;-9.64692994787497;3.20743387974363;-0.224393320995764;-0.0897246255417994;20220811120000_20220811193000_19;09_03_19
2022-08-11 12:00:00;2022-08-11 21:00:00;9;19;Perturbed;136.54;29.78;648856.026336885;3295400.54448234;99594.7421875;-9.5266610867967;3.41613503470873;-0.182917580877881;0.00369652628623415;20220811120000_20220811223000_19;09_04_19
2022-08-11 12:00:00;2022-08-12 00:00:00;12;19;Perturbed;136.71;30.04;664871.266215075;3324456.57719586;99505.0078125;-9.26302969770008;3.59803856036484;-0.092002053092409;0.0851222227142942;20220811120000_20220812013000_19;09_05_19
2022-08-11 12:00:00;2022-08-12 03:00:00;15;19;Perturbed;136.91;30.48;683339.06496125;3373521.38190464;99168.234375;-8.95902604405257;3.90520578619206;0.0128361936534845;0.22261986160086;20220811120000_20220812043000_19;09_06_19
2022-08-11 12:00:00;2022-08-12 06:00:00;18;19;Perturbed;136.94;30.9;685408.388237109;3420128.71529721;98916.21875;-8.9249623288754;4.19698816230413;0.0245833556825539;0.353230761497742;20220811120000_20220812073000_19;09_07_19
2022-08-11 12:00:00;2022-08-12 09:00:00;21;19;Perturbed;136.93;31.09;684087.528534281;3441182.9319608;98777.6328125;-8.9467053736819;4.32879680523881;0.0170850816681438;0.412232424645733;20220811120000_20220812103000_19;09_08_19
2022-08-11 12:00:00;2022-08-12 12:00:00;24;19;Perturbed;137.06;31.42;695811.970419443;3477987.0129577;98632.6953125;-8.75370602280878;4.55920651594774;0.083642550059937;0.51537100368422;20220811120000_20220812133000_19;09_09_19
2022-08-11 12:00:00;2022-08-12 15:00:00;27;19;Perturbed;137.03;31.86;692059.044454214;3526714.67927419;98315.171875;-8.815483997595;4.86426310737431;0.0623378897823677;0.651923856726982;20220811120000_20220812163000_19;09_10_19
2022-08-11 12:00:00;2022-08-12 18:00:00;30;19;Perturbed;137.18;32.3;705254.780650785;3575768.66321066;97870.3515625;-8.5982652553149;5.17136259041462;0.137247621385132;0.789391171827449;20220811120000_20220812193000_19;09_11_19
2022-08-11 12:00:00;2022-08-12 21:00:00;33;19;Perturbed;137.37;32.69;722198.372624282;3619404.9614127;97553.1015625;-8.31935200005092;5.44454498141051;0.23343323075274;0.911676137764699;20220811120000_20220812223000_19;09_12_19
2022-08-11 12:00:00;2022-08-13 00:00:00;36;19;Perturbed;137.49;33.16;732204.885897182;3671780.60867424;97342.4296875;-8.15463195750314;5.77243953567851;0.290238339038189;1.05845197589065;20220811120000_20220813013000_19;09_13_19
2022-08-11 12:00:00;2022-08-13 03:00:00;39;19;Perturbed;137.78;33.6;757973.104130241;3721265.20712797;96951.1484375;-7.73045403578637;6.08223485471473;0.436519704697915;1.19712603133675;20220811120000_20220813043000_19;09_14_19
2022-08-11 12:00:00;2022-08-11 12:00:00;0;20;Perturbed;136.06;28.5;603745.766312631;3153043.51591044;100122.78125;-10.2691754842218;2.52495787152621;-0.439000107885796;-0.395240255867985;20220811120000_20220811133000_20;09_01_20
2022-08-11 12:00:00;2022-08-11 15:00:00;3;20;Perturbed;135.68;28.99;566240.510329688;3207066.12947844;100130.1328125;-10.8865601009001;2.86316315818969;-0.651910446310513;-0.243849012059505;20220811120000_20220811163000_20;09_02_20
2022-08-11 12:00:00;2022-08-11 18:00:00;6;20;Perturbed;135.3;29.2;529164.889315793;3230182.3012135;99814.2265625;-11.4968723749501;3.00788054544415;-0.862381827200832;-0.179068991991499;20220811120000_20220811193000_20;09_03_20
2022-08-11 12:00:00;2022-08-11 21:00:00;9;20;Perturbed;135.18;29.2;517503.170053585;3230153.78241086;99816.609375;-11.6888392310031;3.00770200521469;-0.928583230968344;-0.179148912171562;20220811120000_20220811223000_20;09_04_20
2022-08-11 12:00:00;2022-08-12 00:00:00;12;20;Perturbed;135.4;29.15;538907.118919313;3224668.06438885;99616.6640625;-11.3365027805632;2.97335900117151;-0.807077007981892;-0.194521912840795;20220811120000_20220812013000_20;09_05_20
2022-08-11 12:00:00;2022-08-12 03:00:00;15;20;Perturbed;135.32;29.62;530985.897333807;3276727.39630912;99288.453125;-11.4668962473993;3.29927328248337;-0.852044304546252;-0.0486325067066965;20220811120000_20220812043000_20;09_06_20
2022-08-11 12:00:00;2022-08-12 06:00:00;18;20;Perturbed;135.18;29.79;517393.599631829;3295535.01285684;98992.1640625;-11.6906429006771;3.41701722202769;-0.929205241802985;0.00407335615659415;20220811120000_20220812073000_20;09_07_20
2022-08-11 12:00:00;2022-08-12 09:00:00;21;20;Perturbed;135.16;30.02;515436.509072357;3321017.75754115;98756;-11.722859121396;3.57655039529929;-0.940315279647669;0.0754853845390236;20220811120000_20220812103000_20;09_08_20
2022-08-11 12:00:00;2022-08-12 12:00:00;24;20;Perturbed;134.96;30.22;496142.03673807;3343166.95255572;98763.96875;-12.0404708825724;3.71521408360527;-1.04984639806712;0.137555579983964;20220811120000_20220812133000_20;09_09_20
2022-08-11 12:00:00;2022-08-12 15:00:00;27;20;Perturbed;134.85;30.65;485637.370553677;3390831.253569;98706.21875;-12.2133911609605;4.01361354122349;-1.10947942745838;0.271128492123411;20220811120000_20220812163000_20;09_10_20
2022-08-11 12:00:00;2022-08-12 18:00:00;30;20;Perturbed;134.82;31.1;482833.399117792;3440703.05604143;98634.25;-12.259548127091;4.32583292746961;-1.12539704998091;0.41088763572293;20220811120000_20220812193000_20;09_11_20
2022-08-11 12:00:00;2022-08-12 21:00:00;33;20;Perturbed;134.91;31.57;491461.223925488;3492776.30008224;98637.015625;-12.1175230649479;4.651834304766;-1.07641849880102;0.556816028738517;20220811120000_20220812223000_20;09_12_20
2022-08-11 12:00:00;2022-08-13 00:00:00;36;20;Perturbed;134.84;32.03;484891.595289894;3543780.19764424;98879.859375;-12.2256675783129;4.97114110346791;-1.11371305444317;0.699747719395634;20220811120000_20220813013000_20;09_13_20
2022-08-11 12:00:00;2022-08-13 03:00:00;39;20;Perturbed;135.05;32.5;504690.950724746;3595857.23492539;98633.625;-11.8997447937522;5.29716622811479;-1.00131580889064;0.845686742466601;20220811120000_20220813043000_20;09_14_20
2022-08-11 18:00:00;2022-08-11 18:00:00;0;0;Unperturbed;136.03;29.51;599826.84001708;3264939.23635803;99938.640625;-6.57721357897137;2.73393281677055;-0.461247121057141;-0.0816672689912365;20220811180000_20220811193000_00;10_01_00
2022-08-11 18:00:00;2022-08-11 21:00:00;3;0;Unperturbed;135.93;29.87;589812.952539903;3304752.62240915;99936.078125;-6.68213291865766;2.94520565861729;-0.51809409132399;0.0299044902484111;20220811180000_20220811223000_00;10_02_00
2022-08-11 18:00:00;2022-08-12 00:00:00;6;0;Unperturbed;136.05;30.09;601177.394140373;3329224.84952266;99846.3125;-6.56306330544878;3.07506944267104;-0.45358027735977;0.0984846765219673;20220811180000_20220812013000_00;10_03_00
2022-08-11 18:00:00;2022-08-12 03:00:00;9;0;Unperturbed;136.24;30.23;619318.006330265;3344931.32432345;99529.71875;-6.37299715413577;3.15841707761713;-0.350599407629458;0.142499998974748;20220811180000_20220812043000_00;10_04_00
2022-08-11 18:00:00;2022-08-12 06:00:00;12;0;Unperturbed;136.4;30.67;634115.721627037;3393860.61611917;99253.40625;-6.21795581566042;3.41806418509899;-0.266595539660093;0.279617880809511;20220811180000_20220812073000_00;10_05_00
2022-08-11 18:00:00;2022-08-12 09:00:00;15;0;Unperturbed;136.35;30.94;628972.147927197;3423742.54103146;99007.453125;-6.27184701000877;3.57663495292979;-0.295794647583621;0.363358031110976;20220811180000_20220812103000_00;10_06_00
2022-08-11 18:00:00;2022-08-12 12:00:00;18;0;Unperturbed;136.42;31.22;635265.419726197;3454850.57839306;99007.8203125;-6.20590998773622;3.74171218221196;-0.260068918124979;0.450534199710905;20220811180000_20220812133000_00;10_07_00
2022-08-11 18:00:00;2022-08-12 15:00:00;21;0;Unperturbed;136.42;31.62;634689.984932423;3499188.57535491;98839.171875;-6.21193903876489;3.97699522515373;-0.263335554053005;0.574785583801777;20220811180000_20220812163000_00;10_08_00
2022-08-11 18:00:00;2022-08-12 18:00:00;24;0;Unperturbed;136.58;32.09;649102.141448452;3551500.54966213;98216.6953125;-6.06093734750727;4.25459280151436;-0.181520431323189;0.72138298687777;20220811180000_20220812193000_00;10_09_00
2022-08-11 18:00:00;2022-08-12 21:00:00;27;0;Unperturbed;136.8;32.5;669094.647766542;3597279.58429979;98403.5859375;-5.85146819116327;4.49752282340401;-0.0680267042552089;0.849672688845306;20220811180000_20220812223000_00;10_10_00
2022-08-11 18:00:00;2022-08-13 00:00:00;30;0;Unperturbed;137.1;32.92;696374.603241302;3644371.10855693;98409.84375;-5.56564563507738;4.74741767394319;0.0868365115826954;0.981640469729369;20220811180000_20220813013000_00;10_11_00
2022-08-11 18:00:00;2022-08-13 03:00:00;33;0;Unperturbed;137.55;33.41;737142.140968759;3699644.85848433;98382.7890625;-5.13850850688923;5.04073214389792;0.318266214615324;1.13653785804127;20220811180000_20220813043000_00;10_12_00
2022-08-11 18:00:00;2022-08-13 06:00:00;36;0;Unperturbed;138.14;34.02;789957.449883465;3768819.52642809;98248.0390625;-4.58514225933672;5.40781292073813;0.618088866143155;1.33039073424212;20220811180000_20220813073000_00;10_13_00
2022-08-11 18:00:00;2022-08-13 09:00:00;39;0;Unperturbed;138.8;34.6;848525.151210736;3835250.57252227;98172.6875;-3.97150599028475;5.7603344540021;0.950566775799821;1.51655497235394;20220811180000_20220813103000_00;10_14_00
2022-08-11 18:00:00;2022-08-11 18:00:00;0;1;Perturbed;136.03;29.51;599836.892492316;3264930.4292124;99938.2890625;-6.57707335229118;2.73395666871151;-0.461190055031373;-0.0816919498543704;20220811180000_20220811193000_01;10_01_01
2022-08-11 18:00:00;2022-08-11 21:00:00;3;1;Perturbed;135.69;29.9;566609.33449485;3307903.27317245;99919.0078125;-6.92521122106867;2.96199542065339;-0.649816700360356;0.0387337731423622;20220811180000_20220811223000_01;10_02_01
2022-08-11 18:00:00;2022-08-12 00:00:00;6;1;Perturbed;135.56;30.4;553788.883289244;3363243.31532516;99797.8828125;-7.05953600532835;3.25566167547809;-0.722596009110697;0.193816936665469;20220811180000_20220812013000_01;10_03_01
2022-08-11 18:00:00;2022-08-12 03:00:00;9;1;Perturbed;135.43;30.43;541292.121502503;3366514.88674226;99631.1328125;-7.19046937140322;3.2730225246585;-0.79353779344189;0.202985083730753;20220811180000_20220812043000_01;10_04_01
2022-08-11 18:00:00;2022-08-12 06:00:00;12;1;Perturbed;135.55;30.71;552661.618913288;3397599.48934192;99265.2109375;-7.07134678653063;3.43797539554657;-0.7289952785861;0.290095579503619;20220811180000_20220812073000_01;10_05_01
2022-08-11 18:00:00;2022-08-12 09:00:00;15;1;Perturbed;135.49;30.88;546838.53244999;3416411.07021217;99012.8671875;-7.13235749671265;3.53780051830768;-0.76205185364697;0.34281255185755;20220811180000_20220812103000_01;10_06_01
2022-08-11 18:00:00;2022-08-12 12:00:00;18;1;Perturbed;135.36;31.22;534294.695597735;3454049.54917291;99041.65625;-7.26378408630343;3.73753204585508;-0.833260874339235;0.448289421053308;20220811180000_20220812133000_01;10_07_01
2022-08-11 18:00:00;2022-08-12 15:00:00;21;1;Perturbed;135.32;31.6;530363.312127403;3496154.07288765;98760.2890625;-7.30497469871054;3.96096298861375;-0.855578604566866;0.566281791176489;20220811180000_20220812163000_01;10_08_01
2022-08-11 18:00:00;2022-08-12 18:00:00;24;1;Perturbed;135.38;31.98;535906.478810533;3538289.38776973;98479.25;-7.2468968154219;4.18455732710624;-0.82411108185521;0.684360449481884;20220811180000_20220812193000_01;10_09_01
2022-08-11 18:00:00;2022-08-12 21:00:00;27;1;Perturbed;135.47;32.44;544172.233960666;3589295.71996211;98586.90625;-7.16029332858054;4.45522641163542;-0.777187932546453;0.827298962869287;20220811180000_20220812223000_01;10_10_01
2022-08-11 18:00:00;2022-08-13 00:00:00;30;1;Perturbed;135.81;32.87;575774.188662313;3637174.89889314;98559.7890625;-6.82918752899475;4.70930101320435;-0.597789533733494;0.961474042010412;20220811180000_20220813013000_01;10_11_01
2022-08-11 18:00:00;2022-08-13 03:00:00;33;1;Perturbed;136.26;33.4;617170.952402896;3696343.73099889;98272.046875;-6.39545775854243;5.02328504087996;-0.362787832059896;1.1272868839957;20220811180000_20220813043000_01;10_12_01
2022-08-11 18:00:00;2022-08-13 06:00:00;36;1;Perturbed;136.88;34.08;673467.794385551;3772627.19812452;97972.203125;-5.80561415377799;5.42808921565834;-0.0432011670809645;1.34106123157767;20220811180000_20220813073000_01;10_13_01
2022-08-11 18:00:00;2022-08-13 09:00:00;39;1;Perturbed;137.48;34.73;727061.200621632;3845897.20270509;97933.96875;-5.24409548216875;5.81690221613978;0.261038597720183;1.54639074813914;20220811180000_20220813103000_01;10_14_01
2022-08-11 18:00:00;2022-08-11 18:00:00;0;2;Perturbed;136.03;29.51;599825.974035725;3264941.98241512;99938.875;-6.5773401561565;2.73399426481382;-0.461252037071673;-0.0816595735287171;20220811180000_20220811193000_02;10_01_02
2022-08-11 18:00:00;2022-08-11 21:00:00;3;2;Perturbed;136.18;29.79;614059.50428173;3296092.65079084;99932;-6.42821000083777;2.89929771890121;-0.380450942338882;0.00563606286121107;20220811180000_20220811223000_02;10_02_02
2022-08-11 18:00:00;2022-08-12 00:00:00;6;2;Perturbed;136.44;29.9;639029.971693544;3308577.18508138;99854.09375;-6.16658483693648;2.96554787494947;-0.238698259203204;0.0406223223141296;20220811180000_20220812013000_02;10_03_02
2022-08-11 18:00:00;2022-08-12 03:00:00;9;2;Perturbed;136.68;30.03;662003.143000158;3323293.16296473;99664.8515625;-5.92588611034469;3.04363936066176;-0.108283853291547;0.0818619078964455;20220811180000_20220812043000_02;10_04_02
2022-08-11 18:00:00;2022-08-12 06:00:00;12;2;Perturbed;137.05;30.5;696744.534181518;3375977.80765864;99451.0546875;-5.56188723070489;3.32321454152874;0.0889365404882712;0.229503670540494;20220811180000_20220812073000_02;10_05_02
2022-08-11 18:00:00;2022-08-12 09:00:00;15;2;Perturbed;137.09;30.84;699882.526138955;3413738.07196065;99432.0859375;-5.52900928546479;3.52359233249905;0.106750335171764;0.335321827080123;20220811180000_20220812103000_02;10_06_02
2022-08-11 18:00:00;2022-08-12 12:00:00;18;2;Perturbed;137.26;31.37;714947.840130355;3472807.27549127;99457.515625;-5.37116421283472;3.83704767336141;0.19227331098727;0.500855473134101;20220811180000_20220812133000_02;10_07_02
2022-08-11 18:00:00;2022-08-12 15:00:00;21;2;Perturbed;137.24;31.92;711782.791215133;3533756.9188536;99492.078125;-5.40432564419859;4.16048171502194;0.174305919004202;0.671658803607736;20220811180000_20220812163000_02;10_08_02
2022-08-11 18:00:00;2022-08-12 18:00:00;24;2;Perturbed;137.43;32.39;728570.628918182;3586262.73942709;99447.375;-5.22843303000865;4.43910795173073;0.269607340447669;0.818799435258219;20220811180000_20220812193000_02;10_09_02
2022-08-11 18:00:00;2022-08-12 21:00:00;27;2;Perturbed;137.6;32.61;743985.273834917;3611043.38928431;99488.4375;-5.06692788329629;4.57060840515669;0.357113402728953;0.88824393556076;20220811180000_20220812223000_02;10_10_02
2022-08-11 18:00:00;2022-08-13 00:00:00;30;2;Perturbed;137.9;33.03;770853.418361092;3658345.52204718;99361.453125;-4.78542002845901;4.82162086617649;0.509638844670038;1.02080191898282;20220811180000_20220813013000_02;10_11_02
2022-08-11 18:00:00;2022-08-13 03:00:00;33;2;Perturbed;138.27;33.62;803373.281957449;3724829.57602237;99276.7109375;-4.44469694534125;5.17442368990006;0.694248040964419;1.20711470468438;20220811180000_20220813043000_02;10_12_02
2022-08-11 18:00:00;2022-08-13 06:00:00;36;2;Perturbed;138.63;34.18;834595.337565486;3788078.54345885;99228.5234375;-4.11757149426045;5.51005927429923;0.871489823525395;1.38436158737651;20220811180000_20220813073000_02;10_13_02
2022-08-11 18:00:00;2022-08-13 09:00:00;39;2;Perturbed;139.2;34.67;884916.028647196;3844475.27790293;99206.8125;-3.59034231449547;5.80933294927829;1.15715099519811;1.54240599156808;20220811180000_20220813103000_02;10_14_02
2022-08-11 18:00:00;2022-08-11 18:00:00;0;3;Perturbed;136.03;29.51;599821.832070445;3264934.48592631;99938.4609375;-6.57725611801517;2.73396798956033;-0.461275550235534;-0.081680581449112;20220811180000_20220811193000_03;10_01_03
2022-08-11 18:00:00;2022-08-11 21:00:00;3;3;Perturbed;135.83;29.9;580129.702635564;3307998.90922978;99846.5;-6.78357811055138;2.96249271443891;-0.573064093798347;0.0390017805695433;20220811180000_20220811223000_03;10_02_03
2022-08-11 18:00:00;2022-08-12 00:00:00;6;3;Perturbed;135.94;30.2;590480.18605337;3341310.88181583;99774.6328125;-6.67513212610178;3.13926529808047;-0.514306331197111;0.132354186727514;20220811180000_20220812013000_03;10_03_03
2022-08-11 18:00:00;2022-08-12 03:00:00;9;3;Perturbed;135.99;30.28;595217.50617647;3350233.22016476;99595.2734375;-6.62549740628581;3.18661238321602;-0.487413449007634;0.15735786224618;20220811180000_20220812043000_03;10_04_03
2022-08-11 18:00:00;2022-08-12 06:00:00;12;3;Perturbed;136.31;30.42;625820.459239961;3366054.05726306;99050.7890625;-6.30485853000626;3.27056689062369;-0.313686196045896;0.201693669942497;20220811180000_20220812073000_03;10_05_03
2022-08-11 18:00:00;2022-08-12 09:00:00;15;3;Perturbed;136.34;30.65;628393.549138796;3391587.4046849;98872.2734375;-6.27789928028885;3.4060615924495;-0.299079244918636;0.273247505817546;20220811180000_20220812103000_03;10_06_03
2022-08-11 18:00:00;2022-08-12 12:00:00;18;3;Perturbed;136.44;30.9;637626.839300256;3419397.85680164;98823.0390625;-6.18115855805882;3.55363992814298;-0.246663579926398;0.351182627033571;20220811180000_20220812133000_03;10_07_03
2022-08-11 18:00:00;2022-08-12 15:00:00;21;3;Perturbed;136.55;31.19;647688.694130355;3451703.43596469;98476.2109375;-6.07573664601923;3.72507200650277;-0.189544307949396;0.441714748462531;20220811180000_20220812163000_03;10_08_03
2022-08-11 18:00:00;2022-08-12 18:00:00;24;3;Perturbed;136.58;31.6;649884.086380064;3497183.44538436;98518.8125;-6.05273467942865;3.96641522772424;-0.177081475884655;0.569166471726493;20220811180000_20220812193000_03;10_09_03
2022-08-11 18:00:00;2022-08-12 21:00:00;27;3;Perturbed;136.83;32.09;672699.915438412;3551885.98905836;98361.953125;-5.81368448791681;4.25669854709356;-0.0475602725508429;0.722463129909623;20220811180000_20220812223000_03;10_10_03
2022-08-11 18:00:00;2022-08-13 00:00:00;30;3;Perturbed;136.95;32.6;682984.20459934;3608625.95571424;98555.203125;-5.70593204608373;4.55779361060527;0.0108217176082602;0.881469397069805;20220811180000_20220813013000_03;10_11_03
2022-08-11 18:00:00;2022-08-13 03:00:00;33;3;Perturbed;137.32;33.21;716228.933855355;3676972.52090042;98307.171875;-5.3576142674448;4.92047999550126;0.199545840967267;1.07300162459797;20220811180000_20220813043000_03;10_12_03
2022-08-11 18:00:00;2022-08-13 06:00:00;36;3;Perturbed;137.82;33.89;760798.502687557;3753547.42557481;98154.5390625;-4.8906418011938;5.32683070638858;0.452558964989764;1.28759268744204;20220811180000_20220813073000_03;10_13_03
2022-08-11 18:00:00;2022-08-13 09:00:00;39;3;Perturbed;138.62;34.51;832359.756291648;3824652.92033092;98080.140625;-4.14086710157025;5.70415756647413;0.858798845871347;1.48685645092497;20220811180000_20220813103000_03;10_14_03
2022-08-11 18:00:00;2022-08-11 18:00:00;0;4;Perturbed;136.03;29.51;599819.480172741;3264925.99593877;99938.84375;-6.57728612534537;2.73394495756423;-0.46128890151985;-0.0817043735185517;20220811180000_20220811193000_04;10_01_04
2022-08-11 18:00:00;2022-08-11 21:00:00;3;4;Perturbed;135.95;29.81;591793.684636433;3298117.80011233;100044.8828125;-6.6613754632819;2.91007985814175;-0.506849844885765;0.0113112765250537;20220811180000_20220811223000_04;10_02_04
2022-08-11 18:00:00;2022-08-12 00:00:00;6;4;Perturbed;136.05;30.03;601243.448229769;3322571.62601093;99943.1640625;-6.56236666588288;3.03984599471176;-0.453205300622269;0.0798398958226993;20220811180000_20220812013000_04;10_03_04
2022-08-11 18:00:00;2022-08-12 03:00:00;9;4;Perturbed;136.18;30.39;613366.618392586;3362596.30878336;99721.546875;-6.43534756253403;3.25224009910895;-0.384384326214851;0.192003786233722;20220811180000_20220812043000_04;10_04_04
2022-08-11 18:00:00;2022-08-12 06:00:00;12;4;Perturbed;136.22;30.71;616821.648768944;3398100.47273545;99458.1953125;-6.39914788418636;3.44064571740825;-0.364770763597582;0.291499519336677;20220811180000_20220812073000_04;10_05_04
2022-08-11 18:00:00;2022-08-12 09:00:00;15;4;Perturbed;136.32;31.1;625889.137815733;3441428.50058685;99331.859375;-6.30414432382381;3.67056928040355;-0.313296320589058;0.412920598306406;20220811180000_20220812103000_04;10_06_04
2022-08-11 18:00:00;2022-08-12 12:00:00;18;4;Perturbed;136.41;31.71;633603.157526676;3509148.35893495;99284.4140625;-6.22332158078383;4.02992999652782;-0.269505270395485;0.602696562643025;20220811180000_20220812133000_04;10_07_04
2022-08-11 18:00:00;2022-08-12 15:00:00;21;4;Perturbed;136.24;32.32;616716.68401708;3576579.04233361;99369.609375;-6.40024764014836;4.38775618320317;-0.365366628903826;0.791662152353521;20220811180000_20220812163000_04;10_08_04
2022-08-11 18:00:00;2022-08-12 18:00:00;24;4;Perturbed;136.39;32.67;630344.361129138;3615549.43785309;99008.34375;-6.25746524047453;4.59455562997017;-0.288004849339103;0.900871541898804;20220811180000_20220812193000_04;10_09_04
2022-08-11 18:00:00;2022-08-12 21:00:00;27;4;Perturbed;136.58;33.23;647221.07646591;3677889.50923726;99215.796875;-6.08064142122918;4.92536808649804;-0.192198886156667;1.07557136337409;20220811180000_20220812223000_04;10_10_04
2022-08-11 18:00:00;2022-08-13 00:00:00;30;4;Perturbed;137;33.71;685343.29240415;3731800.18039203;99112.140625;-5.68122034397678;5.21144927251193;0.0242138187880003;1.22664890334531;20220811180000_20220813013000_04;10_11_04
2022-08-11 18:00:00;2022-08-13 03:00:00;33;4;Perturbed;137.48;34.29;728277.564702997;3797093.43426854;99059.8515625;-5.23138150668477;5.5579330225301;0.267943669594076;1.40962462895002;20220811180000_20220813043000_04;10_12_04
2022-08-11 18:00:00;2022-08-13 06:00:00;36;4;Perturbed;137.96;34.89;770499.639239243;3864850.88371333;98990.859375;-4.78900463849799;5.91749321874421;0.507630506622844;1.59950593737328;20220811180000_20220813073000_04;10_13_04
2022-08-11 18:00:00;2022-08-13 09:00:00;39;4;Perturbed;139.07;35.49;869267.526225741;3935012.97703486;99033.6328125;-3.75417560647108;6.28981384545308;1.0683173675085;1.79612594286007;20220811180000_20220813103000_04;10_14_04
2022-08-11 18:00:00;2022-08-11 18:00:00;0;5;Perturbed;136.03;29.51;599827.394203773;3264938.20880665;99939.1640625;-6.57733986726603;2.7339404895712;-0.461243975042719;-0.0816701485683524;20220811180000_20220811193000_05;10_01_05
2022-08-11 18:00:00;2022-08-11 21:00:00;3;5;Perturbed;135.72;30.04;569414.645190339;3323437.48686437;100047.84375;-6.89598590276491;3.0443714764099;-0.633891475111002;0.0822663565751567;20220811180000_20220811223000_05;10_02_05
2022-08-11 18:00:00;2022-08-12 00:00:00;6;5;Perturbed;135.75;30.38;572058.622609394;3361126.1805393;100061.6875;-6.86828393731094;3.24436947225905;-0.618882108761541;0.187883945879321;20220811180000_20220812013000_05;10_03_05
2022-08-11 18:00:00;2022-08-12 03:00:00;9;5;Perturbed;135.76;30.59;572857.575721584;3384401.25420346;99991.4375;-6.8599129991351;3.36788046805595;-0.614346601056187;0.253109267629369;20220811180000_20220812043000_05;10_04_05
2022-08-11 18:00:00;2022-08-12 06:00:00;12;5;Perturbed;135.92;30.81;588008.758875236;3408911.63329097;99796.3203125;-6.70116824235905;3.49794670853876;-0.528336162032765;0.32179636977419;20220811180000_20220812073000_05;10_05_05
2022-08-11 18:00:00;2022-08-12 09:00:00;15;5;Perturbed;135.94;31.09;589660.86477443;3439960.15273373;99666.3046875;-6.68385849522735;3.66270810133724;-0.51895746518369;0.408805747262636;20220811180000_20220812103000_05;10_06_05
2022-08-11 18:00:00;2022-08-12 12:00:00;18;5;Perturbed;135.87;31.52;582599.77652826;3487563.09453714;99678.3125;-6.75784022489459;3.91531682901894;-0.559041945311556;0.542206708315549;20220811180000_20220812133000_05;10_07_05
2022-08-11 18:00:00;2022-08-12 15:00:00;21;5;Perturbed;135.84;31.97;579372.88433416;3537414.50379656;99637.8671875;-6.79164961200979;4.17985722482396;-0.577360410046697;0.681908702627382;20220811180000_20220812163000_05;10_08_05
2022-08-11 18:00:00;2022-08-12 18:00:00;24;5;Perturbed;135.92;32.54;586381.362449537;3600664.96158442;99590.765625;-6.71821909886022;4.51550071788916;-0.537574587812455;0.85915976183256;20220811180000_20220812193000_05;10_09_05
2022-08-11 18:00:00;2022-08-12 21:00:00;27;5;Perturbed;135.95;33.01;588736.875141663;3652796.39386142;99659.84375;-6.69353948898405;4.79214023386908;-0.52420278188018;1.00525121969951;20220811180000_20220812223000_05;10_10_05
2022-08-11 18:00:00;2022-08-13 00:00:00;30;5;Perturbed;136.21;33.43;612490.520769678;3699616.2141981;99673.609375;-6.44466343359462;5.04059326633873;-0.38935776890969;1.13645758621003;20220811180000_20220813013000_05;10_11_05
2022-08-11 18:00:00;2022-08-13 03:00:00;33;5;Perturbed;136.53;33.94;641399.767534644;3756566.17202665;99740.796875;-6.14177016778539;5.34280266440503;-0.225245370499935;1.29605232591382;20220811180000_20220813043000_05;10_12_05
2022-08-11 18:00:00;2022-08-13 06:00:00;36;5;Perturbed;136.97;34.58;680693.35339967;3828235.02285308;99633.78125;-5.73007619855903;5.72311901746654;-0.0021830170994359;1.49689482042364;20220811180000_20220813073000_05;10_13_05
2022-08-11 18:00:00;2022-08-13 09:00:00;39;5;Perturbed;137.6;35.17;736798.333115647;3894996.53048877;99832.6171875;-5.14224280834677;6.07739417070407;0.316314481599761;1.68398513338625;20220811180000_20220813103000_05;10_14_05
2022-08-11 18:00:00;2022-08-11 18:00:00;0;6;Perturbed;136.03;29.51;599828.281327892;3264924.55241413;99938.1171875;-6.57735246825154;2.73387408286977;-0.461238939004662;-0.0817084188058174;20220811180000_20220811193000_06;10_01_06
2022-08-11 18:00:00;2022-08-11 21:00:00;3;6;Perturbed;136.08;29.63;604558.642383724;3278281.59118475;99753.28125;-6.52779066125234;2.80475425206971;-0.434385562141264;-0.0442770807137303;20220811180000_20220811223000_06;10_02_06
2022-08-11 18:00:00;2022-08-12 00:00:00;6;6;Perturbed;136.2;29.91;615843.229593209;3309425.5352447;99435.5390625;-6.40955771312406;2.97002202305041;-0.370325066651049;0.0429997116688299;20220811180000_20220812013000_06;10_03_06
2022-08-11 18:00:00;2022-08-12 03:00:00;9;6;Perturbed;136.42;30.09;636841.449756053;3329611.396977;99040.140625;-6.18955130711099;3.07713987451455;-0.251122089787721;0.0995679247404089;20220811180000_20220812043000_06;10_04_06
2022-08-11 18:00:00;2022-08-12 06:00:00;12;6;Perturbed;136.69;30.5;662186.219141769;3375397.61811705;98556.2734375;-5.92400443787452;3.32010803214029;-0.107244564204023;0.227877765932319;20220811180000_20220812073000_06;10_05_06
2022-08-11 18:00:00;2022-08-12 09:00:00;15;6;Perturbed;136.75;30.88;667289.767660239;3417618.10971406;98455.5234375;-5.8705326027021;3.5441543675214;-0.0782726717650369;0.346195120738383;20220811180000_20220812103000_06;10_06_06
2022-08-11 18:00:00;2022-08-12 12:00:00;18;6;Perturbed;136.81;31.21;672422.331258274;3454295.20088808;98493.6171875;-5.81675676541303;3.73878421571012;-0.0491360661345888;0.448977827560267;20220811180000_20220812133000_06;10_07_06
2022-08-11 18:00:00;2022-08-12 15:00:00;21;6;Perturbed;136.95;31.6;685009.177283915;3497746.32324507;98237.671875;-5.68487955221753;3.969360989311;0.0223171096079775;0.570743862634064;20220811180000_20220812163000_06;10_08_06
2022-08-11 18:00:00;2022-08-12 18:00:00;24;6;Perturbed;137.2;32.01;707794.281091237;3543662.3374106;97833.6328125;-5.44615128094464;4.21301790376112;0.151663891426116;0.69941743164784;20220811180000_20220812193000_06;10_09_06
2022-08-11 18:00:00;2022-08-12 21:00:00;27;6;Perturbed;137.49;32.52;733885.623643213;3600818.07002487;97617.6484375;-5.17278227831492;4.51631926179546;0.299779573538052;0.859588828027371;20220811180000_20220812223000_06;10_10_06
2022-08-11 18:00:00;2022-08-13 00:00:00;30;6;Perturbed;137.86;33.03;767127.415824335;3658256.18422672;97457.1953125;-4.82449527253608;4.82111909977362;0.488487023671054;1.02055156153313;20220811180000_20220813013000_06;10_11_06
2022-08-11 18:00:00;2022-08-13 03:00:00;33;6;Perturbed;138.28;33.61;804346.318746891;3723738.6694149;97079.921875;-4.43453855219318;5.16860702052295;0.699771789215436;1.20405758291118;20220811180000_20220813043000_06;10_12_06
2022-08-11 18:00:00;2022-08-13 06:00:00;36;6;Perturbed;138.88;34.07;858110.496199019;3776725.72465379;96539.3046875;-3.87123064505819;5.44978696656014;1.00498099033821;1.35254681119086;20220811180000_20220813073000_06;10_13_06
2022-08-11 18:00:00;2022-08-13 09:00:00;39;6;Perturbed;139.59;34.57;921184.709133571;3834943.15113747;95973.5625;-3.21037792553159;5.75872228601324;1.36304152531698;1.51569346450112;20220811180000_20220813103000_06;10_14_06
2022-08-11 18:00:00;2022-08-11 18:00:00;0;7;Perturbed;136.03;29.51;599822.840558585;3264939.23711706;99938.09375;-6.57733455065616;2.73403317454585;-0.461269825236582;-0.0816672668641479;20220811180000_20220811193000_07;10_01_07
2022-08-11 18:00:00;2022-08-11 21:00:00;3;7;Perturbed;136.19;29.69;615137.658079537;3285024.81468931;99726.1953125;-6.41687533385585;2.84061886028412;-0.374330464449881;-0.0253800869141116;20220811180000_20220811223000_07;10_02_07
2022-08-11 18:00:00;2022-08-12 00:00:00;6;7;Perturbed;136.44;29.91;639019.034451576;3309681.64598933;99436.1640625;-6.16666099447318;2.97146226086814;-0.238760347884582;0.0437174282253222;20220811180000_20220812013000_07;10_03_07
2022-08-11 18:00:00;2022-08-12 03:00:00;9;7;Perturbed;136.68;30.1;661875.641194199;3331062.40044345;98963.640625;-5.92718355952389;3.08492090386197;-0.109007657247684;0.103634170429922;20220811180000_20220812043000_07;10_04_07
2022-08-11 18:00:00;2022-08-12 06:00:00;12;7;Perturbed;136.95;30.58;686986.69296921;3384680.39693256;98652.9765625;-5.66408543933159;3.36944898890951;0.0335430970799141;0.253891528282239;20220811180000_20220812073000_07;10_05_07
2022-08-11 18:00:00;2022-08-12 09:00:00;15;7;Perturbed;137.2;30.8;710484.241560304;3409503.48247193;98336.90625;-5.4178926108179;3.50117463059627;0.16693429496845;0.323454948982681;20220811180000_20220812103000_07;10_06_07
2022-08-11 18:00:00;2022-08-12 12:00:00;18;7;Perturbed;137.42;31.2;730581.217685015;3454294.20111271;98605.8984375;-5.20732888424302;3.73886007647737;0.281021077630906;0.448975025821757;20220811180000_20220812133000_07;10_07_07
2022-08-11 18:00:00;2022-08-12 15:00:00;21;7;Perturbed;137.69;31.61;755200.222009027;3500357.72025476;98321.5;-4.94938613390792;3.98329973760311;0.420778570412416;0.578061958062319;20220811180000_20220812163000_07;10_08_07
2022-08-11 18:00:00;2022-08-12 18:00:00;24;7;Perturbed;138.01;32.04;784235.334234322;3548834.48844409;97992.5078125;-4.64517412739813;4.240545493233;0.585605483549567;0.713911702221007;20220811180000_20220812193000_07;10_09_07
2022-08-11 18:00:00;2022-08-12 21:00:00;27;7;Perturbed;138.38;32.48;817672.21012745;3598678.37163145;97990.4140625;-4.2948431547489;4.50504595134905;0.775420387506195;0.853592605709335;20220811180000_20220812223000_07;10_10_07
2022-08-11 18:00:00;2022-08-13 00:00:00;30;7;Perturbed;138.82;32.99;856987.499263438;3656669.94909331;97729.4921875;-3.8829217920289;4.8127827853328;0.998605946325356;1.01610634694689;20220811180000_20220813013000_07;10_11_07
2022-08-11 18:00:00;2022-08-13 03:00:00;33;7;Perturbed;139.28;33.63;897102.975303936;3729363.57115831;97233.875;-3.46261656421773;5.19853716698941;1.2263340168586;1.21982062758808;20220811180000_20220813043000_07;10_12_07
2022-08-11 18:00:00;2022-08-13 06:00:00;36;7;Perturbed;139.72;34.16;935240.467813052;3789973.20403951;96694.5859375;-3.06303542847329;5.52016691648269;1.44283344404499;1.38967112356808;20220811180000_20220813073000_07;10_13_07
2022-08-11 18:00:00;2022-08-13 09:00:00;39;7;Perturbed;140.28;34.56;984626.761834522;3836946.5764753;96295.828125;-2.54559628507418;5.76943478515613;1.72319021799784;1.52130779956823;20220811180000_20220813103000_07;10_14_07
2022-08-11 18:00:00;2022-08-11 18:00:00;0;8;Perturbed;136.03;29.51;599819.920386925;3264926.47531583;99939.234375;-6.57736487952076;2.733899653948;-0.461286402506092;-0.0817030301276002;20220811180000_20220811193000_08;10_01_08
2022-08-11 18:00:00;2022-08-11 21:00:00;3;8;Perturbed;135.7;30;567520.63649703;3318988.51728132;100045.8828125;-6.91577686445582;3.02078410098855;-0.644643408974758;0.0697987065604759;20220811180000_20220811223000_08;10_02_08
2022-08-11 18:00:00;2022-08-12 00:00:00;6;8;Perturbed;135.57;30.31;554797.535675837;3353279.55223388;100044.140625;-7.04908167140158;3.20275215552659;-0.716870077761768;0.165894805769253;20220811180000_20220812013000_08;10_03_08
2022-08-11 18:00:00;2022-08-12 03:00:00;9;8;Perturbed;135.45;30.52;543166.217515256;3376500.27093832;99937.734375;-7.17094745268489;3.32597471248546;-0.78289890014925;0.23096780491924;20220811180000_20220812043000_08;10_04_08
2022-08-11 18:00:00;2022-08-12 06:00:00;12;8;Perturbed;135.54;30.76;551680.651059698;3403136.5409638;99758.65625;-7.08173846693168;3.4673221592275;-0.734564050008074;0.305612435810708;20220811180000_20220812073000_08;10_05_08
2022-08-11 18:00:00;2022-08-12 09:00:00;15;8;Perturbed;135.49;31.04;546751.192061083;3434145.535467;99629.3515625;-7.1333862994367;3.63187380984795;-0.762547668734026;0.39251104987313;20220811180000_20220812103000_08;10_06_08
2022-08-11 18:00:00;2022-08-12 12:00:00;18;8;Perturbed;135.32;31.4;530422.637567654;3473978.88859191;99602.7578125;-7.30446682729232;3.84325260853091;-0.855241825114762;0.504138764201542;20220811180000_20220812133000_08;10_07_08
2022-08-11 18:00:00;2022-08-12 15:00:00;21;8;Perturbed;135.18;31.8;517034.56144782;3518283.57122413;99465.484375;-7.44473883547737;4.07835886638122;-0.931243434564541;0.628296789280962;20220811180000_20220812163000_08;10_08_08
2022-08-11 18:00:00;2022-08-12 18:00:00;24;8;Perturbed;135.12;32.27;511296.601799445;3570368.5820947;99303.8203125;-7.50485763937108;4.35475204354316;-0.963816760584728;0.774258157283779;20220811180000_20220812193000_08;10_09_08
2022-08-11 18:00:00;2022-08-12 21:00:00;27;8;Perturbed;135.19;32.62;517815.822813788;3609178.58741386;99186.1484375;-7.43655326051195;4.56070036718833;-0.926808359600594;0.883018074463362;20220811180000_20220812223000_08;10_10_08
2022-08-11 18:00:00;2022-08-13 00:00:00;30;8;Perturbed;135.47;33.07;543861.072002124;3659154.52799914;99175.8203125;-7.16366719573109;4.82590159819791;-0.77895434091141;1.02306905137843;20220811180000_20220813013000_08;10_11_08
2022-08-11 18:00:00;2022-08-13 03:00:00;33;8;Perturbed;135.95;33.69;588056.739745924;3728180.58430101;99151.265625;-6.70061223458413;5.19219375575633;-0.528063783584772;1.21650546306888;20220811180000_20220813043000_08;10_12_08
2022-08-11 18:00:00;2022-08-13 06:00:00;36;8;Perturbed;136.59;34.52;645948.266469945;3820971.40095298;99233.21875;-6.09406050618107;5.68459546974699;-0.199424390952966;1.47653947881051;20220811180000_20220813073000_08;10_13_08
2022-08-11 18:00:00;2022-08-13 09:00:00;39;8;Perturbed;137.2;35.66;699152.095459922;3948465.81095929;99467.6953125;-5.53662358479234;6.3611545116487;0.102603816530763;1.83382573422623;20220811180000_20220813103000_08;10_14_08
2022-08-11 18:00:00;2022-08-11 18:00:00;0;9;Perturbed;136.03;29.51;599831.387690046;3264939.16198493;99938.546875;-6.57714836429928;2.73394526205896;-0.46122130476647;-0.0816674774120244;20220811180000_20220811193000_09;10_01_09
2022-08-11 18:00:00;2022-08-11 21:00:00;3;9;Perturbed;136.07;29.69;603529.688437595;3284919.3736071;99842.3125;-6.53839984897208;2.83997181515582;-0.440226741654696;-0.0256755716292966;20220811180000_20220811223000_09;10_02_09
2022-08-11 18:00:00;2022-08-12 00:00:00;6;9;Perturbed;136.32;29.83;627531.703492932;3300686.99674136;99687.3046875;-6.28692153183642;2.92364393850815;-0.30397178179971;0.0185111109567619;20220811180000_20220812013000_09;10_03_09
2022-08-11 18:00:00;2022-08-12 03:00:00;9;9;Perturbed;136.55;30.02;649463.251383332;3322013.14767413;99313.59375;-6.05713629326614;3.03681282365232;-0.179470477618595;0.0782748340001784;20220811180000_20220812043000_09;10_04_09
2022-08-11 18:00:00;2022-08-12 06:00:00;12;9;Perturbed;136.81;30.42;673842.886662614;3366712.45144698;98965.1796875;-5.80170150421697;3.27401316939873;-0.041071838229394;0.203538732738176;20220811180000_20220812073000_09;10_05_09
2022-08-11 18:00:00;2022-08-12 09:00:00;15;9;Perturbed;136.92;30.73;683826.643554609;3401256.26465841;98638.265625;-5.6970978542275;3.45732261150529;0.015604086328791;0.300343209651977;20220811180000_20220812103000_09;10_06_09
2022-08-11 18:00:00;2022-08-12 12:00:00;18;9;Perturbed;137.06;31.19;696296.604011514;3452486.18639437;98613.6796875;-5.56644529596433;3.72917819140611;0.0863937245125718;0.443908303222551;20220811180000_20220812133000_09;10_07_09
2022-08-11 18:00:00;2022-08-12 15:00:00;21;9;Perturbed;137.2;31.6;708714.540517726;3498204.85517958;98177.703125;-5.43633781258513;3.97178787718613;0.156888032437751;0.572028837856573;20220811180000_20220812163000_09;10_08_09
2022-08-11 18:00:00;2022-08-12 18:00:00;24;9;Perturbed;137.42;32.11;728336.265049248;3555196.9477277;98057.109375;-5.23075347922353;4.27422086643191;0.268276900504209;0.731741654550416;20220811180000_20220812193000_09;10_09_09
2022-08-11 18:00:00;2022-08-12 21:00:00;27;9;Perturbed;137.72;32.73;754898.71914561;3624618.54619042;97990.3515625;-4.95244846025967;4.64261199935216;0.419066994927759;0.926286520937046;20220811180000_20220812223000_09;10_10_09
2022-08-11 18:00:00;2022-08-13 00:00:00;30;9;Perturbed;138.09;33.33;787639.907624975;3692128.63840689;97843.90625;-4.60940647145875;5.00085957511969;0.604932611276024;1.11547464337787;20220811180000_20220813013000_09;10_11_09
2022-08-11 18:00:00;2022-08-13 03:00:00;33;9;Perturbed;138.44;34;817739.64358492;3767494.38158003;97704.6640625;-4.29403999376997;5.40079377608508;0.775803194658816;1.32667719071794;20220811180000_20220813043000_09;10_12_09
2022-08-11 18:00:00;2022-08-13 06:00:00;36;9;Perturbed;139.03;34.63;869507.617677801;3839394.63339286;97527.25;-3.75164707482603;5.78233807654952;1.0696803218724;1.52816815594838;20220811180000_20220813073000_09;10_13_09
2022-08-11 18:00:00;2022-08-13 09:00:00;39;9;Perturbed;139.78;35.29;934814.783915651;3915694.30101406;97317.3984375;-3.06739884714476;6.18722822052256;1.44041691600693;1.74198790328077;20220811180000_20220813103000_09;10_14_09
2022-08-11 18:00:00;2022-08-11 18:00:00;0;10;Perturbed;136.03;29.51;599827.652796918;3264931.0010504;99938.75;-6.57716983539794;2.73393280509354;-0.461242507057698;-0.0816903473538478;20220811180000_20220811193000_10;10_01_10
2022-08-11 18:00:00;2022-08-11 21:00:00;3;10;Perturbed;135.78;30.02;575216.445179152;3321264.23822849;100037.1796875;-6.83503089665146;3.0328695268725;-0.60095573939299;0.0761761141310837;20220811180000_20220811223000_10;10_02_10
2022-08-11 18:00:00;2022-08-12 00:00:00;6;10;Perturbed;135.71;30.32;568260.72554535;3354451.66599304;99995.5078125;-6.9079086389553;3.20898120369389;-0.640442061573902;0.169179499866103;20220811180000_20220812013000_10;10_03_10
2022-08-11 18:00:00;2022-08-12 03:00:00;9;10;Perturbed;135.67;30.59;564232.352777732;3384361.91168626;99937.421875;-6.95011544542802;3.36770225796011;-0.663310381940642;0.252999015417935;20220811180000_20220812043000_10;10_04_10
2022-08-11 18:00:00;2022-08-12 06:00:00;12;10;Perturbed;135.79;30.74;575626.96414925;3401056.01075722;99521.9765625;-6.83072973195697;3.45629079821297;-0.598625299816916;0.299782024526386;20220811180000_20220812073000_10;10_05_10
2022-08-11 18:00:00;2022-08-12 09:00:00;15;10;Perturbed;135.71;31.14;567688.42239713;3445336.05212125;99509.2421875;-6.91390487853244;3.69126629524958;-0.643690919734596;0.423870995704244;20220811180000_20220812103000_10;10_06_10
2022-08-11 18:00:00;2022-08-12 12:00:00;18;10;Perturbed;135.57;31.39;554199.914426474;3472961.7433468;99565.3671875;-7.05522914973681;3.83786418284717;-0.720262662057408;0.501288348910216;20220811180000_20220812133000_10;10_07_10
2022-08-11 18:00:00;2022-08-12 15:00:00;21;10;Perturbed;135.58;31.77;554928.397357759;3515094.2637198;99543.1484375;-7.04759655467346;4.06144369205902;-0.716127200416855;0.619359175972772;20220811180000_20220812163000_10;10_08_10
2022-08-11 18:00:00;2022-08-12 18:00:00;24;10;Perturbed;135.7;32.09;566051.532007743;3550632.16633836;99252.1796875;-6.93105520693235;4.25002834722639;-0.652983240974239;0.718949457235183;20220811180000_20220812193000_10;10_09_10
2022-08-11 18:00:00;2022-08-12 21:00:00;27;10;Perturbed;135.91;32.6;585394.056048445;3607305.32354508;99353.9765625;-6.72839616419376;4.55076888117945;-0.543179341985604;0.877768499732621;20220811180000_20220812223000_10;10_10_10
2022-08-11 18:00:00;2022-08-13 00:00:00;30;10;Perturbed;136.07;32.99;599967.754592464;3650684.55135681;99516.1796875;-6.57570193515329;4.78096414076209;-0.460447175312269;0.999333059833029;20220811180000_20220813013000_10;10_11_10
2022-08-11 18:00:00;2022-08-13 03:00:00;33;10;Perturbed;136.4;33.47;630081.455987607;3704275.34055298;99401.296875;-6.26018913624383;5.06534784818519;-0.289497312760296;1.1495141728381;20220811180000_20220813043000_10;10_12_10
2022-08-11 18:00:00;2022-08-13 06:00:00;36;10;Perturbed;136.48;33.81;636977.823386594;3742079.04669213;99612.25;-6.18793325006727;5.26595616665636;-0.250347922139224;1.2554540693922;20220811180000_20220813073000_10;10_13_10
2022-08-11 18:00:00;2022-08-13 09:00:00;39;10;Perturbed;137.03;33.76;688004.596768541;3737387.80334583;99621.4140625;-5.65330617524167;5.24106171753074;0.0393215469723183;1.24230747913493;20220811180000_20220813103000_10;10_14_10
2022-08-11 18:00:00;2022-08-11 18:00:00;0;11;Perturbed;136.03;29.51;599827.395327381;3264924.63946066;99938.453125;-6.57735861903254;2.73394697534847;-0.461243968664205;-0.0817081748694065;20220811180000_20220811193000_11;10_01_11
2022-08-11 18:00:00;2022-08-11 21:00:00;3;11;Perturbed;135.82;29.96;579126.239586107;3314640.13938647;99880.6328125;-6.79425256716884;2.99776615766246;-0.57876056624887;0.0576129514743593;20220811180000_20220811223000_11;10_02_11
2022-08-11 18:00:00;2022-08-12 00:00:00;6;11;Perturbed;135.81;30.11;578041.531631777;3331255.18325047;99764.21875;-6.80561746842024;3.08593518528674;-0.58491825086122;0.104174418800227;20220811180000_20220812013000_11;10_03_11
2022-08-11 18:00:00;2022-08-12 03:00:00;9;11;Perturbed;135.95;30.2;591437.851736218;3341319.26987651;99524.140625;-6.66525908484667;3.13934104680641;-0.508869841849438;0.132377693160407;20220811180000_20220812043000_11;10_04_11
2022-08-11 18:00:00;2022-08-12 06:00:00;12;11;Perturbed;136.15;30.55;610296.597887327;3380297.5538951;99211.8671875;-6.46766876859883;3.34618235450986;-0.401812259650173;0.241609189183179;20220811180000_20220812073000_11;10_05_11
2022-08-11 18:00:00;2022-08-12 09:00:00;15;11;Perturbed;136.05;30.86;600378.622286445;3414553.90964222;99055.1953125;-6.57158320277247;3.5279663811364;-0.458114756095799;0.337608104496212;20220811180000_20220812103000_11;10_06_11
2022-08-11 18:00:00;2022-08-12 12:00:00;18;11;Perturbed;136.06;31.1;601099.843467413;3441177.56141322;98892.5234375;-6.56402669185227;3.66924686812572;-0.4540205180565;0.412217374395021;20220811180000_20220812133000_11;10_07_11
2022-08-11 18:00:00;2022-08-12 15:00:00;21;11;Perturbed;135.95;31.4;590321.945698257;3474316.46508804;98750.7890625;-6.67695086038557;3.84510104807604;-0.515204632159913;0.505084777773518;20220811180000_20220812163000_11;10_08_11
2022-08-11 18:00:00;2022-08-12 18:00:00;24;11;Perturbed;136.09;31.72;603278.741471611;3509917.19640692;98449.4140625;-6.54119754179788;4.0340191086476;-0.441651320745123;0.604851128175524;20220811180000_20220812193000_11;10_09_11
2022-08-11 18:00:00;2022-08-12 21:00:00;27;11;Perturbed;136.23;32.14;616006.96283937;3556618.71325102;98394.40625;-6.40783908492188;4.2818443543963;-0.369395583570933;0.735725964763552;20220811180000_20220812223000_11;10_10_11
2022-08-11 18:00:00;2022-08-13 00:00:00;30;11;Perturbed;136.41;32.63;632264.58227076;3611139.59006161;98429.4140625;-6.2375017709167;4.57116364436977;-0.277104112298433;0.888513525541102;20220811180000_20220813013000_11;10_11_11
2022-08-11 18:00:00;2022-08-13 03:00:00;33;11;Perturbed;136.77;33.06;665235.727398272;3659333.45716036;98206.6171875;-5.89205043811876;4.82690816327266;-0.0899330749765815;1.023570476735;20220811180000_20220813043000_11;10_12_11
2022-08-11 18:00:00;2022-08-13 06:00:00;36;11;Perturbed;137.32;33.7;715015.614433257;3731300.05808934;98072.171875;-5.37048746976382;5.20880455050267;0.192658053055789;1.22524737660567;20220811180000_20220813073000_11;10_13_11
2022-08-11 18:00:00;2022-08-13 09:00:00;39;11;Perturbed;137.94;34.41;770228.085882021;3811540.4457233;97841.7578125;-4.79200523096743;5.6346064329285;0.506088948895231;1.45011047161844;20220811180000_20220813103000_11;10_14_11
2022-08-11 18:00:00;2022-08-11 18:00:00;0;12;Perturbed;136.03;29.51;599830.404793603;3264934.50906547;99938.84375;-6.57725694231685;2.73398593484825;-0.461226884486137;-0.0816805166046674;20220811180000_20220811193000_12;10_01_12
2022-08-11 18:00:00;2022-08-11 21:00:00;3;12;Perturbed;136.04;29.78;600536.708419891;3294852.34733855;99991.34375;-6.5698567283383;2.89274727973237;-0.457217330620619;0.00216027615005369;20220811180000_20220811223000_12;10_02_12
2022-08-11 18:00:00;2022-08-12 00:00:00;6;12;Perturbed;136.24;30.03;619569.722031239;3322762.97766762;99904.6640625;-6.3704405450734;3.04085721893186;-0.349170464573969;0.0803761335831188;20220811180000_20220812013000_12;10_03_12
2022-08-11 18:00:00;2022-08-12 03:00:00;9;12;Perturbed;136.42;30.28;636568.65247255;3350666.60949537;99645.9765625;-6.1923362313051;3.18893002003762;-0.25267070905267;0.158572378640003;20220811180000_20220812043000_12;10_04_12
2022-08-11 18:00:00;2022-08-12 06:00:00;12;12;Perturbed;136.69;30.7;661856.353829574;3397571.33746664;99235.953125;-5.92738728569232;3.43783362150008;-0.109117148016963;0.290016687589067;20220811180000_20220812073000_12;10_05_12
2022-08-11 18:00:00;2022-08-12 09:00:00;15;12;Perturbed;136.71;31.14;663012.959436373;3446378.16495165;99091.5703125;-5.91526908516138;3.6968308625547;-0.102551313850165;0.426791379357734;20220811180000_20220812103000_12;10_06_12
2022-08-11 18:00:00;2022-08-12 12:00:00;18;12;Perturbed;136.67;31.58;658471.756848533;3495089.98549712;99056.75;-5.96284900634421;3.95532394186617;-0.128330873394349;0.563299826718773;20220811180000_20220812133000_12;10_07_12
2022-08-11 18:00:00;2022-08-12 15:00:00;21;12;Perturbed;136.78;31.88;668354.587307042;3528522.12722425;98916.6796875;-5.85930280130629;4.13273421243812;-0.0722278893626622;0.656988991032907;20220811180000_20220812163000_12;10_08_12
2022-08-11 18:00:00;2022-08-12 18:00:00;24;12;Perturbed;136.96;32.37;684392.781734588;3583141.88417998;98745.5859375;-5.69126448722161;4.42257821762267;0.0188179471153814;0.810053650365523;20220811180000_20220812193000_12;10_09_12
2022-08-11 18:00:00;2022-08-12 21:00:00;27;12;Perturbed;137.26;32.76;711713.089366455;3626932.25530411;98508.34375;-5.40501914610961;4.65495524129609;0.173910234618058;0.932770385330082;20220811180000_20220812223000_12;10_10_12
2022-08-11 18:00:00;2022-08-13 00:00:00;30;12;Perturbed;137.66;33.23;747869.395546232;3679947.56860276;98513.8125;-5.02619565937446;4.93628514093389;0.379162836771342;1.08133880309232;20220811180000_20220813013000_12;10_11_12
2022-08-11 18:00:00;2022-08-13 03:00:00;33;12;Perturbed;138.17;33.79;793525.720121758;3743397.84985547;98604.1796875;-4.5478368364014;5.27298901281816;0.638345270322114;1.25914984118201;20220811180000_20220813043000_12;10_12_12
2022-08-11 18:00:00;2022-08-13 06:00:00;36;12;Perturbed;138.89;34.31;858016.802232819;3803391.03459892;98555.296875;-3.87213903510611;5.59134753213407;1.00444910717866;1.42727282262404;20220811180000_20220813073000_12;10_13_12
2022-08-11 18:00:00;2022-08-13 09:00:00;39;12;Perturbed;139.82;34.89;940605.539268215;3871468.72866485;98316.671875;-3.0068251622443;5.95260713143604;1.47328995338627;1.61805157432733;20220811180000_20220813103000_12;10_14_12
2022-08-11 18:00:00;2022-08-11 18:00:00;0;13;Perturbed;136.03;29.51;599820.023458438;3264942.47979449;99938.1875;-6.5774349672865;2.73404760956548;-0.461285817388346;-0.0816581796886763;20220811180000_20220811193000_13;10_01_13
2022-08-11 18:00:00;2022-08-11 21:00:00;3;13;Perturbed;135.81;29.9;578204.573716313;3307986.47021744;100029.96875;-6.80390832432539;2.96246390576807;-0.583992691376659;0.0389669218793409;20220811180000_20220811223000_13;10_02_13
2022-08-11 18:00:00;2022-08-12 00:00:00;6;13;Perturbed;135.68;30.11;565509.109587257;3331175.39376776;99935.125;-6.93692357104824;3.08551773925898;-0.656062471820376;0.103950819306738;20220811180000_20220812013000_13;10_03_13
2022-08-11 18:00:00;2022-08-12 03:00:00;9;13;Perturbed;135.69;30.2;566419.298932989;3341140.97330649;99753.9765625;-6.92738716819157;3.13840086522806;-0.650895496777772;0.131878040557172;20220811180000_20220812043000_13;10_04_13
2022-08-11 18:00:00;2022-08-12 06:00:00;12;13;Perturbed;135.81;30.5;577723.674759095;3374472.59119258;99326.3828125;-6.80894688713749;3.31527769818828;-0.586722665004242;0.225285500075435;20220811180000_20220812073000_13;10_05_13
2022-08-11 18:00:00;2022-08-12 09:00:00;15;13;Perturbed;135.59;30.77;556469.794229836;3404251.4116353;99192.8828125;-7.03163194486193;3.47330133410057;-0.707376978052555;0.308736713710215;20220811180000_20220812103000_13;10_06_13
2022-08-11 18:00:00;2022-08-12 12:00:00;18;13;Perturbed;135.53;31;550607.256267511;3429722.4449585;99193.140625;-7.09305600352995;3.60846536129627;-0.740657511910372;0.38011592254899;20220811180000_20220812133000_13;10_07_13
2022-08-11 18:00:00;2022-08-12 15:00:00;21;13;Perturbed;135.31;31.5;529447.668491067;3485055.05788188;99193.6875;-7.3147531199194;3.90209219233541;-0.860776542599271;0.535178266637506;20220811180000_20220812163000_13;10_08_13
2022-08-11 18:00:00;2022-08-12 18:00:00;24;13;Perturbed;135.19;31.83;517978.765800196;3521608.39790518;99079.640625;-7.43491721203597;4.0960653453799;-0.92588336267761;0.637614177194024;20220811180000_20220812193000_13;10_09_13
2022-08-11 18:00:00;2022-08-12 21:00:00;27;13;Perturbed;135.25;32.12;523587.887085515;3553760.52005796;98891.0078125;-7.37614829708488;4.26668309213224;-0.894041427998753;0.727716255607261;20220811180000_20220812223000_13;10_10_13
2022-08-11 18:00:00;2022-08-13 00:00:00;30;13;Perturbed;135.31;32.5;529112.804522019;3595892.83602624;99021.5234375;-7.31826161815221;4.49026151665444;-0.862677502854248;0.845786509852554;20220811180000_20220813013000_13;10_11_13
2022-08-11 18:00:00;2022-08-13 03:00:00;33;13;Perturbed;135.7;32.8;565530.717993638;3629333.07147542;98876.5234375;-6.93669717148719;4.66771473719443;-0.655939804930232;0.939498355754398;20220811180000_20220813043000_13;10_12_13
2022-08-11 18:00:00;2022-08-13 06:00:00;36;13;Perturbed;136.17;33.3;608924.722082844;3685156.63730279;98871.6328125;-6.48204154790841;4.96394684815392;-0.409600142552291;1.09593653055303;20220811180000_20220813073000_13;10_13_13
2022-08-11 18:00:00;2022-08-13 09:00:00;39;13;Perturbed;136.89;33.88;674803.636207108;3750458.09407528;98585.2578125;-5.79180289834091;5.31047412748007;-0.0356178423747175;1.27893524369096;20220811180000_20220813103000_13;10_14_13
2022-08-11 18:00:00;2022-08-11 18:00:00;0;14;Perturbed;136.03;29.51;599835.060050419;3264939.6817058;99938.765625;-6.57717879935173;2.73395120543762;-0.461200457462025;-0.0816660209628996;20220811180000_20220811193000_14;10_01_14
2022-08-11 18:00:00;2022-08-11 21:00:00;3;14;Perturbed;136.04;29.78;600526.167693049;3294855.67510798;99871.3203125;-6.56993779952202;2.89270276037021;-0.45727716835963;0.00216960178461239;20220811180000_20220811223000_14;10_02_14
2022-08-11 18:00:00;2022-08-12 00:00:00;6;14;Perturbed;136.2;30.09;615640.367132152;3329356.77467369;99759.2890625;-6.41158053530753;3.07578553918053;-0.371476678981248;0.0988543793442755;20220811180000_20220812013000_14;10_03_14
2022-08-11 18:00:00;2022-08-12 03:00:00;9;14;Perturbed;136.44;30.29;638481.821430407;3351798.38256247;99592.3125;-6.17226185832924;3.19487368376046;-0.241810005943054;0.161744023272132;20220811180000_20220812043000_14;10_04_14
2022-08-11 18:00:00;2022-08-12 06:00:00;12;14;Perturbed;136.71;30.74;663692.44859499;3402046.75256853;99198.546875;-5.90812044859063;3.46152058276365;-0.0986939807130998;0.302558447679611;20220811180000_20220812073000_14;10_05_14
2022-08-11 18:00:00;2022-08-12 09:00:00;15;14;Perturbed;136.83;31.19;674359.589768853;3452105.34713217;98958.703125;-5.79635671938428;3.72716042356331;-0.0381386111301203;0.44284105145912;20220811180000_20220812103000_14;10_06_14
2022-08-11 18:00:00;2022-08-12 12:00:00;18;14;Perturbed;136.92;31.66;682029.245175051;3504342.93380753;99013.640625;-5.71599879817997;4.00436325614704;0.00540059118534569;0.589229993015628;20220811180000_20220812133000_14;10_07_14
2022-08-11 18:00:00;2022-08-12 15:00:00;21;14;Perturbed;137.06;32.12;694345.572884678;3555593.53989063;98837.515625;-5.58695590913222;4.27632859915107;0.075318084936061;0.732853051738832;20220811180000_20220812163000_14;10_08_14
2022-08-11 18:00:00;2022-08-12 18:00:00;24;14;Perturbed;137.35;32.65;720416.474784484;3614927.40511152;98601.34375;-5.31380107105481;4.59118838793854;0.223317729280567;0.899128377245757;20220811180000_20220812193000_14;10_09_14
2022-08-11 18:00:00;2022-08-12 21:00:00;27;14;Perturbed;137.61;33.23;743207.523170529;3679826.66520361;98479.734375;-5.07501051615072;4.93558137917528;0.352698257362654;1.08099998727484;20220811180000_20220812223000_14;10_10_14
2022-08-11 18:00:00;2022-08-13 00:00:00;30;14;Perturbed;137.86;33.92;764403.259030502;3756967.87779797;98416.375;-4.8529346624264;5.34493724725916;0.473022493975254;1.29717805331478;20220811180000_20220813013000_14;10_11_14
2022-08-11 18:00:00;2022-08-13 03:00:00;33;14;Perturbed;138.27;34.52;800173.807805707;3824681.46723298;98314.8359375;-4.47815290396702;5.70426469690664;0.676085223338581;1.48693644984994;20220811180000_20220813043000_14;10_12_14
2022-08-11 18:00:00;2022-08-13 06:00:00;36;14;Perturbed;138.88;35.21;853246.458203096;3903237.98005317;98295.7890625;-3.92209039100326;6.12113096615042;0.977368754434694;1.70708070796019;20220811180000_20220813073000_14;10_13_14
2022-08-11 18:00:00;2022-08-13 09:00:00;39;14;Perturbed;139.73;35.98;926556.200364416;3992088.19686571;98118.2578125;-3.1539961061745;6.59262157939751;1.39353447852664;1.95607171279136;20220811180000_20220813103000_14;10_14_14
2022-08-11 18:00:00;2022-08-11 18:00:00;0;15;Perturbed;136.03;29.51;599826.53513651;3264932.62608033;99939.09375;-6.5772150485369;2.73389830434563;-0.461248851807239;-0.0816857934219677;20220811180000_20220811193000_15;10_01_15
2022-08-11 18:00:00;2022-08-11 21:00:00;3;15;Perturbed;135.95;29.81;591807.923288931;3298111.87857551;99987.6953125;-6.66122912021147;2.90996659846175;-0.506769014712961;0.0112946821997316;20220811180000_20220811223000_15;10_02_15
2022-08-11 18:00:00;2022-08-12 00:00:00;6;15;Perturbed;136.16;30;611882.770902703;3319344.45611019;99947.75;-6.45089724253257;3.0226389290624;-0.392807851477156;0.0707961781462129;20220811180000_20220812013000_15;10_03_15
2022-08-11 18:00:00;2022-08-12 03:00:00;9;15;Perturbed;136.32;30.11;627173.221070653;3331700.73145601;99737.5546875;-6.29069333183518;3.08820846900559;-0.30600681960565;0.105423008836089;20220811180000_20220812043000_15;10_04_15
2022-08-11 18:00:00;2022-08-12 06:00:00;12;15;Perturbed;136.51;30.35;645132.10383808;3358531.53869837;99455.1015625;-6.10253122937933;3.23058824267916;-0.204057593889618;0.180612804599929;20220811180000_20220812073000_15;10_05_15
2022-08-11 18:00:00;2022-08-12 09:00:00;15;15;Perturbed;136.57;30.61;650496.30545516;3387430.41832816;99160.5859375;-6.04632843172548;3.38394240395881;-0.173606022456792;0.261598100254265;20220811180000_20220812103000_15;10_06_15
2022-08-11 18:00:00;2022-08-12 12:00:00;18;15;Perturbed;136.58;31;650853.961006353;3430679.67493346;99113.0078125;-6.04258113734536;3.61344796118594;-0.171575678643683;0.38279843320421;20220811180000_20220812133000_15;10_07_15
2022-08-11 18:00:00;2022-08-12 15:00:00;21;15;Perturbed;136.58;31.31;650346.918639932;3465037.89494872;99027.515625;-6.04789361468238;3.79577253850526;-0.174454063526047;0.479082809683121;20220811180000_20220812163000_15;10_08_15
2022-08-11 18:00:00;2022-08-12 18:00:00;24;15;Perturbed;136.69;31.71;660141.256682915;3509524.55258571;98908.671875;-5.94527457862109;4.03184446092759;-0.118853434421529;0.603750795693601;20220811180000_20220812193000_15;10_09_15
2022-08-11 18:00:00;2022-08-12 21:00:00;27;15;Perturbed;136.81;32.19;670622.843385908;3562929.03971155;98899.6875;-5.83545497477103;4.31523954186741;-0.059351422938734;0.753409821737533;20220811180000_20220812223000_15;10_10_15
2022-08-11 18:00:00;2022-08-13 00:00:00;30;15;Perturbed;136.93;32.63;681054.680729392;3611910.30617114;98776.625;-5.72615661404074;4.57516245696143;-0.000131829284906015;0.890673355707382;20220811180000_20220813013000_15;10_11_15
2022-08-11 18:00:00;2022-08-13 03:00:00;33;15;Perturbed;137.15;33.13;700563.303366795;3667762.5381861;98865.7421875;-5.52175729260135;4.8715466872837;0.110614980437407;1.04719186371293;20220811180000_20220813043000_15;10_12_15
2022-08-11 18:00:00;2022-08-13 06:00:00;36;15;Perturbed;137.61;33.59;742217.665467347;3719750.12020155;98759.6171875;-5.08532856533592;5.1474228506184;0.3470790199237;1.19288020020941;20220811180000_20220813073000_15;10_13_15
2022-08-11 18:00:00;2022-08-13 09:00:00;39;15;Perturbed;138.01;34.17;777450.889918799;3785107.65876993;98798.0234375;-4.71617655989444;5.49424773237349;0.547091459384564;1.37603607517779;20220811180000_20220813103000_15;10_14_15
2022-08-11 18:00:00;2022-08-11 18:00:00;0;16;Perturbed;136.03;29.51;599827.307245802;3264925.90755657;99938.21875;-6.57722425160983;2.73395422804681;-0.461244468686889;-0.0817046211980021;20220811180000_20220811193000_16;10_01_16
2022-08-11 18:00:00;2022-08-11 21:00:00;3;16;Perturbed;135.85;29.9;582067.317529539;3308009.67028003;99841.546875;-6.76330247528795;2.96258157906764;-0.562064615671856;0.0390319369924598;20220811180000_20220811223000_16;10_02_16
2022-08-11 18:00:00;2022-08-12 00:00:00;6;16;Perturbed;135.92;30.2;588549.25045463;3341295.0531828;99710.296875;-6.69538877804087;3.1392130624787;-0.525267892211146;0.132309829072766;20220811180000_20220812013000_16;10_03_16
2022-08-11 18:00:00;2022-08-12 03:00:00;9;16;Perturbed;135.95;30.45;591219.717394935;3369032.59729797;99417.984375;-6.66740927171334;3.28640450616892;-0.510108149793419;0.210040635237874;20220811180000_20220812043000_16;10_04_16
2022-08-11 18:00:00;2022-08-12 06:00:00;12;16;Perturbed;136.06;30.82;601388.782006046;3410127.48204573;99041.015625;-6.56086408168032;3.50447772091327;-0.4523802678987;0.325203625423439;20220811180000_20220812073000_16;10_05_16
2022-08-11 18:00:00;2022-08-12 09:00:00;15;16;Perturbed;136.06;31.2;600988.224748887;3452254.43124457;98743.0078125;-6.56506087368777;3.72802766625438;-0.454654156689621;0.443258840005757;20220811180000_20220812103000_16;10_06_16
2022-08-11 18:00:00;2022-08-12 12:00:00;18;16;Perturbed;136.05;31.5;599720.913138099;3485499.12662989;98673.3515625;-6.57833898348117;3.90444323817703;-0.461848448179467;0.536422710688939;20220811180000_20220812133000_16;10_07_16
2022-08-11 18:00:00;2022-08-12 15:00:00;21;16;Perturbed;136.08;32.02;601998.717494418;3543157.33961239;98634.34375;-6.55447355364243;4.21041104752083;-0.448917777966474;0.698002241975553;20220811180000_20220812163000_16;10_08_16
2022-08-11 18:00:00;2022-08-12 18:00:00;24;16;Perturbed;136.14;32.43;607180.696556502;3588664.8395586;98407.03125;-6.5001799715844;4.45190014936793;-0.419500649969275;0.825531003811528;20220811180000_20220812193000_16;10_09_16
2022-08-11 18:00:00;2022-08-12 21:00:00;27;16;Perturbed;136.5;32.73;640565.526686811;3622353.01821783;98091.5703125;-6.15039430235312;4.63066909991227;-0.229981200094607;0.919937677832251;20220811180000_20220812223000_16;10_10_16
2022-08-11 18:00:00;2022-08-13 00:00:00;30;16;Perturbed;136.89;33.31;675944.143376147;3687242.7199249;98245.453125;-5.7797189666736;4.97501136883254;-0.0291433960345428;1.10178250174897;20220811180000_20220813013000_16;10_11_16
2022-08-11 18:00:00;2022-08-13 03:00:00;33;16;Perturbed;137.5;33.94;731068.417720343;3758309.72404098;98046.5078125;-5.20216080276767;5.35213397533129;0.283786821302921;1.30093840029379;20220811180000_20220813043000_16;10_12_16
2022-08-11 18:00:00;2022-08-13 06:00:00;36;16;Perturbed;138.25;34.73;797586.928019662;3847906.59329221;97978.84375;-4.50522085877224;5.8275867580455;0.661399989595305;1.55202180002999;20220811180000_20220813073000_16;10_13_16
2022-08-11 18:00:00;2022-08-13 09:00:00;39;16;Perturbed;139.03;35.27;866629.69232516;3910442.48557461;98384.796875;-3.78183333743661;6.15943835346022;1.05334287676682;1.7272703837252;20220811180000_20220813103000_16;10_14_16
2022-08-11 18:00:00;2022-08-11 18:00:00;0;17;Perturbed;136.03;29.51;599833.794760221;3264938.11571285;99939.1328125;-6.57711633313441;2.73394627555867;-0.461207640278331;-0.0816704094514348;20220811180000_20220811193000_17;10_01_17
2022-08-11 18:00:00;2022-08-11 21:00:00;3;17;Perturbed;135.79;29.99;576192.812225913;3317931.21112522;100017.109375;-6.82481197408183;3.01515827424804;-0.595413085892714;0.0668357456171345;20220811180000_20220811223000_17;10_02_17
2022-08-11 18:00:00;2022-08-12 00:00:00;6;17;Perturbed;135.78;30.38;574950.863942947;3361160.1448445;100024.5546875;-6.83782434256213;3.24455598649367;-0.602463394504194;0.187979126361549;20220811180000_20220812013000_17;10_03_17
2022-08-11 18:00:00;2022-08-12 03:00:00;9;17;Perturbed;135.76;30.61;572854.011805626;3386624.37953478;99956.859375;-6.85979386660251;3.37968393621288;-0.61436683274193;0.25933928292893;20220811180000_20220812043000_17;10_04_17
2022-08-11 18:00:00;2022-08-12 06:00:00;12;17;Perturbed;135.93;30.8;588970.47503147;3407814.81059882;99687.7265625;-6.69093550029993;3.49213261327615;-0.522876678903641;0.31872266895457;20220811180000_20220812073000_17;10_05_17
2022-08-11 18:00:00;2022-08-12 09:00:00;15;17;Perturbed;135.88;31.17;583852.423566518;3448779.17431139;99609.09375;-6.74455928840491;3.70951320795571;-0.551930901863048;0.433519891167129;20220811180000_20220812103000_17;10_06_17
2022-08-11 18:00:00;2022-08-12 12:00:00;18;17;Perturbed;135.7;31.4;566545.750862769;3474149.70860414;99619.1171875;-6.92588793588398;3.84414392919899;-0.650177652772754;0.504617464738419;20220811180000_20220812133000_17;10_07_17
2022-08-11 18:00:00;2022-08-12 15:00:00;21;17;Perturbed;135.58;31.77;554915.438785033;3515091.96940705;99592.8125;-7.04774317605146;4.06140723306258;-0.716200763815697;0.619352746464133;20220811180000_20220812163000_17;10_08_17
2022-08-11 18:00:00;2022-08-12 18:00:00;24;17;Perturbed;135.57;32.1;553788.990030909;3551654.69933393;99429.328125;-7.059545411671;4.25543021436358;-0.722595403158186;0.721814970985999;20220811180000_20220812193000_17;10_09_17
2022-08-11 18:00:00;2022-08-12 21:00:00;27;17;Perturbed;135.67;32.5;562930.880111791;3596061.99488947;99461.7421875;-6.96376232313951;4.49108099570388;-0.670698599364944;0.846260555238644;20220811180000_20220812223000_17;10_10_17
2022-08-11 18:00:00;2022-08-13 00:00:00;30;17;Perturbed;135.85;32.83;579547.663161737;3632766.5538489;99475.15625;-6.78966191415407;4.68585660384062;-0.576368223262375;0.94912023690351;20220811180000_20220813013000_17;10_11_17
2022-08-11 18:00:00;2022-08-13 03:00:00;33;17;Perturbed;136.18;33.43;609694.17307218;3699573.86014278;99363.2578125;-6.47380536784689;5.04037479123396;-0.405232112892259;1.1363388945605;20220811180000_20220813043000_17;10_12_17
2022-08-11 18:00:00;2022-08-13 06:00:00;36;17;Perturbed;136.6;34.07;647641.985482138;3771065.5075178;99307.6640625;-6.07621158324862;5.41975080034393;-0.18980946422786;1.33668479978773;20220811180000_20220813073000_17;10_13_17
2022-08-11 18:00:00;2022-08-13 09:00:00;39;17;Perturbed;137.31;34.78;711369.414561771;3851085.26402363;99313.1953125;-5.40851486764453;5.84438188646065;0.171959256893585;1.5609296051861;20220811180000_20220813103000_17;10_14_17
2022-08-11 18:00:00;2022-08-11 18:00:00;0;18;Perturbed;136.03;29.51;599824.626910953;3264935.19501322;99938.171875;-6.57735710747489;2.73394607046453;-0.461259684447584;-0.0816785943266221;20220811180000_20220811193000_18;10_01_18
2022-08-11 18:00:00;2022-08-11 21:00:00;3;18;Perturbed;136.06;29.7;602537.335725069;3286003.70642476;99870.9765625;-6.54893501683458;2.84574777137185;-0.445860142796042;-0.0226368720343481;20220811180000_20220811223000_18;10_02_18
2022-08-11 18:00:00;2022-08-12 00:00:00;6;18;Perturbed;136.24;29.83;619804.065377682;3300585.33121174;99593.3359375;-6.36802486802146;2.92312630188755;-0.347840141132862;0.0182262067293559;20220811180000_20220812013000_18;10_03_18
2022-08-11 18:00:00;2022-08-12 03:00:00;9;18;Perturbed;136.47;30.18;641534.113911372;3339650.63445169;99119.984375;-6.14035081549172;3.13042938388395;-0.224482711192978;0.127701562633908;20220811180000_20220812043000_18;10_04_18
2022-08-11 18:00:00;2022-08-12 06:00:00;12;18;Perturbed;136.62;30.54;655396.615089629;3379743.45657666;98854.125;-5.99510807401514;3.3431850750759;-0.14578787923081;0.240056404586345;20220811180000_20220812073000_18;10_05_18
2022-08-11 18:00:00;2022-08-12 09:00:00;15;18;Perturbed;136.88;30.98;679531.709121975;3428895.28783056;98698.5546875;-5.74223543739808;3.60401310556925;-0.00877745486052808;0.377797923878564;20220811180000_20220812103000_18;10_06_18
2022-08-11 18:00:00;2022-08-12 12:00:00;18;18;Perturbed;136.94;31.53;684192.734184589;3489978.10507834;98720.4140625;-5.69340009019199;3.92815384485163;0.0176823145098912;0.548974456587903;20220811180000_20220812133000_18;10_07_18
2022-08-11 18:00:00;2022-08-12 15:00:00;21;18;Perturbed;137.14;32.03;702090.084880579;3545764.93476742;98426.046875;-5.50588268284774;4.22419101262477;0.119282234140415;0.705309683207946;20220811180000_20220812163000_18;10_08_18
2022-08-11 18:00:00;2022-08-12 18:00:00;24;18;Perturbed;137.42;32.51;727330.625405059;3599550.17628214;98329.2421875;-5.24142785936494;4.50960659645978;0.262568071931622;0.85603572316902;20220811180000_20220812193000_18;10_09_18
2022-08-11 18:00:00;2022-08-12 21:00:00;27;18;Perturbed;137.81;33.11;762207.691228597;3666987.32264257;98323.8125;-4.87600746446427;4.86746707934635;0.460558665333457;1.04501942447676;20220811180000_20220812223000_18;10_10_18
2022-08-11 18:00:00;2022-08-13 00:00:00;30;18;Perturbed;138.18;33.8;794404.540630494;3744519.08709528;98464.453125;-4.53866872494626;5.27889544136225;0.643334170331616;1.26229196054886;20220811180000_20220813013000_18;10_11_18
2022-08-11 18:00:00;2022-08-13 03:00:00;33;18;Perturbed;138.61;34.46;831651.410187576;3819071.01119982;98209.7421875;-4.1484189874475;5.67451104789432;0.85477769724065;1.47121388736925;20220811180000_20220813043000_18;10_12_18
2022-08-11 18:00:00;2022-08-13 06:00:00;36;18;Perturbed;139.19;35.11;881957.353599258;3893292.1251165;97780;-3.62134432467753;6.06837118433371;1.14035514914304;1.67920876230347;20220811180000_20220813073000_18;10_13_18
2022-08-11 18:00:00;2022-08-13 09:00:00;39;18;Perturbed;139.84;35.7;938026.62602296;3961483.07636546;97795.2890625;-3.03388505346111;6.43023179172097;1.45864994420822;1.87030490231284;20220811180000_20220813103000_18;10_14_18
2022-08-11 18:00:00;2022-08-11 18:00:00;0;19;Perturbed;136.03;29.51;599823.28099114;3264938.82578089;99938.7421875;-6.57732570075361;2.73399397974484;-0.461267324983167;-0.0816684195794714;20220811180000_20220811193000_19;10_01_19
2022-08-11 18:00:00;2022-08-11 21:00:00;3;19;Perturbed;135.85;29.82;582134.551509938;3299152.29498965;99901.6953125;-6.76265730361883;2.91555042560676;-0.561682940913337;0.0142103118705698;20220811180000_20220811223000_19;10_02_19
2022-08-11 18:00:00;2022-08-12 00:00:00;6;19;Perturbed;135.93;30.03;589677.942104213;3322475.45726725;99869.078125;-6.68362230727491;3.0393166073858;-0.518860520369739;0.0795703956123227;20220811180000_20220812013000_19;10_03_19
2022-08-11 18:00:00;2022-08-12 03:00:00;9;19;Perturbed;135.95;30.21;591436.146588553;3342433.2753927;99711.8515625;-6.66520092457505;3.14522432764377;-0.508879521654493;0.135499546576333;20220811180000_20220812043000_19;10_04_19
2022-08-11 18:00:00;2022-08-12 06:00:00;12;19;Perturbed;136.17;30.41;612389.961286767;3364803.45196259;99483.6171875;-6.44565977164557;3.26393341635245;-0.389928626326263;0.198189013661603;20220811180000_20220812073000_19;10_05_19
2022-08-11 18:00:00;2022-08-12 09:00:00;15;19;Perturbed;136.2;30.7;614910.549363663;3396972.98129667;99316.7578125;-6.41925060365244;3.43464353567152;-0.375619718243479;0.288339873402744;20220811180000_20220812103000_19;10_06_19
2022-08-11 18:00:00;2022-08-12 12:00:00;18;19;Perturbed;136.07;31.02;602131.982632718;3432309.53783922;99302.671875;-6.55313654820731;3.62215973216477;-0.448161256648277;0.387365908863826;20220811180000_20220812133000_19;10_07_19
2022-08-11 18:00:00;2022-08-12 15:00:00;21;19;Perturbed;136.08;31.31;602770.581232058;3464452.43236517;99059.1328125;-6.54644570576274;3.79272851179481;-0.444536051584618;0.477442128070873;20220811180000_20220812163000_19;10_08_19
2022-08-11 18:00:00;2022-08-12 18:00:00;24;19;Perturbed;136.11;31.73;605147.634674439;3511047.98370431;98799.5078125;-6.52154040518472;4.03999144331728;-0.431041962833405;0.608020010318162;20220811180000_20220812193000_19;10_09_19
2022-08-11 18:00:00;2022-08-12 21:00:00;27;19;Perturbed;136.19;32.01;612388.981150347;3542163.02752197;98477.140625;-6.44567004091075;4.2051058529056;-0.389934190377791;0.695215813586369;20220811180000_20220812223000_19;10_10_19
2022-08-11 18:00:00;2022-08-13 00:00:00;30;19;Perturbed;136.39;32.42;630698.308098466;3587843.61453643;98179.1953125;-6.25383620036927;4.44751345479564;-0.285995558453093;0.823229629084504;20220811180000_20220813013000_19;10_11_19
2022-08-11 18:00:00;2022-08-13 03:00:00;33;19;Perturbed;136.58;32.92;647745.551433041;3643529.70438784;97872.859375;-6.07522569388899;4.74301603875407;-0.189221539653605;0.979282545606634;20220811180000_20220813043000_19;10_12_19
2022-08-11 18:00:00;2022-08-13 06:00:00;36;19;Perturbed;136.97;33.47;683063.516825312;3705130.69323606;97623.8984375;-5.70518582511019;5.06990649609481;0.0112719583126681;1.15191118583013;20220811180000_20220813073000_19;10_13_19
2022-08-11 18:00:00;2022-08-13 09:00:00;39;19;Perturbed;137.39;33.98;720792.11086898;3762518.36989799;97215.546875;-5.30988887541152;5.37443868332909;0.225450145225439;1.3127325747878;20220811180000_20220813103000_19;10_14_19
2022-08-11 18:00:00;2022-08-11 18:00:00;0;20;Perturbed;136.03;29.51;599832.879078291;3264926.17487487;99938.25;-6.57718800545861;2.73396105415362;-0.461212838433746;-0.0817038720737485;20220811180000_20220811193000_20;10_01_20
2022-08-11 18:00:00;2022-08-11 21:00:00;3;20;Perturbed;135.94;29.88;590762.431123915;3305866.12913074;99972.71875;-6.67222256743077;2.95121211814523;-0.512704078608411;0.0330249458583356;20220811180000_20220811223000_20;10_02_20
2022-08-11 18:00:00;2022-08-12 00:00:00;6;20;Perturbed;136.15;30.14;610764.466955452;3334857.72799358;99819.9453125;-6.46265356671958;3.10505830127492;-0.399156254271137;0.11427007492483;20220811180000_20220812013000_20;10_03_20
2022-08-11 18:00:00;2022-08-12 03:00:00;9;20;Perturbed;136.19;30.39;614316.121571307;3362593.96725614;99439.5;-6.42544151915677;3.25224282066288;-0.378994173879701;0.191997224412737;20220811180000_20220812043000_20;10_04_20
2022-08-11 18:00:00;2022-08-12 06:00:00;12;20;Perturbed;136.44;30.84;637716.805487939;3412748.0179451;99300.7421875;-6.18026357898755;3.51838920684512;-0.246152858669752;0.332547331383734;20220811180000_20220812073000_20;10_05_20
2022-08-11 18:00:00;2022-08-12 09:00:00;15;20;Perturbed;136.55;31.31;647493.340574978;3465001.27850441;99284.2890625;-6.07783107132359;3.79567521411789;-0.190653293623479;0.478980196931127;20220811180000_20220812103000_20;10_06_20
2022-08-11 18:00:00;2022-08-12 12:00:00;18;20;Perturbed;136.55;31.69;646913.403057394;3507119.72506979;99188.6875;-6.08390729911653;4.01918003957063;-0.193945490674209;0.597011584005483;20220811180000_20220812133000_20;10_07_20
2022-08-11 18:00:00;2022-08-12 15:00:00;21;20;Perturbed;136.69;32.19;659306.888745809;3562755.14429249;99327.578125;-5.95405599633291;4.31441373588133;-0.123589985478286;0.752922502778954;20220811180000_20220812163000_20;10_08_20
2022-08-11 18:00:00;2022-08-12 18:00:00;24;20;Perturbed;137.03;32.74;690209.681883704;3624279.2368436;99253.7578125;-5.6302755805973;4.64089613701712;0.0518394036252192;0.925335651279728;20220811180000_20220812193000_20;10_09_20
2022-08-11 18:00:00;2022-08-12 21:00:00;27;20;Perturbed;137.28;33.29;712305.263051198;3685763.86327954;99313.2109375;-5.39877170247185;4.96716910813109;0.177271894106057;1.09763820120206;20220811180000_20220812223000_20;10_10_20
2022-08-11 18:00:00;2022-08-13 00:00:00;30;20;Perturbed;137.76;33.72;755752.417394819;3734526.90820671;99264.15625;-4.94355920329305;5.22593401362383;0.423913280558616;1.23429019813146;20220811180000_20220813013000_20;10_11_20
2022-08-11 18:00:00;2022-08-13 03:00:00;33;20;Perturbed;138.23;34.45;796762.999727257;3816781.43367163;99255.78125;-4.51387560356454;5.66242407572047;0.656722702453115;1.46479764855933;20220811180000_20220813043000_20;10_12_20
2022-08-11 18:00:00;2022-08-13 06:00:00;36;20;Perturbed;139.06;35.2;869691.291092433;3902772.45282738;99286.859375;-3.74977792502334;6.1187421333458;1.07072300156739;1.70577612935719;20220811180000_20220813073000_20;10_13_20
2022-08-11 18:00:00;2022-08-13 09:00:00;39;20;Perturbed;140.2;36.17;967847.119599368;4015355.20451;99139.484375;-2.72136166442725;6.71617129599915;1.62793532069606;2.0212744305854;20220811180000_20220813103000_20;10_14_20
2022-08-12 00:00:00;2022-08-12 00:00:00;0;0;Unperturbed;136.05;30.18;601088.252797922;3339201.42660512;100040.9765625;-4.3767473935812;2.52554848622153;-0.454086316123976;0.12644271693709;20220812000000_20220812013000_00;11_01_00
2022-08-12 00:00:00;2022-08-12 03:00:00;3;0;Unperturbed;136.07;30.29;602891.47388222;3351401.80891643;99809.671875;-4.36414987788438;2.57782124821201;-0.443849766572439;0.160632677974863;20220812000000_20220812043000_00;11_02_00
2022-08-12 00:00:00;2022-08-12 06:00:00;6;0;Unperturbed;136.32;30.51;626662.649334307;3376042.34598687;99568.7265625;-4.19808163561669;2.68339408164742;-0.308905240062372;0.229684530686616;20220812000000_20220812073000_00;11_03_00
2022-08-12 00:00:00;2022-08-12 09:00:00;9;0;Unperturbed;136.31;31.02;625030.874423655;3432554.26332063;99370.140625;-4.20948140807367;2.92552042892381;-0.318168521683965;0.388051719722936;20220812000000_20220812103000_00;11_04_00
2022-08-12 00:00:00;2022-08-12 12:00:00;12;0;Unperturbed;136.26;31.33;619868.125629315;3466865.08615887;99328.5390625;-4.24554898156298;3.07252577926092;-0.347476483040223;0.484203271869429;20220812000000_20220812133000_00;11_05_00
2022-08-12 00:00:00;2022-08-12 15:00:00;15;0;Unperturbed;136.33;31.73;625993.881767216;3511281.24683668;99184.7109375;-4.2027537249114;3.26282763508796;-0.312701708725364;0.608673699457057;20220812000000_20220812163000_00;11_06_00
2022-08-12 00:00:00;2022-08-12 18:00:00;18;0;Unperturbed;136.44;32.29;635588.54590974;3573481.78113816;99035.1015625;-4.13572426679692;3.52932696619558;-0.25823459108763;0.782982486676298;20220812000000_20220812193000_00;11_07_00
2022-08-12 00:00:00;2022-08-12 21:00:00;21;0;Unperturbed;136.56;32.75;646137.527170442;3624640.9491392;98965.90625;-4.06202783646218;3.74851936068884;-0.198349993278903;0.926349302243926;20220812000000_20220812223000_00;11_08_00
2022-08-12 00:00:00;2022-08-13 00:00:00;24;0;Unperturbed;136.83;33.21;670563.597783471;3676053.61628509;98880.75;-3.89138441916932;3.96879787692198;-0.0596877491664682;1.07042651570435;20220812000000_20220813013000_00;11_09_00
2022-08-12 00:00:00;2022-08-13 03:00:00;27;0;Unperturbed;137.25;33.76;708388.196181576;3737810.92188652;98974.7890625;-3.62713730260938;4.23339818652734;0.155035436548676;1.24349321299568;20220812000000_20220813043000_00;11_10_00
2022-08-12 00:00:00;2022-08-13 06:00:00;30;0;Unperturbed;137.82;34.4;759225.615559499;3810104.88987544;98674.890625;-3.27198108012751;4.54314301956661;0.443629978319442;1.44608751584104;20220812000000_20220813073000_00;11_11_00
2022-08-12 00:00:00;2022-08-13 09:00:00;33;0;Unperturbed;138.42;34.89;812556.352625697;3866191.01435405;98891.59375;-2.89940624548061;4.78344504953826;0.746378619266403;1.60326147660331;20220812000000_20220813103000_00;11_12_00
2022-08-12 00:00:00;2022-08-13 12:00:00;36;0;Unperturbed;139.38;35.64;896662.413285852;3952864.34541368;99031.1875;-2.31183136151898;5.15479852763394;1.2238330285062;1.84615204645004;20220812000000_20220813133000_00;11_13_00
2022-08-12 00:00:00;2022-08-13 15:00:00;39;0;Unperturbed;140.25;36.35;971270.493593846;4035586.72258891;99134.2265625;-1.79061049128106;5.50922407127925;1.64736917594157;2.07797058954194;20220812000000_20220813163000_00;11_14_00
2022-08-12 00:00:00;2022-08-12 00:00:00;0;1;Perturbed;136.05;30.18;601094.723738599;3339205.78570281;100040.703125;-4.37667891414622;2.52562415523239;-0.454049581801459;0.126454932732975;20220812000000_20220812013000_01;11_01_01
2022-08-12 00:00:00;2022-08-12 03:00:00;3;1;Perturbed;135.93;30.19;589534.011529517;3340204.29797906;99797.78125;-4.45744341650726;2.52990229941093;-0.519677587379816;0.129253131588524;20220812000000_20220812043000_01;11_02_01
2022-08-12 00:00:00;2022-08-12 06:00:00;6;1;Perturbed;136.06;30.17;602053.031992717;3338100.82827458;99598.015625;-4.36998405937841;2.52088994484609;-0.448609444696615;0.123358435389255;20220812000000_20220812073000_01;11_03_01
2022-08-12 00:00:00;2022-08-12 09:00:00;9;1;Perturbed;136.11;30.48;606537.38119987;3372499.19693383;99306.0546875;-4.33865586561502;2.66827038686048;-0.42315263118376;0.219755323143504;20220812000000_20220812103000_01;11_04_01
2022-08-12 00:00:00;2022-08-12 12:00:00;12;1;Perturbed;135.95;30.6;591077.345772127;3385666.17771435;99184.9765625;-4.44666150101392;2.72468455773734;-0.510916366924581;0.25665404880505;20220812000000_20220812133000_01;11_05_01
2022-08-12 00:00:00;2022-08-12 15:00:00;15;1;Perturbed;136.15;30.94;609866.936506347;3423510.60753972;99030.4609375;-4.31539519857757;2.88682971208164;-0.40425136712018;0.362708068114454;20220812000000_20220812163000_01;11_06_01
2022-08-12 00:00:00;2022-08-12 18:00:00;18;1;Perturbed;136.17;31.51;611104.32562953;3486708.04122721;98821.515625;-4.30675065186164;3.15760027690995;-0.39722694000789;0.539810534277237;20220812000000_20220812193000_01;11_07_01
2022-08-12 00:00:00;2022-08-12 21:00:00;21;1;Perturbed;135.94;32.01;588779.103500018;3541933.55381925;98871.8515625;-4.46271729325709;3.3942149994543;-0.523963059371085;0.6945727438239;20220812000000_20220812223000_01;11_08_01
2022-08-12 00:00:00;2022-08-13 00:00:00;24;1;Perturbed;136.12;32.37;605370.406760622;3582006.26170678;98888.1328125;-4.34680848702358;3.56590725206318;-0.429777327277191;0.806871218280888;20220812000000_20220813013000_01;11_09_01
2022-08-12 00:00:00;2022-08-13 03:00:00;27;1;Perturbed;136.25;32.91;616893.75169874;3641994.47509367;98907.84375;-4.26630503683557;3.82292785359793;-0.364361448722058;0.974980268152347;20220812000000_20220813043000_01;11_10_01
2022-08-12 00:00:00;2022-08-13 06:00:00;30;1;Perturbed;136.74;33.39;661838.570852423;3695877.22861933;98822.3359375;-3.9523152162255;4.05378950027169;-0.109218098659329;1.125979572653;20220812000000_20220813073000_01;11_11_01
2022-08-12 00:00:00;2022-08-13 09:00:00;33;1;Perturbed;137.3;33.93;712599.331054138;3756777.50703736;98813.015625;-3.59769454381233;4.31471786117622;0.178941263275386;1.29664456438616;20220812000000_20220813103000_01;11_12_01
2022-08-12 00:00:00;2022-08-13 12:00:00;36;1;Perturbed;138.06;34.4;781310.349975282;3810747.78824709;98536.2890625;-3.11767124165567;4.54595452181921;0.569000893815199;1.44788915366818;20220812000000_20220813133000_01;11_13_01
2022-08-12 00:00:00;2022-08-13 15:00:00;39;1;Perturbed;138.98;35.02;863196.400981441;3882505.49188255;98042.5546875;-2.54560560761731;4.85340172039121;1.03385272258058;1.64898064644719;20220812000000_20220813163000_01;11_14_01
2022-08-12 00:00:00;2022-08-12 00:00:00;0;2;Perturbed;136.05;30.18;601097.492666868;3339200.00861239;100040.859375;-4.37676119215369;2.52558025827572;-0.454033863112455;0.126438743199633;20220812000000_20220812013000_02;11_01_02
2022-08-12 00:00:00;2022-08-12 03:00:00;3;2;Perturbed;136.2;30.4;615275.869178295;3363729.53359828;99866.953125;-4.27770937747973;2.63067745839691;-0.373545865837249;0.195179499197498;20220812000000_20220812043000_02;11_02_02
2022-08-12 00:00:00;2022-08-12 06:00:00;6;2;Perturbed;136.55;30.82;648268.03201665;3410673.54611992;99573.1171875;-4.04722222709803;2.83180994185579;-0.186255514893582;0.326733897913615;20220812000000_20220812073000_02;11_03_02
2022-08-12 00:00:00;2022-08-12 09:00:00;9;2;Perturbed;136.7;31.59;661294.853467949;3496248.91328403;99604.3984375;-3.95621531222701;3.19845917348436;-0.112304680774335;0.566547568868885;20220812000000_20220812103000_02;11_04_02
2022-08-12 00:00:00;2022-08-12 12:00:00;12;2;Perturbed;136.74;32.22;663960.676594867;3566147.99035904;99771.4296875;-3.93759155667162;3.49794305243697;-0.097171300418509;0.762430506041675;20220812000000_20220812133000_02;11_05_02
2022-08-12 00:00:00;2022-08-12 15:00:00;15;2;Perturbed;136.9;32.84;677830.375455595;3635151.75826623;99811.2421875;-3.84069620056162;3.79359096282371;-0.0184356085562921;0.955804457447971;20220812000000_20220812163000_02;11_06_02
2022-08-12 00:00:00;2022-08-12 18:00:00;18;2;Perturbed;137.28;33.36;712144.06028611;3693512.62965641;99702.0859375;-3.60097674129396;4.04363918769842;0.176356776094714;1.1193530961747;20220812000000_20220812193000_02;11_07_02
2022-08-12 00:00:00;2022-08-12 21:00:00;21;2;Perturbed;137.86;33.93;764370.851176983;3758070.23626157;99657.8828125;-3.23611420515177;4.32023743836286;0.472838520639261;1.30026726740318;20220812000000_20220812223000_02;11_08_02
2022-08-12 00:00:00;2022-08-13 00:00:00;24;2;Perturbed;138.35;34.45;807780.07723778;3817149.81122146;99610.0234375;-2.9328522194478;4.57336496187613;0.719264595308972;1.46582997801873;20220812000000_20220813013000_02;11_09_02
2022-08-12 00:00:00;2022-08-13 03:00:00;27;2;Perturbed;139.09;34.94;873607.632074081;3874028.72892752;99520.75;-2.47297313831112;4.81706372898511;1.09295533839422;1.62522563715619;20220812000000_20220813043000_02;11_10_02
2022-08-12 00:00:00;2022-08-13 06:00:00;30;2;Perturbed;139.96;35.64;949241.642322193;3955372.23779241;99530.9296875;-1.94458500021181;5.16558148604118;1.5223154986253;1.85318008381212;20220812000000_20220813073000_02;11_11_02
2022-08-12 00:00:00;2022-08-13 09:00:00;33;2;Perturbed;140.9;36.42;1029198.69756504;4046734.48011804;99777.5234375;-1.38599555864867;5.55702469053619;1.97621677846035;2.10921070856886;20220812000000_20220813103000_02;11_12_02
2022-08-12 00:00:00;2022-08-13 12:00:00;36;2;Perturbed;141.86;37.07;1110224.63662087;4124723.29001588;99562.3359375;-0.819938768389765;5.89116917828157;2.43618591221061;2.32776405417322;20220812000000_20220813133000_02;11_13_02
2022-08-12 00:00:00;2022-08-13 15:00:00;39;2;Perturbed;142.65;37.7;1174875.80820419;4200173.19756314;99551.453125;-0.36827803974684;6.21443569229602;2.80319854712287;2.53920246106248;20220812000000_20220813163000_02;11_14_02
2022-08-12 00:00:00;2022-08-12 00:00:00;0;3;Perturbed;136.05;30.18;601093.437904286;3339194.95194792;100040.4921875;-4.37670454792569;2.52556949717154;-0.454056881242869;0.126424572564901;20220812000000_20220812013000_03;11_01_03
2022-08-12 00:00:00;2022-08-12 03:00:00;3;3;Perturbed;136.09;30.26;604849.720710884;3348091.9701835;99569.3125;-4.35046271211874;2.56368893513555;-0.432733164803355;0.151357291808024;20220812000000_20220812043000_03;11_02_03
2022-08-12 00:00:00;2022-08-12 06:00:00;6;3;Perturbed;136.17;30.64;612121.819140174;3390280.74164721;99220.09375;-4.29965897268297;2.74444750098383;-0.391450819247785;0.269585755127429;20220812000000_20220812073000_03;11_03_03
2022-08-12 00:00:00;2022-08-12 09:00:00;9;3;Perturbed;136.06;31.1;601091.991763855;3441160.16023086;99116.3515625;-4.37671465083373;2.96244130396257;-0.454065090712197;0.412168609878345;20220812000000_20220812103000_03;11_04_03
2022-08-12 00:00:00;2022-08-12 12:00:00;12;3;Perturbed;135.94;31.38;589391.536365704;3472107.69942928;99136.3671875;-4.458455415636;3.09503660380084;-0.520486392293944;0.498895003560913;20220812000000_20220812133000_03;11_05_03
2022-08-12 00:00:00;2022-08-12 15:00:00;15;3;Perturbed;135.95;31.7;590028.336957334;3507584.49158813;99087.3046875;-4.45400665141143;3.24703757109726;-0.516871394184488;0.598314030826282;20220812000000_20220812163000_03;11_06_03
2022-08-12 00:00:00;2022-08-12 18:00:00;18;3;Perturbed;136.06;32.1;600015.990675513;3552012.78450748;98978.5625;-4.38423172165672;3.4373914077359;-0.46017334807134;0.722818457419421;20220812000000_20220812193000_03;11_07_03
2022-08-12 00:00:00;2022-08-12 21:00:00;21;3;Perturbed;136.11;32.58;604183.908516319;3605260.84264924;98888.734375;-4.35511415483156;3.66553369038542;-0.436512856368093;0.872039111883308;20220812000000_20220812223000_03;11_08_03
2022-08-12 00:00:00;2022-08-13 00:00:00;24;3;Perturbed;136.3;32.94;621531.187926273;3645376.92510748;98927.140625;-4.23392400983666;3.83741178213881;-0.338035588765892;0.9844591378495;20220812000000_20220813013000_03;11_09_03
2022-08-12 00:00:00;2022-08-13 03:00:00;27;3;Perturbed;136.67;33.41;655281.821966382;3697977.95307287;98853.5859375;-3.99813808996248;4.06278185211932;-0.146439538367076;1.13186657564886;20220812000000_20220813043000_03;11_10_03
2022-08-12 00:00:00;2022-08-13 06:00:00;30;3;Perturbed;137.17;33.89;700664.161667835;3752069.33645662;98654.1171875;-3.68109169907591;4.29453737725015;0.111187534188733;1.28345053778871;20220812000000_20220813073000_03;11_11_03
2022-08-12 00:00:00;2022-08-13 09:00:00;33;3;Perturbed;137.82;34.3;759546.453120018;3799021.06472205;98649.734375;-3.26973304910645;4.49570291895494;0.445451313271018;1.41502655885836;20220812000000_20220813103000_03;11_12_03
2022-08-12 00:00:00;2022-08-13 12:00:00;36;3;Perturbed;138.68;34.9;836295.233638191;3868129.82750383;98874.640625;-2.73355699409683;4.79180068180939;0.88113981627017;1.6086947445419;20220812000000_20220813133000_03;11_13_03
2022-08-12 00:00:00;2022-08-13 15:00:00;39;3;Perturbed;140.1;35.78;961109.391935783;3971555.37512043;98815.421875;-1.86159052696184;5.23492933928473;1.58968649824515;1.89853119008039;20220812000000_20220813163000_03;11_14_03
2022-08-12 00:00:00;2022-08-12 00:00:00;0;4;Perturbed;136.05;30.18;601083.968678707;3339196.23836756;100041.1328125;-4.37677427873157;2.5255927883894;-0.454110636269192;0.126428177586139;20220812000000_20220812013000_04;11_01_04
2022-08-12 00:00:00;2022-08-12 03:00:00;3;4;Perturbed;136.05;30.31;600959.43786901;3353599.27047513;100036.609375;-4.37764426569188;2.58730284386876;-0.454817574434045;0.166790773939131;20220812000000_20220812043000_04;11_02_04
2022-08-12 00:00:00;2022-08-12 06:00:00;6;4;Perturbed;136.4;30.48;634388.300072074;3372808.5922392;99904.875;-4.14410628191564;2.66960553561643;-0.265048162700278;0.220622362648154;20220812000000_20220812073000_04;11_03_04
2022-08-12 00:00:00;2022-08-12 09:00:00;9;4;Perturbed;136.68;30.89;660581.954062872;3418621.08640085;99749.0234375;-3.96111431815736;2.86589000788926;-0.116351677645032;0.3490058305152;20220812000000_20220812103000_04;11_04_04
2022-08-12 00:00:00;2022-08-12 12:00:00;12;4;Perturbed;136.59;31.48;651028.471786536;3483888.54936321;99769.453125;-4.02785607488557;3.14552965114788;-0.170585013514394;0.531909280487264;20220812000000_20220812133000_04;11_05_04
2022-08-12 00:00:00;2022-08-12 15:00:00;15;4;Perturbed;136.55;31.94;646504.74791482;3534833.27187171;99729.4296875;-4.05945934471102;3.36380324999147;-0.196265349649283;0.674675140867759;20220812000000_20220812163000_04;11_06_04
2022-08-12 00:00:00;2022-08-12 18:00:00;18;4;Perturbed;136.71;32.43;660763.286812123;3589393.42629754;99617.484375;-3.95984750613142;3.59756723325789;-0.11532228547056;0.827572771977586;20220812000000_20220812193000_04;11_07_04
2022-08-12 00:00:00;2022-08-12 21:00:00;21;4;Perturbed;137.04;32.89;690815.80982221;3640936.31613675;99568.171875;-3.74989702715516;3.81840369101121;0.0552802788074742;0.972014917347282;20220812000000_20220812223000_04;11_08_04
2022-08-12 00:00:00;2022-08-13 00:00:00;24;4;Perturbed;137.42;33.41;725036.373840845;3699355.85497109;99537.9453125;-3.51082812088932;4.06870327762745;0.249544033989037;1.13572796384246;20220812000000_20220813013000_04;11_09_04
2022-08-12 00:00:00;2022-08-13 03:00:00;27;4;Perturbed;137.74;34.13;752691.33089635;3779966.12688773;99458.921875;-3.31762732114541;4.41407946751778;0.40653606381244;1.36162761073453;20220812000000_20220813043000_04;11_10_04
2022-08-12 00:00:00;2022-08-13 06:00:00;30;4;Perturbed;138.08;34.79;781823.770381317;3854081.20780722;99424.8515625;-3.11410465446072;4.73162689234049;0.571915485638089;1.56932534218995;20220812000000_20220813073000_04;11_11_04
2022-08-12 00:00:00;2022-08-13 09:00:00;33;4;Perturbed;138.77;35.2;843254.159381929;3901741.37619073;99612.2890625;-2.68494469374636;4.93582775873694;0.92064433893882;1.70288667317997;20220812000000_20220813103000_04;11_12_04
2022-08-12 00:00:00;2022-08-13 12:00:00;36;4;Perturbed;139.78;35.6;933144.002899905;3950121.18421509;99947.4140625;-2.05696361890063;5.1431119343859;1.43093220400661;1.8384646992746;20220812000000_20220813133000_04;11_13_04
2022-08-12 00:00:00;2022-08-13 15:00:00;39;4;Perturbed;140.57;36.79;997186.989254667;4086073.63620873;99416.1953125;-1.60955174417253;5.7256027108017;1.79449228488496;2.21945350094041;20220812000000_20220813163000_04;11_14_04
2022-08-12 00:00:00;2022-08-12 00:00:00;0;5;Perturbed;136.05;30.18;601082.97507306;3339198.53852975;100040.484375;-4.37687234261577;2.52554670977309;-0.45411627678301;0.126434623487066;20220812000000_20220812013000_05;11_01_05
2022-08-12 00:00:00;2022-08-12 03:00:00;3;5;Perturbed;135.91;30.34;587469.30544761;3356815.76406063;99785.0546875;-4.47197904821677;2.6010280359816;-0.531398538460546;0.175804572651376;20220812000000_20220812043000_05;11_02_05
2022-08-12 00:00:00;2022-08-12 06:00:00;6;5;Perturbed;135.91;30.72;587136.287122545;3398918.78134233;99459.03125;-4.47430555360975;2.78141918646273;-0.533289021339095;0.293792721194799;20220812000000_20220812073000_05;11_03_05
2022-08-12 00:00:00;2022-08-12 09:00:00;9;5;Perturbed;135.81;31.09;577257.52664813;3439867.64641462;99400.7734375;-4.54331974228865;2.95686535061447;-0.589368900830678;0.40854651051372;20220812000000_20220812103000_05;11_04_05
2022-08-12 00:00:00;2022-08-12 12:00:00;12;5;Perturbed;135.56;31.42;553225.580436892;3476284.81934484;99444.7421875;-4.71120975991172;3.11289539658955;-0.725793774271516;0.510600830765261;20220812000000_20220812133000_05;11_05_05
2022-08-12 00:00:00;2022-08-12 15:00:00;15;5;Perturbed;135.53;31.67;550236.564392961;3503977.54601355;99394.703125;-4.73209137939772;3.2315453923916;-0.742761860498143;0.588206041952346;20220812000000_20220812163000_05;11_06_05
2022-08-12 00:00:00;2022-08-12 18:00:00;18;5;Perturbed;135.59;32.12;555651.068593451;3553887.61813567;99250.28125;-4.69426501287501;3.44538601266039;-0.71202473068752;0.728072431193716;20220812000000_20220812193000_05;11_07_05
2022-08-12 00:00:00;2022-08-12 21:00:00;21;5;Perturbed;135.62;32.59;558179.916406818;3606002.65914891;99228.828125;-4.67659818305522;3.66867386262256;-0.697668933622347;0.874117954707543;20220812000000_20220812223000_05;11_08_05
2022-08-12 00:00:00;2022-08-13 00:00:00;24;5;Perturbed;135.8;33;574737.093100093;3651571.16051753;99199.328125;-4.56092778905599;3.86391294329437;-0.603676931681972;1.00181766497796;20220812000000_20220813013000_05;11_09_05
2022-08-12 00:00:00;2022-08-13 03:00:00;27;5;Perturbed;136.07;33.61;599259.30668107;3719418.7324378;99302.9296875;-4.38961270562169;4.15460711074943;-0.464468901884134;1.19195152974303;20220812000000_20220813043000_05;11_10_05
2022-08-12 00:00:00;2022-08-13 06:00:00;30;5;Perturbed;136.42;34.27;630723.986148908;3793006.38265982;99595.609375;-4.16979673466678;4.46989474906614;-0.285849788953155;1.39817120628703;20220812000000_20220813073000_05;11_11_05
2022-08-12 00:00:00;2022-08-13 09:00:00;33;5;Perturbed;136.76;35.07;660472.306572987;3882222.98277055;99674.8984375;-3.96197145092343;4.85214491010117;-0.116974125981062;1.64818895195059;20220812000000_20220813103000_05;11_12_05
2022-08-12 00:00:00;2022-08-13 12:00:00;36;5;Perturbed;137.25;35.66;703672.20079437;3948579.82081551;100087.1171875;-3.66017188219973;5.13645200090023;0.12826361090493;1.83414523179958;20220812000000_20220813133000_05;11_13_05
2022-08-12 00:00:00;2022-08-13 15:00:00;39;5;Perturbed;139.37;36.28;892582.563374826;4023867.33023849;99580.109375;-2.34042175359876;5.45902271716988;1.20067248200376;2.04512853938131;20220812000000_20220813163000_05;11_14_05
2022-08-12 00:00:00;2022-08-12 00:00:00;0;6;Perturbed;136.05;30.18;601087.800733195;3339194.04622852;100041.1875;-4.37685322963277;2.52553235687976;-0.454088882411062;0.126422034405848;20220812000000_20220812013000_06;11_01_06
2022-08-12 00:00:00;2022-08-12 03:00:00;3;6;Perturbed;136.29;30.2;624180.754383173;3341643.32703132;99880.3203125;-4.21552312506345;2.53602634544384;-0.322994494491695;0.133285820562819;20220812000000_20220812043000_06;11_02_06
2022-08-12 00:00:00;2022-08-12 06:00:00;6;6;Perturbed;136.68;30.33;661507.427467347;3356542.01004993;99666.3125;-3.95475457361829;2.59986002635082;-0.111097937853486;0.175037413170536;20220812000000_20220812073000_06;11_03_06
2022-08-12 00:00:00;2022-08-12 09:00:00;9;6;Perturbed;136.93;30.9;684462.887923271;3420121.280631;99504.328125;-3.79438501275898;2.87226657835957;0.0192159268642717;0.353209926827036;20220812000000_20220812103000_06;11_04_06
2022-08-12 00:00:00;2022-08-12 12:00:00;12;6;Perturbed;136.92;31.4;682538.493579568;3475525.14435644;99459.3125;-3.80782905917279;3.10964544960918;0.00829149933425319;0.508471941883585;20220812000000_20220812133000_06;11_05_06
2022-08-12 00:00:00;2022-08-12 15:00:00;15;6;Perturbed;137.07;31.74;696099.984935873;3513480.91182039;99408.28125;-3.71308687712927;3.27226763210992;0.0852775547161431;0.614837970229088;20220812000000_20220812163000_06;11_06_06
2022-08-12 00:00:00;2022-08-12 18:00:00;18;6;Perturbed;137.39;32.32;724989.297370013;3578412.55306417;99164.6171875;-3.51126272476753;3.55046844105017;0.24927678965024;0.796800324161613;20220812000000_20220812193000_06;11_07_06
2022-08-12 00:00:00;2022-08-12 21:00:00;21;6;Perturbed;137.61;32.98;743902.822585091;3652091.01932715;99057.53125;-3.37913060139465;3.8661451823616;0.356645342371968;1.00327450067313;20220812000000_20220812223000_06;11_08_06
2022-08-12 00:00:00;2022-08-13 00:00:00;24;6;Perturbed;137.83;33.5;762911.297273954;3710309.80221866;99057.2109375;-3.24633514977165;4.11558462645524;0.46455290553549;1.1664249551373;20220812000000_20220813013000_06;11_09_06
2022-08-12 00:00:00;2022-08-13 03:00:00;27;6;Perturbed;138.45;34.09;818334.784000043;3777508.38590707;98974.6953125;-2.85914011856674;4.40349819191659;0.779181695721484;1.35474011604579;20220812000000_20220813043000_06;11_10_06
2022-08-12 00:00:00;2022-08-13 06:00:00;30;6;Perturbed;139.37;34.86;899580.946063858;3866231.29762198;98586.1484375;-2.29154482433618;4.7836331359565;1.2404009943868;1.60337436514449;20220812000000_20220813073000_06;11_11_06
2022-08-12 00:00:00;2022-08-13 09:00:00;33;6;Perturbed;140.48;35.8;995388.619813981;3975642.32162315;98433.1953125;-1.62222108780038;5.25240667688444;1.78428327720872;1.9099843181977;20220812000000_20220813103000_06;11_12_06
2022-08-12 00:00:00;2022-08-13 12:00:00;36;6;Perturbed;141.43;36.71;1074625.74461238;4082026.28045045;98107.296875;-1.06866116544236;5.70821070150328;2.2340976462748;2.20811132065864;20220812000000_20220813133000_06;11_13_06
2022-08-12 00:00:00;2022-08-13 15:00:00;39;6;Perturbed;142.75;37.66;1184085.09681724;4196448.90572293;97976.3046875;-0.303965189130253;6.19845654008234;2.85547795980432;2.52876562476826;20220812000000_20220813163000_06;11_14_06
2022-08-12 00:00:00;2022-08-12 00:00:00;0;7;Perturbed;136.05;30.18;601095.383595809;3339200.28155085;100040.4609375;-4.37675029789164;2.52562460558936;-0.454045835915226;0.126439508073641;20220812000000_20220812013000_07;11_01_07
2022-08-12 00:00:00;2022-08-12 03:00:00;3;7;Perturbed;136.3;30.21;625122.151283905;3342769.64399301;99600.984375;-4.20889645804352;2.54091760450002;-0.317650359983773;0.136442175179724;20220812000000_20220812043000_07;11_02_07
2022-08-12 00:00:00;2022-08-12 06:00:00;6;7;Perturbed;136.61;30.62;654309.514561839;3388591.54080171;99347.6484375;-4.00499008724731;2.73724236258674;-0.151959146036153;0.264851992724021;20220812000000_20220812073000_07;11_03_07
2022-08-12 00:00:00;2022-08-12 09:00:00;9;7;Perturbed;136.69;31.11;661167.475813464;3443024.57098768;99193.21875;-3.95707955909977;2.97046167971369;-0.113027779945726;0.417393374931398;20220812000000_20220812103000_07;11_04_07
2022-08-12 00:00:00;2022-08-12 12:00:00;12;7;Perturbed;136.82;31.71;672461.75971659;3509741.13844446;99290.640625;-3.87817635638501;3.25631003778165;-0.0489122381354552;0.604357748974482;20220812000000_20220812133000_07;11_05_07
2022-08-12 00:00:00;2022-08-12 15:00:00;15;7;Perturbed;136.93;32.31;681690.749777559;3576425.63787264;99306.796875;-3.81370154063935;3.5420209997924;0.00347901598884262;0.791232256600267;20220812000000_20220812163000_07;11_06_07
2022-08-12 00:00:00;2022-08-12 18:00:00;18;7;Perturbed;137.11;32.96;697221.479536816;3648834.36406779;99236.0703125;-3.70520202628202;3.85225751647301;0.0916440702556383;0.99414815417106;20220812000000_20220812193000_07;11_07_07
2022-08-12 00:00:00;2022-08-12 21:00:00;21;7;Perturbed;137.31;33.49;714618.990678591;3707995.48043;99252.8671875;-3.58366095646952;4.10573440562143;0.190406494024395;1.15993937380352;20220812000000_20220812223000_07;11_08_07
2022-08-12 00:00:00;2022-08-13 00:00:00;24;7;Perturbed;137.72;33.86;751628.432478185;3749954.55487381;99235.7578125;-3.32510862028595;4.28550883037109;0.400502187866478;1.2775241415435;20220812000000_20220813013000_07;11_09_07
2022-08-12 00:00:00;2022-08-13 03:00:00;27;7;Perturbed;138.57;34.4;828215.732154569;3812286.81637336;99084.3984375;-2.79006068952957;4.55257254907716;0.835273994264759;1.45220207684802;20220812000000_20220813043000_07;11_10_07
2022-08-12 00:00:00;2022-08-13 06:00:00;30;7;Perturbed;139.39;34.92;901110.499693627;3872973.53648245;98889.515625;-2.28080922486713;4.8125859154865;1.24908398487488;1.62226859960901;20220812000000_20220813073000_07;11_11_07
2022-08-12 00:00:00;2022-08-13 09:00:00;33;7;Perturbed;140.37;35.81;985373.892030095;3976200.60569744;98932.7578125;-1.69213520321284;5.25486418860645;1.72743153667752;1.91154883562516;20220812000000_20220813103000_07;11_12_07
2022-08-12 00:00:00;2022-08-13 12:00:00;36;7;Perturbed;141.28;36.62;1061860.34388187;4071133.24979684;98690.8203125;-1.1577918072828;5.66160484504752;2.16163084879724;2.17758504007766;20220812000000_20220813133000_07;11_13_07
2022-08-12 00:00:00;2022-08-13 15:00:00;39;7;Perturbed;142.38;37.51;1152701.06937476;4177132.66625912;98610.1875;-0.523167758533858;6.11576129084391;2.67731669336881;2.47463441331831;20220812000000_20220813163000_07;11_14_07
2022-08-12 00:00:00;2022-08-12 00:00:00;0;8;Perturbed;136.05;30.18;601085.507274772;3339199.08339562;100041.1875;-4.37681911707843;2.52556634603396;-0.454101901946488;0.126436150401765;20220812000000_20220812013000_08;11_01_08
2022-08-12 00:00:00;2022-08-12 03:00:00;3;8;Perturbed;135.85;30.34;581692.756393854;3356758.76471393;99996.6171875;-4.51229916761361;2.60080112300727;-0.564190929332953;0.175644839505871;20220812000000_20220812043000_08;11_02_08
2022-08-12 00:00:00;2022-08-12 06:00:00;6;8;Perturbed;135.96;30.47;592161.395167938;3371254.89688836;99789.1015625;-4.43916401938958;2.6629100674322;-0.504762420826037;0.216268336507465;20220812000000_20220812073000_08;11_03_08
2022-08-12 00:00:00;2022-08-12 09:00:00;9;8;Perturbed;135.99;30.88;594626.927217218;3416714.62974485;99579.71875;-4.42193952098378;2.85768312741697;-0.490766055536648;0.343663237379528;20220812000000_20220812103000_08;11_04_08
2022-08-12 00:00:00;2022-08-12 12:00:00;12;8;Perturbed;135.79;31.21;575250.55799893;3453153.73690343;99562.84375;-4.55730512728695;3.01380715099617;-0.600762087281752;0.445779025410858;20220812000000_20220812133000_08;11_05_08
2022-08-12 00:00:00;2022-08-12 15:00:00;15;8;Perturbed;135.6;31.48;556991.88617448;3482960.70108195;99444.796875;-4.68486236744702;3.14151563622271;-0.704413159523399;0.529309108150376;20220812000000_20220812163000_08;11_06_08
2022-08-12 00:00:00;2022-08-12 18:00:00;18;8;Perturbed;135.71;31.8;567204.392547491;3518489.16476139;99203.40625;-4.61351659046044;3.29373799109767;-0.646438666854127;0.628872938031796;20220812000000_20220812193000_08;11_07_08
2022-08-12 00:00:00;2022-08-12 21:00:00;21;8;Perturbed;135.82;32.29;577200.184628992;3572882.18586503;99033.6953125;-4.54368480513732;3.52678588857689;-0.589694420771298;0.781302200066945;20220812000000_20220812223000_08;11_08_08
2022-08-12 00:00:00;2022-08-13 00:00:00;24;8;Perturbed;135.92;32.89;586054.045377642;3639475.69496485;98990.609375;-4.48183068712054;3.81210700085533;-0.539432705740808;0.96792171930775;20220812000000_20220813013000_08;11_09_08
2022-08-12 00:00:00;2022-08-13 03:00:00;27;8;Perturbed;136.01;33.43;593895.586564096;3699405.52402056;98996.6328125;-4.42704875325577;4.06887745365132;-0.494917739930721;1.13586715479753;20220812000000_20220813043000_08;11_10_08
2022-08-12 00:00:00;2022-08-13 06:00:00;30;8;Perturbed;136.43;34.09;631921.154353387;3773052.07612837;99017.734375;-4.1613976407676;4.38441745817901;-0.27905368848972;1.34225189610168;20220812000000_20220813073000_08;11_11_08
2022-08-12 00:00:00;2022-08-13 09:00:00;33;8;Perturbed;136.8;34.8;664657.013962627;3852346.1756994;98942.2734375;-3.93270105504823;4.72415448349196;-0.0932183231426056;1.56446314372338;20220812000000_20220813103000_08;11_12_08
2022-08-12 00:00:00;2022-08-13 12:00:00;36;8;Perturbed;137.18;35.41;697941.292040419;3920690.94321161;99284.3125;-3.70017315306589;5.01697889458833;0.0957303114964451;1.75599033350752;20220812000000_20220813133000_08;11_13_08
2022-08-12 00:00:00;2022-08-13 15:00:00;39;8;Perturbed;138.56;35.7;822141.270761248;3956522.4033612;99790.140625;-2.83249741707104;5.17049944340218;0.800790410641493;1.85640327100255;20220812000000_20220813163000_08;11_14_08
2022-08-12 00:00:00;2022-08-12 00:00:00;0;9;Perturbed;136.05;30.18;601082.570861503;3339195.70646841;100040.140625;-4.37677537495022;2.52553434513954;-0.454118571416582;0.126426687008976;20220812000000_20220812013000_09;11_01_09
2022-08-12 00:00:00;2022-08-12 03:00:00;3;9;Perturbed;136.34;30.24;628931.67728685;3346144.88937298;99554.265625;-4.18221822475354;2.55530824686901;-0.296024391855634;0.145900854841519;20220812000000_20220812043000_09;11_02_09
2022-08-12 00:00:00;2022-08-12 06:00:00;6;9;Perturbed;136.6;30.66;653289.974914748;3393023.43860772;99307.1015625;-4.01204827754788;2.75616025167336;-0.157746882330989;0.277271801336916;20220812000000_20220812073000_09;11_03_09
2022-08-12 00:00:00;2022-08-12 09:00:00;9;9;Perturbed;136.7;31.21;661950.461464554;3454124.10534017;99232.0546875;-3.9515450945476;3.01794717998987;-0.108582916536954;0.44849835487102;20220812000000_20220812103000_09;11_04_09
2022-08-12 00:00:00;2022-08-12 12:00:00;12;9;Perturbed;136.67;31.69;658282.48100137;3507290.99073585;99309.1796875;-3.97717003974314;3.24574167651863;-0.12940535705321;0.59749153342842;20220812000000_20220812133000_09;11_05_09
2022-08-12 00:00:00;2022-08-12 15:00:00;15;9;Perturbed;136.8;32.09;669870.946880621;3551832.27322055;99292.0703125;-3.89621164696087;3.43657961902431;-0.063619799069105;0.722312598364401;20220812000000_20220812163000_09;11_06_09
2022-08-12 00:00:00;2022-08-12 18:00:00;18;9;Perturbed;137.02;32.62;689524.402648643;3610962.12073512;99196.09375;-3.75891028126023;3.68992253622097;0.047949201304809;0.888016191178678;20220812000000_20220812193000_09;11_07_09
2022-08-12 00:00:00;2022-08-12 21:00:00;21;9;Perturbed;137.3;33.13;714563.470574904;3668054.63416962;99212.7890625;-3.58398439226005;3.9345364581497;0.190091316757755;1.04801042415152;20220812000000_20220812223000_09;11_08_09
2022-08-12 00:00:00;2022-08-13 00:00:00;24;9;Perturbed;137.8;33.59;759849.246821518;3720208.79098251;99081.859375;-3.26761260508607;4.15799190047359;0.447170216602555;1.19416556453079;20220812000000_20220813013000_09;11_09_09
2022-08-12 00:00:00;2022-08-13 03:00:00;27;9;Perturbed;138.31;34.29;804700.406251262;3799264.92916005;98906.25;-2.9542771023812;4.49670937582758;0.701781877892657;1.41570995675695;20220812000000_20220813043000_09;11_10_09
2022-08-12 00:00:00;2022-08-13 06:00:00;30;9;Perturbed;138.81;34.9;848186.56793586;3868575.14664064;99213.9921875;-2.65047763531295;4.79367027503744;0.948644701739814;1.6099426926429;20220812000000_20220813073000_09;11_11_09
2022-08-12 00:00:00;2022-08-13 09:00:00;33;9;Perturbed;139.67;35.6;923162.770942727;3949626.86553795;99194.1796875;-2.12668501637611;5.14093785262068;1.37427061303214;1.83707943642952;20220812000000_20220813103000_09;11_12_09
2022-08-12 00:00:00;2022-08-13 12:00:00;36;9;Perturbed;140.52;36.28;995979.880715858;4029162.12441612;99010.59375;-1.61797607804822;5.48170812941233;1.78763975499875;2.05996650117765;20220812000000_20220813133000_09;11_13_09
2022-08-12 00:00:00;2022-08-13 15:00:00;39;9;Perturbed;141.4;37.08;1069177.76747062;4122962.08087689;98866.4453125;-1.1066069867059;5.88359576487152;2.20317049682379;2.32282849803201;20220812000000_20220813163000_09;11_14_09
2022-08-12 00:00:00;2022-08-12 00:00:00;0;10;Perturbed;136.05;30.18;601087.29578352;3339200.11112669;100041.53125;-4.37673059019785;2.52557812492877;-0.454091748916126;0.126439030482424;20220812000000_20220812013000_10;11_01_10
2022-08-12 00:00:00;2022-08-12 03:00:00;3;10;Perturbed;135.82;30.31;578841.186826982;3353421.85219506;100003.2578125;-4.53214453761303;2.58651143562247;-0.580378757561627;0.166293582627553;20220812000000_20220812043000_10;11_02_10
2022-08-12 00:00:00;2022-08-12 06:00:00;6;10;Perturbed;135.84;30.43;580666.774833559;3366743.23317293;99889.28125;-4.51939076395265;2.64358713697939;-0.57001523516676;0.203624994462112;20220812000000_20220812073000_10;11_03_10
2022-08-12 00:00:00;2022-08-12 09:00:00;9;10;Perturbed;135.97;30.77;592823.893768946;3404514.68101779;99702.2265625;-4.43445969368613;2.80541959868837;-0.501001539913489;0.309474491404392;20220812000000_20220812103000_10;11_04_10
2022-08-12 00:00:00;2022-08-12 12:00:00;12;10;Perturbed;135.79;31.17;575295.011288216;3448710.0989314;99743.8046875;-4.55691853920511;2.99477567808976;-0.600509734255012;0.433326316532307;20220812000000_20220812133000_10;11_05_10
2022-08-12 00:00:00;2022-08-12 15:00:00;15;10;Perturbed;135.92;31.4;587461.667363734;3474303.8218817;99679.125;-4.47192084135002;3.10443245392629;-0.531441898437179;0.505049346856608;20220812000000_20220812163000_10;11_06_10
2022-08-12 00:00:00;2022-08-12 18:00:00;18;10;Perturbed;135.95;32;589727.155258579;3540830.8686765;99527.84375;-4.4560938750591;3.38946880723873;-0.518581146477297;0.691482614260276;20220812000000_20220812193000_10;11_07_10
2022-08-12 00:00:00;2022-08-12 21:00:00;21;10;Perturbed;135.94;32.49;588316.741582672;3595130.7849019;99460.9453125;-4.46594719175773;3.6221177951579;-0.526587801682976;0.843650962163555;20220812000000_20220812223000_10;11_08_10
2022-08-12 00:00:00;2022-08-13 00:00:00;24;10;Perturbed;135.98;32.9;591659.765040484;3640626.72429366;99429.1015625;-4.44259243462267;3.8170459827077;-0.507610081437893;0.971147327071609;20220812000000_20220813013000_10;11_09_10
2022-08-12 00:00:00;2022-08-13 03:00:00;27;10;Perturbed;136.19;33.31;610770.733749975;3686278.50836198;99428.5703125;-4.3090809476533;4.01264188963528;-0.399120678848233;1.09908042611502;20220812000000_20220813043000_10;11_10_10
2022-08-12 00:00:00;2022-08-13 06:00:00;30;10;Perturbed;136.64;33.92;651609.199342835;3754498.31569259;99287.9765625;-4.02377859852944;4.30493090653954;-0.167288331561323;1.29025743148436;20220812000000_20220813073000_10;11_11_10
2022-08-12 00:00:00;2022-08-13 09:00:00;33;10;Perturbed;136.94;34.4;678325.27792876;3808210.33792919;99296.78125;-3.83713691478131;4.53506105187095;-0.0156261395822208;1.44077828408307;20220812000000_20220813103000_10;11_12_10
2022-08-12 00:00:00;2022-08-13 12:00:00;36;10;Perturbed;137.3;34.64;710812.614024818;3835517.92498129;99626.5;-3.61017654370894;4.65206090991517;0.16879840416373;1.51730419233113;20220812000000_20220813133000_10;11_13_10
2022-08-12 00:00:00;2022-08-13 15:00:00;39;10;Perturbed;138.7;35.1;837306.009189806;3890396.40460632;99773.6640625;-2.72647872927556;4.88718876334147;0.886877800430675;1.67109388779438;20220812000000_20220813163000_10;11_14_10
2022-08-12 00:00:00;2022-08-12 00:00:00;0;11;Perturbed;136.05;30.18;601088.837171517;3339196.01290708;100041.3125;-4.3768439004705;2.52559926340935;-0.454082998744141;0.126427545762909;20220812000000_20220812013000_11;11_01_11
2022-08-12 00:00:00;2022-08-12 03:00:00;3;11;Perturbed;135.92;30.31;588449.741264171;3353495.69975217;99950.6875;-4.46514211884916;2.58686653421435;-0.525832787313493;0.166500530658849;20220812000000_20220812043000_11;11_02_11
2022-08-12 00:00:00;2022-08-12 06:00:00;6;11;Perturbed;136.07;30.5;602683.391383189;3374677.62777451;99780.375;-4.36570415621735;2.67762089368921;-0.445031012083977;0.225860088032498;20220812000000_20220812073000_11;11_03_11
2022-08-12 00:00:00;2022-08-12 09:00:00;9;11;Perturbed;136.16;31;610748.16000891;3430171.30412999;99623.6171875;-4.30936272906881;2.91538456880104;-0.39924882576321;0.381373791129917;20220812000000_20220812103000_11;11_04_11
2022-08-12 00:00:00;2022-08-12 12:00:00;12;11;Perturbed;135.9;31.34;585609.950199261;3467639.9155414;99606.515625;-4.48498123498826;3.07591952225133;-0.541953751184806;0.486374628940344;20220812000000_20220812133000_11;11_05_11
2022-08-12 00:00:00;2022-08-12 15:00:00;15;11;Perturbed;135.92;31.6;587268.940913117;3496472.53391481;99449.75;-4.47339132971228;3.19945340498863;-0.532535970527848;0.567174236169852;20220812000000_20220812163000_11;11_06_11
2022-08-12 00:00:00;2022-08-12 18:00:00;18;11;Perturbed;136.05;32.09;599075.383509516;3550892.05869833;99253.6484375;-4.39091012581178;3.43261485797085;-0.465512999402562;0.719677771269512;20220812000000_20220812193000_11;11_07_11
2022-08-12 00:00:00;2022-08-12 21:00:00;21;11;Perturbed;136.07;32.58;600422.125492508;3605231.01880239;99108.5;-4.381501627088;3.66543113010487;-0.457867796514195;0.871955534489101;20220812000000_20220812223000_11;11_08_11
2022-08-12 00:00:00;2022-08-13 00:00:00;24;11;Perturbed;136.2;33.1;611982.861266666;3663019.23105367;99017.828125;-4.30073696009855;3.91302578638595;-0.392239657161301;1.03389937156722;20220812000000_20220813013000_11;11_09_11
2022-08-12 00:00:00;2022-08-13 03:00:00;27;11;Perturbed;136.53;33.83;641583.076796712;3744364.8599418;98965.859375;-4.09394635465594;4.2615526267205;-0.224204758031087;1.26185975930844;20220812000000_20220813043000_11;11_10_11
2022-08-12 00:00:00;2022-08-13 06:00:00;30;11;Perturbed;136.92;34.49;676288.746987532;3818151.42581648;98893.28125;-3.85148843931522;4.57769252280276;-0.0271871456477817;1.46863687071313;20220812000000_20220813073000_11;11_11_11
2022-08-12 00:00:00;2022-08-13 09:00:00;33;11;Perturbed;137.92;34.9;766809.931425202;3865853.59464423;99213.5390625;-3.2190967421586;4.78207334087357;0.486684723990853;1.60231590240426;20220812000000_20220813103000_11;11_12_11
2022-08-12 00:00:00;2022-08-13 12:00:00;36;11;Perturbed;139.18;36.09;876397.938456175;4002029.52227346;99249.265625;-2.45350196801986;5.36552160275273;1.10879538695676;1.98393096504117;20220812000000_20220813133000_11;11_13_11
2022-08-12 00:00:00;2022-08-13 15:00:00;39;11;Perturbed;140.03;36.73;949285.982055708;4076728.29120189;99362.359375;-1.94429747759394;5.68556984956522;1.52256720701712;2.19326440509773;20220812000000_20220813163000_11;11_14_11
2022-08-12 00:00:00;2022-08-12 00:00:00;0;12;Perturbed;136.05;30.18;601081.237033176;3339195.66218123;100040.3984375;-4.37685022433993;2.52558693002125;-0.454126143311052;0.126426562900006;20220812000000_20220812013000_12;11_01_12
2022-08-12 00:00:00;2022-08-12 03:00:00;3;12;Perturbed;136.25;30.26;620257.444654318;3348265.1097274;99693.59375;-4.24288297062031;2.56444514453203;-0.345266391595805;0.151842492526271;20220812000000_20220812043000_12;11_02_12
2022-08-12 00:00:00;2022-08-12 06:00:00;6;12;Perturbed;136.54;30.59;647647.150321759;3385179.32194209;99447.46875;-4.05153524843513;2.72260476444616;-0.189780144397273;0.255289699765813;20220812000000_20220812073000_12;11_03_12
2022-08-12 00:00:00;2022-08-12 09:00:00;9;12;Perturbed;136.57;31.11;649711.95275224;3442857.82504527;99257.984375;-4.03711029452609;2.9697293698681;-0.178058646363668;0.416926091437411;20220812000000_20220812103000_12;11_04_12
2022-08-12 00:00:00;2022-08-12 12:00:00;12;12;Perturbed;136.68;31.52;659512.510127838;3488459.50160133;99293.921875;-3.96864244194178;3.16511059023954;-0.12242271126864;0.544718770791673;20220812000000_20220812133000_12;11_05_12
2022-08-12 00:00:00;2022-08-12 15:00:00;15;12;Perturbed;136.79;32.17;668774.594145308;3560673.25297365;99275.2734375;-3.90393642790317;3.47451173371232;-0.0698435889297712;0.747088277157178;20220812000000_20220812163000_12;11_06_12
2022-08-12 00:00:00;2022-08-12 18:00:00;18;12;Perturbed;136.95;32.72;682742.292593485;3621930.29041548;99172.8359375;-3.80635643508838;3.73696863520382;0.00944842830024527;0.91875303896414;20220812000000_20220812193000_12;11_07_12
2022-08-12 00:00:00;2022-08-12 21:00:00;21;12;Perturbed;137.2;33.23;704990.353116349;3678948.34565675;99159.8984375;-3.6509288538001;3.98126353963673;0.135746515623551;1.07853861267856;20220812000000_20220812223000_12;11_08_12
2022-08-12 00:00:00;2022-08-13 00:00:00;24;12;Perturbed;137.56;33.67;737352.53602198;3728499.67942933;99172.9765625;-3.42484281771341;4.19356713886113;0.319460588065395;1.21739968504704;20220812000000_20220813013000_12;11_09_12
2022-08-12 00:00:00;2022-08-13 03:00:00;27;12;Perturbed;138.19;33.99;794687.715857829;3765630.91541691;99101.828125;-3.02429247241674;4.35265660111441;0.644941703246806;1.32145507276406;20220812000000_20220813043000_12;11_10_12
2022-08-12 00:00:00;2022-08-13 06:00:00;30;12;Perturbed;138.89;34.5;857212.036465297;3824463.74809613;99013.1328125;-2.58749017615704;4.60472695279637;0.999880602113829;1.48632632070676;20220812000000_20220813073000_12;11_11_12
2022-08-12 00:00:00;2022-08-13 09:00:00;33;12;Perturbed;139.68;35.01;927172.300946897;3884177.01250653;99350.484375;-2.09873949681182;4.86056953039376;1.39703196654751;1.6536648623635;20220812000000_20220813103000_12;11_12_12
2022-08-12 00:00:00;2022-08-13 12:00:00;36;12;Perturbed;140.71;35.76;1016461.60141051;3972397.3305395;99369.0625;-1.47495388674843;5.23855110257663;1.90391066077799;1.90089065900841;20220812000000_20220813133000_12;11_13_12
2022-08-12 00:00:00;2022-08-13 15:00:00;39;12;Perturbed;141.64;36.07;1098324.08043803;4012185.75241592;99779.6953125;-0.903052929339893;5.40902532655193;2.36862867581997;2.01239245944361;20220812000000_20220813163000_12;11_14_12
2022-08-12 00:00:00;2022-08-12 00:00:00;0;13;Perturbed;136.05;30.18;601093.302867542;3339190.96893487;100041.3359375;-4.37681210939235;2.52558246700433;-0.454057647821263;0.126413410696572;20220812000000_20220812013000_13;11_01_13
2022-08-12 00:00:00;2022-08-12 03:00:00;3;13;Perturbed;136.04;30.24;600058.402612802;3345841.18217341;99874.46875;-4.38404204493229;2.55407542771111;-0.459932583418895;0.145049755502552;20220812000000_20220812043000_13;11_02_13
2022-08-12 00:00:00;2022-08-12 06:00:00;6;13;Perturbed;136.32;30.31;626921.342548232;3353884.00702694;99738.125;-4.19637437043251;2.58853505844826;-0.307436686968107;0.167588710541769;20220812000000_20220812073000_13;11_03_13
2022-08-12 00:00:00;2022-08-12 09:00:00;9;13;Perturbed;136.61;30.63;654309.601554348;3389709.56346948;99587.921875;-4.00503675479438;2.74203031272084;-0.151958652195913;0.267985103677019;20220812000000_20220812103000_13;11_04_13
2022-08-12 00:00:00;2022-08-12 12:00:00;12;13;Perturbed;136.58;31.12;650646.428731765;3443971.41007631;99584.25;-4.03062811324426;2.97451619066035;-0.172753800633752;0.420046766499245;20220812000000_20220812133000_13;11_05_13
2022-08-12 00:00:00;2022-08-12 15:00:00;15;13;Perturbed;136.68;31.41;659702.263685629;3476256.70324105;99464.6015625;-3.96736297954964;3.11284312192614;-0.121345515735701;0.510522039095568;20220812000000_20220812163000_13;11_06_13
2022-08-12 00:00:00;2022-08-12 18:00:00;18;13;Perturbed;137.07;31.99;695555.881005238;3541192.48020344;99310.890625;-3.7168853698409;3.39106165042872;0.0821887782507203;0.692495982833618;20220812000000_20220812193000_13;11_07_13
2022-08-12 00:00:00;2022-08-12 21:00:00;21;13;Perturbed;137.19;32.71;705274.893559189;3621264.78178327;99305.8359375;-3.64898719902198;3.73413289653479;0.137361798612369;0.916888038866187;20220812000000_20220812223000_13;11_08_13
2022-08-12 00:00:00;2022-08-13 00:00:00;24;13;Perturbed;137.23;33.17;707938.166707025;3672343.66811887;99297.1484375;-3.63038125792196;3.95298132275862;0.152480703212862;1.06002987566318;20220812000000_20220813013000_13;11_09_13
2022-08-12 00:00:00;2022-08-13 03:00:00;27;13;Perturbed;137.77;33.43;757541.88350324;3702392.64261563;99128.96875;-3.2838438275414;4.08172670563657;0.43407174567926;1.14423816037542;20220812000000_20220813043000_13;11_10_13
2022-08-12 00:00:00;2022-08-13 06:00:00;30;13;Perturbed;138.53;34.17;825414.976129014;3786642.11235843;98492.765625;-2.80967437755551;4.44269510542241;0.819374625026561;1.38033617881935;20220812000000_20220813073000_13;11_11_13
2022-08-12 00:00:00;2022-08-13 09:00:00;33;13;Perturbed;139.04;34.71;870063.015326387;3848311.82098314;98656.0390625;-2.49775789680967;4.7069201041729;1.07283321066683;1.5531573971458;20220812000000_20220813103000_13;11_12_13
2022-08-12 00:00:00;2022-08-13 12:00:00;36;13;Perturbed;139.85;35.25;941399.966222821;3911566.95413014;98968.875;-1.99938952339939;4.97793788339475;1.47779976693976;1.73042155842782;20220812000000_20220813133000_13;11_13_13
2022-08-12 00:00:00;2022-08-13 15:00:00;39;13;Perturbed;140.87;35.98;1029464.4625012;3997691.91104738;98566.421875;-1.38416054018746;5.34694184241015;1.97772547640189;1.97177538212316;20220812000000_20220813163000_13;11_14_13
2022-08-12 00:00:00;2022-08-12 00:00:00;0;14;Perturbed;136.05;30.18;601098.746921708;3339195.36987437;100040.6796875;-4.37670831613364;2.52553547491222;-0.454026742941814;0.126425743748616;20220812000000_20220812013000_14;11_01_14
2022-08-12 00:00:00;2022-08-12 03:00:00;3;14;Perturbed;136.15;30.32;610555.074055532;3354809.8428116;99735.0078125;-4.31064529671806;2.59243597086617;-0.400344938683954;0.170183243122561;20220812000000_20220812043000_14;11_02_14
2022-08-12 00:00:00;2022-08-12 06:00:00;6;14;Perturbed;136.21;30.82;615734.859772215;3410276.08881699;99370.2109375;-4.27445870127491;2.83008212013947;-0.370940261899238;0.325620076284529;20220812000000_20220812073000_14;11_03_14
2022-08-12 00:00:00;2022-08-12 09:00:00;9;14;Perturbed;136.1;31.38;604606.213357202;3472241.74667953;99356.9375;-4.35220474091375;3.09557511883254;-0.434115510603234;0.499270653286164;20220812000000_20220812103000_14;11_04_14
2022-08-12 00:00:00;2022-08-12 12:00:00;12;14;Perturbed;135.93;31.71;588122.422916568;3508659.96417458;99459.171875;-4.46736244987529;3.25160964026483;-0.527690912483803;0.601327900792776;20220812000000_20220812133000_14;11_05_14
2022-08-12 00:00:00;2022-08-12 15:00:00;15;14;Perturbed;135.87;32.18;582016.348497096;3560711.15545597;99412.3359375;-4.51002020771487;3.47462392487872;-0.562353957356435;0.747194493860947;20220812000000_20220812163000_14;11_06_14
2022-08-12 00:00:00;2022-08-12 18:00:00;18;14;Perturbed;135.76;32.58;571323.944209092;3604978.17797694;99297.9765625;-4.58471860827581;3.66428679553485;-0.623052740923414;0.871246981449514;20220812000000_20220812193000_14;11_07_14
2022-08-12 00:00:00;2022-08-12 21:00:00;21;14;Perturbed;135.92;32.9;586033.38507569;3640579.05326788;99184.078125;-4.48195671522681;3.81681939928867;-0.539549990419056;0.971013735314213;20220812000000_20220812223000_14;11_08_14
2022-08-12 00:00:00;2022-08-13 00:00:00;24;14;Perturbed;136.05;33.34;597706.713103452;3689479.79994429;99127.0625;-4.40040546544145;4.02633554615584;-0.473282685856091;1.10805162321989;20220812000000_20220813013000_14;11_09_14
2022-08-12 00:00:00;2022-08-13 03:00:00;27;14;Perturbed;136.38;33.87;627635.175720105;3748592.97839461;99212.2421875;-4.19132168704187;4.27960704444072;-0.303384389277579;1.27370850318185;20220812000000_20220813043000_14;11_10_14
2022-08-12 00:00:00;2022-08-13 06:00:00;30;14;Perturbed;136.81;34.61;665964.227209628;3831279.75343309;99269.90625;-3.92355040154181;4.63388005007758;-0.0857975175110198;1.50542727598485;20220812000000_20220813073000_14;11_11_14
2022-08-12 00:00:00;2022-08-13 09:00:00;33;14;Perturbed;137.42;35.24;720200.077959648;3902338.81435296;99590.0625;-3.54465233568458;4.93833390110875;0.222089284893178;1.70456091477075;20220812000000_20220813103000_14;11_12_14
2022-08-12 00:00:00;2022-08-13 12:00:00;36;14;Perturbed;138.94;35.89;855676.15828954;3978930.79638062;100164.78125;-2.59820042063104;5.26649365420099;0.991161708358556;1.91919983464321;20220812000000_20220813133000_14;11_13_14
2022-08-12 00:00:00;2022-08-13 15:00:00;39;14;Perturbed;140;36.71;946732.26565505;4074376.18491945;99960.2421875;-1.96207168865449;5.67543117360589;1.50807023562324;2.18667293770751;20220812000000_20220813163000_14;11_14_14
2022-08-12 00:00:00;2022-08-12 00:00:00;0;15;Perturbed;136.05;30.18;601097.630757684;3339192.18007718;100040.90625;-4.37668072799189;2.52550932591026;-0.454033079196663;0.126416804763036;20220812000000_20220812013000_15;11_01_15
2022-08-12 00:00:00;2022-08-12 03:00:00;3;15;Perturbed;136.06;30.39;601844.025789459;3362484.49484067;99896.78125;-4.37146632405069;2.62530567612055;-0.449795933904653;0.191690442418201;20220812000000_20220812043000_15;11_02_15
2022-08-12 00:00:00;2022-08-12 06:00:00;6;15;Perturbed;136.07;30.8;602362.905199365;3407919.52013586;99700.3125;-4.36784137114394;2.81997287610533;-0.446850352335636;0.319016103610981;20220812000000_20220812073000_15;11_03_15
2022-08-12 00:00:00;2022-08-12 09:00:00;9;15;Perturbed;135.96;31.27;591388.727494597;3459932.03982188;99578.8046875;-4.44450827410957;3.04282147155891;-0.509148711000827;0.464774324637577;20220812000000_20220812103000_15;11_04_15
2022-08-12 00:00:00;2022-08-12 12:00:00;12;15;Perturbed;135.71;31.56;567373.015787276;3491880.58975243;99619.0703125;-4.6122848755688;3.17970562025582;-0.645481424192852;0.554305918768527;20220812000000_20220812133000_15;11_05_15
2022-08-12 00:00:00;2022-08-12 15:00:00;15;15;Perturbed;135.59;31.92;555778.736751638;3531719.58479263;99547.90625;-4.69328387974891;3.35039652587979;-0.71129998238083;0.665949443819826;20220812000000_20220812163000_15;11_06_15
2022-08-12 00:00:00;2022-08-12 18:00:00;18;15;Perturbed;135.48;32.35;545155.962250236;3579333.52685976;99414.8125;-4.76749583838804;3.55439933477505;-0.771603490644618;0.799381231659817;20220812000000_20220812193000_15;11_07_15
2022-08-12 00:00:00;2022-08-12 21:00:00;21;15;Perturbed;135.46;32.64;543143.527388635;3611471.25507234;99306.8203125;-4.78155494626926;3.69209402129426;-0.783027707763306;0.889442972955536;20220812000000_20220812223000_15;11_08_15
2022-08-12 00:00:00;2022-08-13 00:00:00;24;15;Perturbed;135.69;32.99;564456.199672109;3650383.58825405;99224.5546875;-4.63266209781598;3.85881462717366;-0.662039644898915;0.998489650463183;20220812000000_20220813013000_15;11_09_15
2022-08-12 00:00:00;2022-08-13 03:00:00;27;15;Perturbed;135.94;33.71;587096.555063793;3730402.9077181;99259.8125;-4.47449389819156;4.20165887043201;-0.53351457282124;1.22273323110965;20220812000000_20220813043000_15;11_10_15
2022-08-12 00:00:00;2022-08-13 06:00:00;30;15;Perturbed;136.23;34.38;613081.41816107;3804985.92154654;99419.171875;-4.2929605723016;4.52121116239356;-0.386003354700845;1.4317422827776;20220812000000_20220813073000_15;11_11_15
2022-08-12 00:00:00;2022-08-13 09:00:00;33;15;Perturbed;136.75;35.06;659586.260783844;3881097.28379992;99568.3125;-3.96807224328876;4.84731169123958;-0.122004042558939;1.64503432917207;20220812000000_20220813103000_15;11_12_15
2022-08-12 00:00:00;2022-08-13 12:00:00;36;15;Perturbed;137.22;35.88;700410.228874088;3972908.044408;100069.109375;-3.68287117543228;5.24067658054974;0.109746005111353;1.90232186721319;20220812000000_20220813133000_15;11_13_15
2022-08-12 00:00:00;2022-08-13 15:00:00;39;15;Perturbed;138.98;35.93;859111.975188786;3983510.34717444;100065.25;-2.5741620117472;5.28610234139228;1.01066619965216;1.932033421265;20220812000000_20220813163000_15;11_14_15
2022-08-12 00:00:00;2022-08-12 00:00:00;0;16;Perturbed;136.05;30.18;601090.903297085;3339192.79833635;100040.7265625;-4.37673925730624;2.52558591315302;-0.454071269734907;0.126418537352756;20220812000000_20220812013000_16;11_01_16
2022-08-12 00:00:00;2022-08-12 03:00:00;3;16;Perturbed;136.08;30.2;603957.964309124;3341437.93286804;99756.84375;-4.35670963009226;2.53520523327077;-0.437795499463262;0.132710230531235;20220812000000_20220812043000_16;11_02_16
2022-08-12 00:00:00;2022-08-12 06:00:00;6;16;Perturbed;136.45;30.21;639569.819847982;3342950.98824742;99466.0078125;-4.10792099676829;2.54168794682075;-0.235633641984977;0.136950368516163;20220812000000_20220812073000_16;11_03_16
2022-08-12 00:00:00;2022-08-12 09:00:00;9;16;Perturbed;136.68;30.69;660917.527975305;3396454.27733327;99123.9453125;-3.95878338376745;2.77092377113586;-0.114446687173959;0.286886274011675;20220812000000_20220812103000_16;11_04_16
2022-08-12 00:00:00;2022-08-12 12:00:00;12;16;Perturbed;136.85;31.15;676357.106311388;3447708.31803841;99134.6640625;-3.85092066402961;2.99052264947149;-0.026799082524487;0.430518957809786;20220812000000_20220812133000_16;11_05_16
2022-08-12 00:00:00;2022-08-12 15:00:00;15;16;Perturbed;137;31.77;689396.077871678;3516679.52318589;99087.296875;-3.75982886706062;3.28603104411647;0.0472207254958641;0.623801656380123;20220812000000_20220812163000_16;11_06_16
2022-08-12 00:00:00;2022-08-12 18:00:00;18;16;Perturbed;137.29;32.39;715405.456847178;3585970.30729825;98926.328125;-3.57812427034678;3.58290868070342;0.194871115681415;0.817979932816729;20220812000000_20220812193000_16;11_07_16
2022-08-12 00:00:00;2022-08-12 21:00:00;21;16;Perturbed;137.64;32.93;746847.686624271;3646615.8502887;98845.71875;-3.35846513558573;3.84274562299201;0.373362785907929;0.987931062137917;20220812000000_20220812223000_16;11_08_16
2022-08-12 00:00:00;2022-08-13 00:00:00;24;16;Perturbed;138.15;33.53;792539.927548051;3714488.11536251;98734.359375;-3.03925373811915;4.13354558871676;0.6327491098645;1.17813412620642;20220812000000_20220813013000_16;11_09_16
2022-08-12 00:00:00;2022-08-13 03:00:00;27;16;Perturbed;138.7;34.3;840560.472497388;3801631.25604127;98692.9453125;-2.7037765334455;4.50691197475043;0.905352781231322;1.42234127549821;20220812000000_20220813043000_16;11_10_16
2022-08-12 00:00:00;2022-08-13 06:00:00;30;16;Perturbed;139.37;35.04;898711.281445636;3886216.85202124;98390.0625;-2.29752810673457;4.86932051357011;1.23546407065895;1.65938124335481;20220812000000_20220813073000_16;11_11_16
2022-08-12 00:00:00;2022-08-13 09:00:00;33;16;Perturbed;140.35;35.75;983923.145765308;3969433.9572249;98233.640625;-1.70222794766405;5.22586572853561;1.71919592089224;1.89258619644478;20220812000000_20220813103000_16;11_12_16
2022-08-12 00:00:00;2022-08-13 12:00:00;36;16;Perturbed;141.2;36.44;1055991.79587054;4050653.89874575;98088.6484375;-1.19874783706943;5.57385405903765;2.12831619701289;2.1201943619293;20220812000000_20220813133000_16;11_13_16
2022-08-12 00:00:00;2022-08-13 15:00:00;39;16;Perturbed;142.24;37.17;1143220.91081284;4138368.44419472;97820.3125;-0.589354926641781;5.94966863929928;2.62349960254143;2.36600279766702;20220812000000_20220813163000_16;11_14_16
2022-08-12 00:00:00;2022-08-12 00:00:00;0;17;Perturbed;136.05;30.18;601087.946673822;3339194.8839087;100041.0703125;-4.37673327720066;2.52553612193656;-0.454088053933361;0.126424381893984;20220812000000_20220812013000_17;11_01_17
2022-08-12 00:00:00;2022-08-12 03:00:00;3;17;Perturbed;135.9;30.48;586382.051283519;3372326.93719458;99920.8359375;-4.47947040113306;2.66749101248641;-0.537570677430497;0.21927258796168;20220812000000_20220812043000_17;11_02_17
2022-08-12 00:00:00;2022-08-12 06:00:00;6;17;Perturbed;135.93;30.8;588966.290216066;3407800.61256459;99778.78125;-4.46141660240558;2.81947862584379;-0.522900435319657;0.3186828808377;20220812000000_20220812073000_17;11_03_17
2022-08-12 00:00:00;2022-08-12 09:00:00;9;17;Perturbed;135.82;31.33;578010.113364593;3466463.21205608;99663.8828125;-4.53795774928177;3.07081961030777;-0.585096606500278;0.483077072741747;20220812000000_20220812103000_17;11_04_17
2022-08-12 00:00:00;2022-08-12 12:00:00;12;17;Perturbed;135.57;31.73;554002.365369517;3510657.06795998;99710.578125;-4.70567871530569;3.26016899724983;-0.721384111184198;0.606924520543594;20220812000000_20220812133000_17;11_05_17
2022-08-12 00:00:00;2022-08-12 15:00:00;15;17;Perturbed;135.43;32.08;540589.870413932;3549385.8375239;99634.2265625;-4.79937999087734;3.4261031214389;-0.797524341807129;0.715456785241858;20220812000000_20220812163000_17;11_06_17
2022-08-12 00:00:00;2022-08-12 18:00:00;18;17;Perturbed;135.51;32.41;547965.735933329;3586004.62402233;99494.2265625;-4.74785132228129;3.58299698444826;-0.755652929847582;0.818076100906329;20220812000000_20220812193000_17;11_07_17
2022-08-12 00:00:00;2022-08-12 21:00:00;21;17;Perturbed;135.57;32.89;553312.453631981;3639227.39188412;99382.9921875;-4.71049852027509;3.81103091042893;-0.725300611356569;0.967225882698769;20220812000000_20220812223000_17;11_08_17
2022-08-12 00:00:00;2022-08-13 00:00:00;24;17;Perturbed;135.68;33.29;563319.156351343;3683638.0137475;99358.484375;-4.64059051194587;4.00130903510389;-0.668494427618914;1.09168078849007;20220812000000_20220813013000_17;11_09_17
2022-08-12 00:00:00;2022-08-13 03:00:00;27;17;Perturbed;136.05;33.81;597178.258333386;3741579.84284015;99308.046875;-4.40404682220475;4.24956186556194;-0.476282624957646;1.25405511648946;20220812000000_20220813043000_17;11_10_17
2022-08-12 00:00:00;2022-08-13 06:00:00;30;17;Perturbed;136.4;34.38;628704.416593548;3805178.1012859;99168.71875;-4.18380135313778;4.52204977142543;-0.29731450839673;1.43228084113038;20220812000000_20220813073000_17;11_11_17
2022-08-12 00:00:00;2022-08-13 09:00:00;33;17;Perturbed;136.93;34.86;676430.753164279;3859208.63941613;99547.90625;-3.85037952298249;4.75354460395053;-0.0263810030857015;1.5836942924785;20220812000000_20220813103000_17;11_12_17
2022-08-12 00:00:00;2022-08-13 12:00:00;36;17;Perturbed;137.38;35.94;714688.345417034;3979907.30754989;100116.2890625;-3.58310746015939;5.27068026338591;0.190800207930518;1.92193637830048;20220812000000_20220813133000_17;11_13_17
2022-08-12 00:00:00;2022-08-13 15:00:00;39;17;Perturbed;138.73;37.06;831693.30575432;4108030.79867466;100181.109375;-2.76569697328724;5.81962771323303;0.855015530553878;2.28098555051512;20220812000000_20220813163000_17;11_14_17
2022-08-12 00:00:00;2022-08-12 00:00:00;0;18;Perturbed;136.05;30.18;601084.539592954;3339191.13510479;100040.7578125;-4.37685357550034;2.52553240831602;-0.454107395295564;0.126413876365832;20220812000000_20220812013000_18;11_01_18
2022-08-12 00:00:00;2022-08-12 03:00:00;3;18;Perturbed;136.17;30.09;612755.259930465;3329328.62859193;99744.515625;-4.2953205433474;2.48327631810332;-0.387854894103472;0.0987755036652751;20220812000000_20220812043000_18;11_02_18
2022-08-12 00:00:00;2022-08-12 06:00:00;6;18;Perturbed;136.47;30.23;641454.314080465;3345189.41832774;99316.8125;-4.09482555785365;2.55123216290274;-0.224935719939601;0.143223273354658;20220812000000_20220812073000_18;11_03_18
2022-08-12 00:00:00;2022-08-12 09:00:00;9;18;Perturbed;136.64;30.61;657213.953441061;3387523.37471838;99172.7578125;-3.98472685395648;2.73261277623578;-0.135471188588527;0.261858598268086;20220812000000_20220812103000_18;11_04_18
2022-08-12 00:00:00;2022-08-12 12:00:00;12;18;Perturbed;136.81;30.89;672997.874450092;3418823.25748028;99247.953125;-3.87445851559244;2.86671769854022;-0.0458688148510953;0.349572388279727;20220812000000_20220812133000_18;11_05_18
2022-08-12 00:00:00;2022-08-12 15:00:00;15;18;Perturbed;137.07;31.32;696973.764156969;3466915.37705479;99189.21875;-3.70696011533661;3.07276926774435;0.0902378362765911;0.484344205467106;20220812000000_20220812163000_18;11_06_18
2022-08-12 00:00:00;2022-08-12 18:00:00;18;18;Perturbed;137.32;32.09;718942.783585175;3552774.95456549;99075.8828125;-3.55348194812775;3.44063620382047;0.214951859384328;0.724954338404332;20220812000000_20220812193000_18;11_07_18
2022-08-12 00:00:00;2022-08-12 21:00:00;21;18;Perturbed;137.44;32.61;728955.981108873;3610679.96356034;99102.8125;-3.48352856632753;3.68873127789353;0.271794912914045;0.887225482939695;20220812000000_20220812223000_18;11_08_18
2022-08-12 00:00:00;2022-08-13 00:00:00;24;18;Perturbed;137.83;32.97;764492.51213453;3651509.85258612;99008.7890625;-3.23526615895869;3.86366768698979;0.473529167189075;1.00164585759251;20220812000000_20220813013000_18;11_09_18
2022-08-12 00:00:00;2022-08-13 03:00:00;27;18;Perturbed;138.45;33.59;820197.997933903;3722038.12085794;99004.890625;-2.84610104888597;4.16584734717596;0.789758813483224;1.19929202004424;20220812000000_20220813043000_18;11_10_18
2022-08-12 00:00:00;2022-08-13 06:00:00;30;18;Perturbed;139.07;34.29;874695.05129288;3801806.8690957;98861.2578125;-2.46537819071956;4.50761801341528;1.09912841434894;1.42283340790322;20220812000000_20220813073000_18;11_11_18
2022-08-12 00:00:00;2022-08-13 09:00:00;33;18;Perturbed;139.82;34.91;940493.096413402;3873678.15783878;98951.96875;-2.00570526794637;4.81555186946604;1.47265163628526;1.62424320795362;20220812000000_20220813103000_18;11_12_18
2022-08-12 00:00:00;2022-08-13 12:00:00;36;18;Perturbed;140.79;35.6;1024748.81841202;3955039.62156375;99007.2734375;-1.41708483217916;5.16414655444975;1.9509556450115;1.85224797073498;20220812000000_20220813133000_18;11_13_18
2022-08-12 00:00:00;2022-08-13 15:00:00;39;18;Perturbed;141.76;36.33;1107132.65345502;4041832.36045194;98751.8203125;-0.841541620004468;5.536011637579;2.41863330085015;2.09547316526001;20220812000000_20220813163000_18;11_14_18
2022-08-12 00:00:00;2022-08-12 00:00:00;0;19;Perturbed;136.05;30.18;601086.529910349;3339191.11696101;100040.7890625;-4.37680932675382;2.52555545632543;-0.454096096635176;0.126413825520297;20220812000000_20220812013000_19;11_01_19
2022-08-12 00:00:00;2022-08-12 03:00:00;3;19;Perturbed;136.26;30.12;621389.442202049;3332750.32622005;99836.2109375;-4.23497078099097;2.49795977015414;-0.338840252787609;0.108364359621042;20220812000000_20220812043000_19;11_02_19
2022-08-12 00:00:00;2022-08-12 06:00:00;6;19;Perturbed;136.57;30.4;650815.42532408;3364156.56627093;99449.4453125;-4.02939738375094;2.63252038221574;-0.171794438519845;0.196376201896415;20220812000000_20220812073000_19;11_03_19
2022-08-12 00:00:00;2022-08-12 09:00:00;9;19;Perturbed;136.58;30.86;651063.087673054;3415150.67879759;99329.609375;-4.02766718529891;2.85100559349885;-0.170388505587164;0.339280471283568;20220812000000_20220812103000_19;11_04_19
2022-08-12 00:00:00;2022-08-12 12:00:00;12;19;Perturbed;136.63;31.02;655577.271037133;3432961.78536672;99261.1953125;-3.99613056658783;2.92731760657504;-0.14476232913354;0.389193746466224;20220812000000_20220812133000_19;11_05_19
2022-08-12 00:00:00;2022-08-12 15:00:00;15;19;Perturbed;136.81;31.41;672064.566828803;3476463.47184779;99207.4296875;-3.88094836882951;3.11370138091799;-0.0511670280293606;0.511101480823522;20220812000000_20220812163000_19;11_06_19
2022-08-12 00:00:00;2022-08-12 18:00:00;18;19;Perturbed;137.09;31.97;697500.026493741;3539022.11713433;99053.1015625;-3.70325324027599;3.3817350451154;0.0932253293435109;0.686413826809532;20220812000000_20220812193000_19;11_07_19
2022-08-12 00:00:00;2022-08-12 21:00:00;21;19;Perturbed;137.29;32.5;715135.943542861;3598172.03700694;99045.2890625;-3.58004663860711;3.6351639626986;0.193341138953403;0.852173669757782;20220812000000_20220812223000_19;11_08_19
2022-08-12 00:00:00;2022-08-13 00:00:00;24;19;Perturbed;137.55;32.9;738521.148835782;3643093.32302886;99084.890625;-3.41667482950613;3.82763003733572;0.326094584905393;0.978059644448259;20220812000000_20220813013000_19;11_09_19
2022-08-12 00:00:00;2022-08-13 03:00:00;27;19;Perturbed;137.93;33.3;772819.44410961;3688369.15281247;99097.7890625;-3.17706288350105;4.02161516122859;0.520799605915319;1.10493918123286;20220812000000_20220813043000_19;11_10_19
2022-08-12 00:00:00;2022-08-13 06:00:00;30;19;Perturbed;138.43;33.83;817447.245264905;3748603.95312411;98995.9140625;-2.86528778811;4.27969226896932;0.774143303967829;1.27373925841268;20220812000000_20220813073000_19;11_11_19
2022-08-12 00:00:00;2022-08-13 09:00:00;33;19;Perturbed;138.81;34.46;850028.232973967;3819761.3921922;99193.65625;-2.63767315579639;4.58456762298258;0.959099490442138;1.47314858897354;20220812000000_20220813103000_19;11_12_19
2022-08-12 00:00:00;2022-08-13 12:00:00;36;19;Perturbed;139.64;34.91;924034.101103656;3872900.80720057;99261.6640625;-2.12065941103801;4.81224442213262;1.3792169917351;1.62206478539647;20220812000000_20220813133000_19;11_13_19
2022-08-12 00:00:00;2022-08-13 15:00:00;39;19;Perturbed;140.72;35.42;1019559.9041237;3934677.71671109;98859.5625;-1.45330485674921;5.07692872504636;1.92149914702929;1.79518642005541;20220812000000_20220813163000_19;11_14_19
2022-08-12 00:00:00;2022-08-12 00:00:00;0;20;Perturbed;136.05;30.18;601091.268774228;3339206.61011818;100040.8203125;-4.37675146128232;2.52564945603785;-0.454069194989373;0.126457243048249;20220812000000_20220812013000_20;11_01_20
2022-08-12 00:00:00;2022-08-12 03:00:00;3;20;Perturbed;135.91;30.43;587386.382106112;3366779.80390563;99759.7578125;-4.47249541992835;2.64378731101572;-0.531869278793843;0.203727479113344;20220812000000_20220812043000_20;11_02_20
2022-08-12 00:00:00;2022-08-12 06:00:00;6;20;Perturbed;136.01;30.68;596747.550348606;3394582.53974538;99568.859375;-4.4070971917786;2.76290864313072;-0.478727673802089;0.28164097648164;20220812000000_20220812073000_20;11_03_20
2022-08-12 00:00:00;2022-08-12 09:00:00;9;20;Perturbed;136.03;31.23;598099.128866395;3455556.40400947;99384.0234375;-4.39765490445089;3.02415228394366;-0.471055014808348;0.452512182835449;20220812000000_20220812103000_20;11_04_20
2022-08-12 00:00:00;2022-08-12 12:00:00;12;20;Perturbed;135.82;31.8;577621.291967172;3518555.72486575;99424.4296875;-4.54071549420393;3.29407403070965;-0.587303873005785;0.62905946393867;20220812000000_20220812133000_20;11_05_20
2022-08-12 00:00:00;2022-08-12 15:00:00;15;20;Perturbed;135.67;32.29;563077.044933784;3572776.4487003;99425.859375;-4.64232332360261;3.52638371737636;-0.669868848949949;0.781005885619572;20220812000000_20220812163000_20;11_06_20
2022-08-12 00:00:00;2022-08-12 18:00:00;18;20;Perturbed;135.67;32.74;562772.510907341;3622658.00772164;99291.0234375;-4.6444508343176;3.74010217274142;-0.671597631781385;0.9207923706596;20220812000000_20220812193000_20;11_07_20
2022-08-12 00:00:00;2022-08-12 21:00:00;21;20;Perturbed;135.86;33.15;580211.232429523;3668246.21706742;99230.1484375;-4.52262186391512;3.93542569260315;-0.572601264374352;1.04854730993464;20220812000000_20220812223000_20;11_08_20
2022-08-12 00:00:00;2022-08-13 00:00:00;24;20;Perturbed;136.27;33.77;617591.097567206;3737380.32114176;99185.3203125;-4.26148170649504;4.23163203069081;-0.360402746375867;1.24228651124566;20220812000000_20220813013000_20;11_09_20
2022-08-12 00:00:00;2022-08-13 03:00:00;27;20;Perturbed;136.57;34.5;644133.516086397;3818709.18526692;99192.03125;-4.07605323250561;4.58008704209066;-0.209726390184574;1.47019991795153;20220812000000_20220813043000_20;11_10_20
2022-08-12 00:00:00;2022-08-13 06:00:00;30;20;Perturbed;137.06;35.09;687790.035735222;3884968.91121243;99143.1875;-3.77106362455719;4.86397805431676;0.0381035240307484;1.65588405396008;20220812000000_20220813073000_20;11_11_20
2022-08-12 00:00:00;2022-08-13 09:00:00;33;20;Perturbed;138.43;35.91;809539.510560312;3979412.16687454;99962.640625;-2.92050739851067;5.26862191701394;0.729252569909288;1.92054881191391;20220812000000_20220813103000_20;11_12_20
2022-08-12 00:00:00;2022-08-13 12:00:00;36;20;Perturbed;139.79;36.97;926494.199419216;4102288.8772753;99942.9765625;-2.10344811413029;5.79508943852737;1.39318251073228;2.26489457369845;20220812000000_20220813133000_20;11_13_20
2022-08-12 00:00:00;2022-08-13 15:00:00;39;20;Perturbed;141.01;38.11;1027097.35771729;4235109.77087876;99567.46875;-1.40062255555355;6.36416299553052;1.96428786432803;2.63710759632589;20220812000000_20220813163000_20;11_14_20
2022-08-12 06:00:00;2022-08-12 06:00:00;0;0;Unperturbed;136.19;30.91;613722.747526909;3420225.03773929;99958.9921875;-3.39653349266404;2.68559049459948;-0.382362647585432;0.353500692427584;20220812060000_20220812073000_00;12_01_00
2022-08-12 06:00:00;2022-08-12 09:00:00;3;0;Unperturbed;136.2;31.21;614307.794177411;3453488.99641809;99872.375;-3.39329637260066;2.81882788471632;-0.379041446940668;0.446718545948086;20220812060000_20220812103000_00;12_02_00
2022-08-12 06:00:00;2022-08-12 12:00:00;6;0;Unperturbed;136.2;31.6;613845.89229689;3496727.12108023;99920.1796875;-3.3958521206653;2.99201637797893;-0.381663577709365;0.567887683096702;20220812060000_20220812133000_00;12_03_00
2022-08-12 06:00:00;2022-08-12 15:00:00;9;0;Unperturbed;136.2;31.95;613418.649351957;3535512.84538464;99835.046875;-3.39821609746578;3.14737096851372;-0.384088956169296;0.676579555937428;20220812060000_20220812163000_00;12_04_00
2022-08-12 06:00:00;2022-08-12 18:00:00;12;0;Unperturbed;136.35;32.44;626898.706199949;3590008.50553418;99733.7734375;-3.32362963082978;3.36565104759663;-0.307565189292578;0.829296450350864;20220812060000_20220812193000_00;12_05_00
2022-08-12 06:00:00;2022-08-12 21:00:00;15;0;Unperturbed;136.41;32.9;631878.932176077;3641076.94078606;99708.8046875;-3.29607355574813;3.57020352122172;-0.279293375910174;0.972408999365215;20220812060000_20220812223000_00;12_06_00
2022-08-12 06:00:00;2022-08-13 00:00:00;18;0;Unperturbed;136.64;33.13;652984.756350248;3666902.41634552;99633.6796875;-3.17929297623399;3.67364637946042;-0.159479551157213;1.04478148578649;20220812060000_20220813013000_00;12_07_00
2022-08-12 06:00:00;2022-08-13 03:00:00;21;0;Unperturbed;137.1;33.65;694743.000547574;3725324.24105701;99495.015625;-2.94824054650587;3.90765254588174;0.0775742076044401;1.20850093815065;20220812060000_20220813043000_00;12_08_00
2022-08-12 06:00:00;2022-08-13 06:00:00;24;0;Unperturbed;137.45;34.37;725290.910177158;3805894.93250076;99387.59375;-2.77921598911123;4.23037506822292;0.25098898926492;1.43428966599188;20220812060000_20220813073000_00;12_09_00
2022-08-12 06:00:00;2022-08-13 09:00:00;27;0;Unperturbed;137.94;35.13;767889.794322961;3891411.03591039;99542.53125;-2.54351221672358;4.57290623059244;0.492814904121309;1.67393725809775;20220812060000_20220813103000_00;12_10_00
2022-08-12 06:00:00;2022-08-13 12:00:00;30;0;Unperturbed;138.86;35.53;850040.480728594;3938676.86857416;99798.9453125;-2.08896447261441;4.76222753917843;0.959169018659298;1.80639351528353;20220812060000_20220813133000_00;12_11_00
2022-08-12 06:00:00;2022-08-13 15:00:00;33;0;Unperturbed;139.72;36.34;923720.645457927;4032018.61645656;99578.2421875;-1.68128494942769;5.13610399197484;1.37743756253607;2.06797144307827;20220812060000_20220813163000_00;12_12_00
2022-08-12 06:00:00;2022-08-13 18:00:00;36;0;Unperturbed;140.87;37.17;1021364.8637263;4129908.99059108;99206.6640625;-1.14100998544214;5.52819977627958;1.93174556582476;2.34229629554855;20220812060000_20220813193000_00;12_13_00
2022-08-12 06:00:00;2022-08-13 21:00:00;39;0;Unperturbed;142.11;38.01;1124542.51791856;4230855.25068784;98648.5234375;-0.570117981886706;5.93253578352459;2.51746585212096;2.6251848650663;20220812060000_20220813223000_00;12_14_00
2022-08-12 06:00:00;2022-08-12 06:00:00;0;1;Perturbed;136.19;30.91;613714.2706864;3420241.95284786;99958.875;-3.39656196358099;2.68571152769166;-0.382410769026928;0.353548094786644;20220812060000_20220812073000_01;12_01_01
2022-08-12 06:00:00;2022-08-12 09:00:00;3;1;Perturbed;136.29;31.32;622744.607780204;3465781.04121617;99966.96875;-3.34659622946324;2.86811643448829;-0.331147230721643;0.481165379006031;20220812060000_20220812103000_01;12_02_01
2022-08-12 06:00:00;2022-08-12 12:00:00;6;1;Perturbed;136.29;31.86;622027.836672587;3525652.57865147;99999.7578125;-3.35056219376939;3.10792936436808;-0.335216206525068;0.64894745992381;20220812060000_20220812133000_01;12_03_01
2022-08-12 06:00:00;2022-08-12 15:00:00;9;1;Perturbed;136.19;32.4;611923.669895275;3585404.95778157;99974.7890625;-3.40646953204837;3.34726501065843;-0.39257567552951;0.816395615419539;20220812060000_20220812163000_01;12_04_01
2022-08-12 06:00:00;2022-08-12 18:00:00;12;1;Perturbed;136.23;32.95;614974.108700793;3646409.22942547;99922.0234375;-3.38959115721964;3.59161505986028;-0.375258903748982;0.98735203444164;20220812060000_20220812193000_01;12_05_01
2022-08-12 06:00:00;2022-08-12 21:00:00;15;1;Perturbed;136.35;33.48;625425.730234153;3705307.22650364;99917.3046875;-3.33176131795556;3.82752851470734;-0.315926998941652;1.15240589701104;20220812060000_20220812223000_01;12_06_01
2022-08-12 06:00:00;2022-08-13 00:00:00;18;1;Perturbed;136.43;33.91;632192.159081405;3753091.07108159;99936.3125;-3.29432200852597;4.01892469827021;-0.277515245227707;1.28631381421131;20220812060000_20220813013000_01;12_07_01
2022-08-12 06:00:00;2022-08-13 03:00:00;21;1;Perturbed;136.65;34.42;651630.626170501;3809962.40625879;100012.7890625;-3.18676707805758;4.24672044394913;-0.167166695459656;1.44568822431249;20220812060000_20220813043000_01;12_08_01
2022-08-12 06:00:00;2022-08-13 06:00:00;24;1;Perturbed;136.93;35.16;675775.103712222;3892494.99249806;99970.9453125;-3.05317333369014;4.57730125353637;-0.0301030026579459;1.67697490335784;20220812060000_20220813073000_01;12_09_01
2022-08-12 06:00:00;2022-08-13 09:00:00;27;1;Perturbed;137.51;35.97;726320.988783989;3983540.24507179;100108.671875;-2.77349803164911;4.94197919077731;0.256836553267261;1.93211720617596;20220812060000_20220813103000_01;12_10_01
2022-08-12 06:00:00;2022-08-13 12:00:00;30;1;Perturbed;138.66;36.91;826102.25172568;4091146.50474093;100165.1484375;-2.22139859147451;5.3729915467327;0.823276160319212;2.23366954540854;20220812060000_20220813133000_01;12_11_01
2022-08-12 06:00:00;2022-08-13 15:00:00;33;1;Perturbed;139.88;37.69;930385.886286939;4182648.45147194;100085.9375;-1.64438709088558;5.73949875324928;1.41527489075568;2.49009167332107;20220812060000_20220813163000_01;12_12_01
2022-08-12 06:00:00;2022-08-13 18:00:00;36;1;Perturbed;141.16;38.7;1035873.68089035;4301533.78350526;99629.8515625;-1.0607128555752;6.21568896008085;2.01410941301313;2.8232521240729;20220812060000_20220813193000_01;12_13_01
2022-08-12 06:00:00;2022-08-13 21:00:00;39;1;Perturbed;142.7;39.97;1157894.07809984;4452923.25293389;99456.75;-0.385562120826438;6.82207312477442;2.70679643470433;3.2475011294909;20220812060000_20220813223000_01;12_14_01
2022-08-12 06:00:00;2022-08-12 06:00:00;0;2;Perturbed;136.19;30.91;613721.27332882;3420232.02971672;99959.109375;-3.39660370329033;2.6856538830506;-0.382371016332846;0.353520286521415;20220812060000_20220812073000_02;12_01_02
2022-08-12 06:00:00;2022-08-12 09:00:00;3;2;Perturbed;136.16;31.12;610601.758807815;3443472.69012477;99788.4296875;-3.4138642807764;2.778743372707;-0.400079918058245;0.418649169663591;20220812060000_20220812103000_02;12_02_02
2022-08-12 06:00:00;2022-08-12 12:00:00;6;2;Perturbed;136.07;31.39;601740.23770585;3473323.85626626;99863.6171875;-3.46289593957941;2.89831096557957;-0.450385119484824;0.502303122569912;20220812060000_20220812133000_02;12_03_02
2022-08-12 06:00:00;2022-08-12 15:00:00;9;2;Perturbed;136.29;31.62;622349.430358979;3499041.42140907;99702.8203125;-3.34886327061137;3.00132159317427;-0.333390579188032;0.574373204292145;20220812060000_20220812163000_02;12_04_02
2022-08-12 06:00:00;2022-08-12 18:00:00;12;2;Perturbed;136.55;31.99;646431.605245084;3540376.10796547;99613.6015625;-3.21561425290175;3.16688594500783;-0.196680566934396;0.690208207393783;20220812060000_20220812193000_02;12_05_02
2022-08-12 06:00:00;2022-08-12 21:00:00;15;2;Perturbed;136.8;32.5;669109.710661484;3597289.75550105;99548.921875;-3.09013408823465;3.39485117106202;-0.067941195011884;0.849701192294294;20220812060000_20220812223000_02;12_06_02
2022-08-12 06:00:00;2022-08-13 00:00:00;18;2;Perturbed;136.93;32.99;680321.286501552;3651839.68966088;99522.578125;-3.02809934782057;3.61334864241484;-0.00429517143938001;1.00257018245769;20220812060000_20220813013000_02;12_07_02
2022-08-12 06:00:00;2022-08-13 03:00:00;21;2;Perturbed;137.3;33.3;714150.262916589;3686897.68760173;99463.3671875;-2.8409203285358;3.75377198148475;0.187745614000478;1.10081559420585;20220812060000_20220813043000_02;12_08_02
2022-08-12 06:00:00;2022-08-13 06:00:00;24;2;Perturbed;137.74;33.87;753458.800283871;3751126.18444366;99348.1796875;-2.62342236514321;4.01103652936914;0.410892844288808;1.28080747876375;20220812060000_20220813073000_02;12_09_02
2022-08-12 06:00:00;2022-08-13 09:00:00;27;2;Perturbed;138.18;34.29;792716.424801793;3798897.34753649;99290.265625;-2.40620610750177;4.2023819177757;0.633751051833444;1.41467985777587;20220812060000_20220813103000_02;12_10_02
2022-08-12 06:00:00;2022-08-13 12:00:00;30;2;Perturbed;138.99;34.58;866051.898335407;3833707.87327773;99206.0859375;-2.00043379425187;4.34181401733861;1.05006284812353;1.51223176134973;20220812060000_20220813133000_02;12_11_02
2022-08-12 06:00:00;2022-08-13 15:00:00;33;2;Perturbed;139.97;35.29;952107.699765878;3916546.66493564;98482.3828125;-1.52427866860164;4.67362131987614;1.53858557182669;1.74437654066321;20220812060000_20220813163000_02;12_12_02
2022-08-12 06:00:00;2022-08-13 18:00:00;36;2;Perturbed;140.77;35.97;1020515.23720403;3996049.58939932;98292.546875;-1.14577310543397;4.99206694640192;1.9269223946278;1.96717299248273;20220812060000_20220813193000_02;12_13_02
2022-08-12 06:00:00;2022-08-13 21:00:00;39;2;Perturbed;141.73;36.42;1103744.15749173;4051633.52441263;98236.1640625;-0.685259388304226;5.21470606476753;2.39939744167822;2.12293963355504;20220812060000_20220813223000_02;12_14_02
2022-08-12 06:00:00;2022-08-12 06:00:00;0;3;Perturbed;136.19;30.91;613717.256655297;3420232.20000451;99958.9140625;-3.39655862956782;2.68566475917929;-0.382393818238785;0.353520763730489;20220812060000_20220812073000_03;12_01_03
2022-08-12 06:00:00;2022-08-12 09:00:00;3;3;Perturbed;136.11;31.32;605621.498636215;3465591.27812025;99809.828125;-3.44135324669685;2.8673486424658;-0.428351925561962;0.480633592977498;20220812060000_20220812103000_03;12_02_03
2022-08-12 06:00:00;2022-08-12 12:00:00;6;3;Perturbed;135.97;31.72;591895.606798741;3509801.62367731;99881.390625;-3.51729994225827;3.04443132571062;-0.506271251792579;0.604527250855795;20220812060000_20220812133000_03;12_03_03
2022-08-12 06:00:00;2022-08-12 15:00:00;9;3;Perturbed;136.05;32.21;598949.022352204;3564188.50194075;99794.1875;-3.47827270744905;3.26227568351527;-0.466230328109215;0.756939298392115;20220812060000_20220812163000_03;12_04_03
2022-08-12 06:00:00;2022-08-12 18:00:00;12;3;Perturbed;136.13;32.79;605815.556063392;3628576.85058118;99702.1796875;-3.44027950806349;3.52018051106824;-0.42725029776577;0.937379146515687;20220812060000_20220812193000_03;12_05_03
2022-08-12 06:00:00;2022-08-12 21:00:00;15;3;Perturbed;136.23;33.28;614539.198969546;3683005.71613648;99687.1796875;-3.39201074273843;3.73819304720786;-0.377727805123931;1.08990885789532;20220812060000_20220812223000_03;12_06_03
2022-08-12 06:00:00;2022-08-13 00:00:00;18;3;Perturbed;136.42;33.67;631648.502487807;3726461.83906183;99680.578125;-3.29734330101914;3.91225472336251;-0.280601482244255;1.21168890640189;20220812060000_20220813013000_03;12_07_03
2022-08-12 06:00:00;2022-08-13 03:00:00;21;3;Perturbed;136.74;34.11;660485.54684784;3775727.89612566;99596.234375;-3.13778512768987;4.10958784681651;-0.116898963411817;1.34975052844918;20220812060000_20220813043000_03;12_08_03
2022-08-12 06:00:00;2022-08-13 06:00:00;24;3;Perturbed;137.03;34.73;685859.579041692;3844983.01382511;99522.0390625;-2.99738813775214;4.3869863135357;0.027144681672212;1.54382885447138;20220812060000_20220813073000_03;12_09_03
2022-08-12 06:00:00;2022-08-13 09:00:00;27;3;Perturbed;137.22;35.18;702160.413492843;3895255.58038878;99730.046875;-2.9071940340744;4.58835096853957;0.119681476546462;1.68471108653774;20220812060000_20220813103000_03;12_10_03
2022-08-12 06:00:00;2022-08-13 12:00:00;30;3;Perturbed;138.56;35.33;823619.549885474;3915466.60510997;100344.296875;-2.23514881005625;4.66930537963178;0.809182325331223;1.74134981556429;20220812060000_20220813133000_03;12_11_03
2022-08-12 06:00:00;2022-08-13 15:00:00;33;3;Perturbed;139.33;36.17;889516.82464147;4011502.41938803;100001.2109375;-1.87053277464811;5.05397280228313;1.1832688553884;2.01047750882952;20220812060000_20220813163000_03;12_12_03
2022-08-12 06:00:00;2022-08-13 18:00:00;36;3;Perturbed;140.28;37;969983.431046613;4107917.00514132;99928.7734375;-1.42530320910342;5.44015737817824;1.64006276207175;2.28066665915812;20220812060000_20220813193000_03;12_13_03
2022-08-12 06:00:00;2022-08-13 21:00:00;39;3;Perturbed;141.37;38.02;1059391.29117663;4227227.90433092;99449.484375;-0.93060081639231;5.91805217638965;2.14761449740103;2.6150197056927;20220812060000_20220813223000_03;12_14_03
2022-08-12 06:00:00;2022-08-12 06:00:00;0;4;Perturbed;136.19;30.91;613707.773020779;3420226.34677517;99959.09375;-3.39661393700737;2.68565793582334;-0.382447655061964;0.353504360827842;20220812060000_20220812073000_04;12_01_04
2022-08-12 06:00:00;2022-08-12 09:00:00;3;4;Perturbed;136.29;31.14;622983.857490059;3445828.86731741;99940.1875;-3.34528845874103;2.7882077570999;-0.329789054771149;0.425252045242324;20220812060000_20220812103000_04;12_02_04
2022-08-12 06:00:00;2022-08-12 12:00:00;6;4;Perturbed;136.43;31.41;635929.556587479;3475920.31006415;99952.7578125;-3.27365864555124;2.90873776782833;-0.256298737114608;0.509579341619522;20220812060000_20220812133000_04;12_03_04
2022-08-12 06:00:00;2022-08-12 15:00:00;9;4;Perturbed;136.42;31.79;634434.914373886;3518042.80623588;99918.671875;-3.28192864640168;3.07745765800501;-0.264783542008746;0.627622077181168;20220812060000_20220812163000_04;12_04_04
2022-08-12 06:00:00;2022-08-12 18:00:00;12;4;Perturbed;136.56;32.21;647015.479400414;3564771.74820253;99849.109375;-3.21231915556686;3.26462847344155;-0.193366022325892;0.75857376905517;20220812060000_20220812193000_04;12_05_04
2022-08-12 06:00:00;2022-08-12 21:00:00;15;4;Perturbed;136.68;32.6;657659.658529414;3608185.26702603;99835.328125;-3.15342387638331;3.43851950065465;-0.132941003986082;0.880234425189808;20220812060000_20220812223000_04;12_06_04
2022-08-12 06:00:00;2022-08-13 00:00:00;18;4;Perturbed;136.86;32.93;673894.959401462;3645068.30944819;99822.7578125;-3.06359237637752;3.58625297878185;-0.0407762310095445;0.983594283200077;20220812060000_20220813013000_04;12_07_04
2022-08-12 06:00:00;2022-08-13 03:00:00;21;4;Perturbed;137.24;33.41;708304.753014471;3698980.46324239;99750.0703125;-2.87319963900189;3.80219584765316;0.154561745262431;1.1346759780726;20220812060000_20220813043000_04;12_08_04
2022-08-12 06:00:00;2022-08-13 06:00:00;24;4;Perturbed;137.67;34.05;746464.40008741;3770918.50175058;99705.59375;-2.66205859743639;4.09034064104677;0.371186939772821;1.33627283552911;20220812060000_20220813073000_04;12_09_04
2022-08-12 06:00:00;2022-08-13 09:00:00;27;4;Perturbed;138.14;34.73;787516.155538079;3847596.04474993;99678.8359375;-2.43491523871038;4.39746932072246;0.604230093775173;1.55115152873113;20220812060000_20220813103000_04;12_10_04
2022-08-12 06:00:00;2022-08-13 12:00:00;30;4;Perturbed;138.89;35.42;853227.290984876;3926576.88381945;99671.3515625;-2.0713291302181;4.71382375611827;0.97725994571413;1.77248490514618;20220812060000_20220813133000_04;12_11_04
2022-08-12 06:00:00;2022-08-13 15:00:00;33;4;Perturbed;139.93;36.19;943432.972996806;4016306.7646875;99349.578125;-1.5722123113775;5.07323302720943;1.48934076696561;2.02394105238163;20220812060000_20220813163000_04;12_12_04
2022-08-12 06:00:00;2022-08-13 18:00:00;36;4;Perturbed;141.16;36.82;1049674.97269688;4092650.3009199;98846.6484375;-0.984364985855876;5.37902385680118;2.09245677079583;2.23788373570648;20220812060000_20220813193000_04;12_13_04
2022-08-12 06:00:00;2022-08-13 21:00:00;39;4;Perturbed;142.53;37.62;1164993.29395125;4190423.63092682;98709.65625;-0.346297489720715;5.77065082576619;2.74709735813119;2.51188058745843;20220812060000_20220813223000_04;12_14_04
2022-08-12 06:00:00;2022-08-12 06:00:00;0;5;Perturbed;136.19;30.91;613715.365467635;3420233.56544866;99959.3125;-3.39664409742654;2.6856345593017;-0.382404554158182;0.353524590207469;20220812060000_20220812073000_05;12_01_05
2022-08-12 06:00:00;2022-08-12 09:00:00;3;5;Perturbed;135.95;31.1;590608.170570827;3441066.38196081;99916.5703125;-3.52449845595464;2.76907953131076;-0.513579786977888;0.411905808654801;20220812060000_20220812103000_05;12_02_05
2022-08-12 06:00:00;2022-08-12 12:00:00;6;5;Perturbed;135.77;31.24;573334.240929292;3456446.30475145;100036.125;-3.62007679003806;2.83068316642257;-0.611640661634405;0.455006012202375;20220812060000_20220812133000_05;12_03_05
2022-08-12 06:00:00;2022-08-12 15:00:00;9;5;Perturbed;135.89;31.43;584573.194531041;3477594.20882913;99860.9609375;-3.55789056580376;2.91539020844842;-0.547839219618481;0.514270221962086;20220812060000_20220812163000_05;12_04_05
2022-08-12 06:00:00;2022-08-12 18:00:00;12;5;Perturbed;136.05;31.69;599504.135115284;3506546.14244215;99735.96875;-3.47527621823173;3.03135596317665;-0.463079056556637;0.595404194401585;20220812060000_20220812193000_05;12_05_05
2022-08-12 06:00:00;2022-08-12 21:00:00;15;5;Perturbed;136.31;32.1;623610.124751851;3552271.06730786;99754.3359375;-3.34189543118977;3.21450523026248;-0.326233852409294;0.723542260875442;20220812060000_20220812223000_05;12_06_05
2022-08-12 06:00:00;2022-08-13 00:00:00;18;5;Perturbed;136.43;32.61;634170.334084332;3608955.88186923;99771.015625;-3.28346476506364;3.44155387544458;-0.266285514932624;0.882393971570576;20220812060000_20220813013000_05;12_07_05
2022-08-12 06:00:00;2022-08-13 03:00:00;21;5;Perturbed;136.56;32.91;645880.256955161;3642384.87290681;99686.8515625;-3.21867262202122;3.5754522957467;-0.199810468275448;0.976074306493106;20220812060000_20220813043000_05;12_08_05
2022-08-12 06:00:00;2022-08-13 06:00:00;24;5;Perturbed;137.13;33.23;698484.075577831;3678815.21059599;99506.6484375;-2.92761057333183;3.72137248406978;0.0988115923359693;1.07816551924395;20220812060000_20220813073000_05;12_09_05
2022-08-12 06:00:00;2022-08-13 09:00:00;27;5;Perturbed;137.75;33.95;754138.680866766;3760016.92687847;99330.125;-2.61966822506636;4.04662254991302;0.414752399468446;1.3057226109036;20220812060000_20220813103000_05;12_10_05
2022-08-12 06:00:00;2022-08-13 12:00:00;30;5;Perturbed;138.29;34.36;802589.927725475;3806984.80592363;99271.8046875;-2.35158276014208;4.23475041778731;0.689801085190756;1.43734389240162;20220812060000_20220813133000_05;12_11_05
2022-08-12 06:00:00;2022-08-13 15:00:00;33;5;Perturbed;139.63;34.98;922754.331081027;3880632.95788826;97787.9453125;-1.68670142004235;4.52974499884267;1.37195197616641;1.64373311709333;20220812060000_20220813163000_05;12_12_05
2022-08-12 06:00:00;2022-08-13 18:00:00;36;5;Perturbed;140.69;35.7;1015038.62245709;3965632.82753295;98012.359375;-1.17608345326631;4.87020840853749;1.89583267483696;1.88193403221327;20220812060000_20220813193000_05;12_13_05
2022-08-12 06:00:00;2022-08-13 21:00:00;39;5;Perturbed;141.86;36.35;1115973.33601842;4044691.23477747;98099.1875;-0.617601858540839;5.18687354000204;2.46882020578247;2.10348478320012;20220812060000_20220813223000_05;12_14_05
2022-08-12 06:00:00;2022-08-12 06:00:00;0;6;Perturbed;136.19;30.91;613709.983209883;3420243.53926474;99958.6484375;-3.39668544109641;2.68567908467027;-0.382435108230918;0.353552540510552;20220812060000_20220812073000_06;12_01_06
2022-08-12 06:00:00;2022-08-12 09:00:00;3;6;Perturbed;136.44;31.33;636995.62282227;3467062.70770025;99807.484375;-3.26784373058791;2.87321129844023;-0.250246878064884;0.48475708015407;20220812060000_20220812103000_06;12_02_06
2022-08-12 06:00:00;2022-08-12 12:00:00;6;6;Perturbed;136.55;31.94;646518.00025259;3534842.79633188;99785.03125;-3.21515548939494;3.14470159814777;-0.196190118601109;0.67470183191019;20220812060000_20220812133000_06;12_03_06
2022-08-12 06:00:00;2022-08-12 15:00:00;9;6;Perturbed;136.6;32.58;650182.338822301;3605847.66265202;99779.9765625;-3.19488034741633;3.42910860951533;-0.175388352434399;0.873683597483778;20220812060000_20220812163000_06;12_04_06
2022-08-12 06:00:00;2022-08-12 18:00:00;12;6;Perturbed;136.75;33.28;662972.202226913;3683697.75953779;99687.2734375;-3.12411278828329;3.74093390456101;-0.102782684921548;1.09184821818121;20220812060000_20220812193000_06;12_05_06
2022-08-12 06:00:00;2022-08-12 21:00:00;15;6;Perturbed;136.93;33.81;678635.76925354;3742773.71345412;99637.2265625;-3.03744474729455;3.97756015805296;-0.0138635382799648;1.25740078130013;20220812060000_20220812223000_06;12_06_06
2022-08-12 06:00:00;2022-08-13 00:00:00;18;6;Perturbed;137.17;34.3;699712.202169571;3797549.96447948;99642.765625;-2.92082679247253;4.1969641321102;0.105783437785972;1.41090399460646;20220812060000_20220813013000_06;12_07_06
2022-08-12 06:00:00;2022-08-13 03:00:00;21;6;Perturbed;137.43;34.9;722027.219523264;3864646.28597821;99731.8359375;-2.79735562939796;4.46571563127042;0.232461626541407;1.59893257922648;20220812060000_20220813043000_06;12_08_06
2022-08-12 06:00:00;2022-08-13 06:00:00;24;6;Perturbed;137.77;35.52;751187.991756968;3934248.16193419;99912.4765625;-2.63600623823326;4.74450302362977;0.39800188809375;1.79398264949225;20220812060000_20220813073000_06;12_09_06
2022-08-12 06:00:00;2022-08-13 09:00:00;27;6;Perturbed;138.38;35.58;806303.563225241;3942618.33708016;99969.6484375;-2.33104641656495;4.77802940880955;0.710882700828862;1.8174389605174;20220812060000_20220813103000_06;12_10_06
2022-08-12 06:00:00;2022-08-13 12:00:00;30;6;Perturbed;139.28;35.98;885949.083175775;3990204.17348099;100074.984375;-1.89036000229496;4.96863247893104;1.1630154529528;1.95079198593739;20220812060000_20220813133000_06;12_11_06
2022-08-12 06:00:00;2022-08-13 15:00:00;33;6;Perturbed;140.26;36.72;969914.254364019;4076727.73956632;100054.6875;-1.42577253726875;5.31519899075633;1.63967005895545;2.19326285921187;20220812060000_20220813163000_06;12_12_06
2022-08-12 06:00:00;2022-08-13 18:00:00;36;6;Perturbed;141.62;37.72;1083743.52642979;4195435.58342652;99766.0703125;-0.795944095232292;5.79067827616115;2.28585759195575;2.52592592278609;20220812060000_20220813193000_06;12_13_06
2022-08-12 06:00:00;2022-08-13 21:00:00;39;6;Perturbed;142.97;38.66;1193915.38764967;4309297.38405702;99780.0390625;-0.186352463404226;6.24674693883903;2.91128268618451;2.84500858986263;20220812060000_20220813223000_06;12_14_06
2022-08-12 06:00:00;2022-08-12 06:00:00;0;7;Perturbed;136.19;30.91;613720.549967014;3420232.72936715;99959.5;-3.39658740762763;2.68569705110067;-0.382375122722815;0.353522247199411;20220812060000_20220812073000_07;12_01_07
2022-08-12 06:00:00;2022-08-12 09:00:00;3;7;Perturbed;136.46;31.12;639203.444993224;3443811.52716976;99902.046875;-3.25558806904218;2.78014093589644;-0.237713483657096;0.419598715757368;20220812060000_20220812103000_07;12_02_07
2022-08-12 06:00:00;2022-08-12 12:00:00;6;7;Perturbed;136.79;31.43;670126.298369933;3478644.20449431;99952.8671875;-3.08448891139914;2.9196617626964;-0.0621702163217868;0.517212696219559;20220812060000_20220812133000_07;12_03_07
2022-08-12 06:00:00;2022-08-12 15:00:00;9;7;Perturbed;137;31.89;689158.089619762;3529981.4757332;99921.9140625;-2.97918415793364;3.12529104758215;0.0458697106066592;0.661078622602511;20220812060000_20220812163000_07;12_04_07
2022-08-12 06:00:00;2022-08-12 18:00:00;12;7;Perturbed;137.23;32.33;709908.682025859;3579206.94901301;99831.5546875;-2.86436911036913;3.32246161439288;0.163666950910918;0.799026513951931;20220812060000_20220812193000_07;12_05_07
2022-08-12 06:00:00;2022-08-12 21:00:00;15;7;Perturbed;137.57;32.79;740669.501773764;3630935.04815482;99784.3515625;-2.69416650056599;3.52965634403741;0.338290383576635;0.943987683945485;20220812060000_20220812223000_07;12_06_07
2022-08-12 06:00:00;2022-08-13 00:00:00;18;7;Perturbed;137.86;33.33;766208.744525928;3691533.85935697;99763.046875;-2.55285538452817;3.77238233846042;0.483271898166143;1.11380785359832;20220812060000_20220813013000_07;12_07_07
2022-08-12 06:00:00;2022-08-13 03:00:00;21;7;Perturbed;138.22;33.83;798016.966164659;3747970.42240171;99660.1328125;-2.37685739811307;3.99843662261388;0.663841235884316;1.27196387218605;20220812060000_20220813043000_07;12_08_07
2022-08-12 06:00:00;2022-08-13 06:00:00;24;7;Perturbed;138.75;34.41;844725.291870798;3813995.70289402;99572.5625;-2.1184156855751;4.2628981119836;0.928995683513434;1.45699100575766;20220812060000_20220813073000_07;12_09_07
2022-08-12 06:00:00;2022-08-13 09:00:00;27;7;Perturbed;139.28;34.93;891018.286143074;3873653.42933453;99622.640625;-1.86227204228743;4.50185463089919;1.19179237210786;1.62417390958451;20220812060000_20220813103000_07;12_10_07
2022-08-12 06:00:00;2022-08-13 12:00:00;30;7;Perturbed;139.97;35.52;950808.942341045;3942086.17369;99659.828125;-1.53144452175523;4.77595911571107;1.53121276831941;1.81594764285938;20220812060000_20220813133000_07;12_11_07
2022-08-12 06:00:00;2022-08-13 15:00:00;33;7;Perturbed;140.74;35.73;1019365.54418626;3969217.10751722;99721.2734375;-1.15211417071393;4.88463093224012;1.92039580193878;1.89197850376208;20220812060000_20220813163000_07;12_12_07
2022-08-12 06:00:00;2022-08-13 18:00:00;36;7;Perturbed;141.47;36.68;1078422.56551306;4078923.06832118;99037.078125;-0.825345923333045;5.3240535529487;2.25565148990859;2.19941497827489;20220812060000_20220813193000_07;12_13_07
2022-08-12 06:00:00;2022-08-13 21:00:00;39;7;Perturbed;142.23;37.49;1139586.84178192;4173860.52709126;99234.359375;-0.486918029245802;5.70432155872015;2.6028696708971;2.46546467520645;20220812060000_20220813223000_07;12_14_07
2022-08-12 06:00:00;2022-08-12 06:00:00;0;8;Perturbed;136.19;30.91;613714.628074197;3420231.54960738;99958.5859375;-3.39662003309058;2.68564265980366;-0.382408740203105;0.353518941078384;20220812060000_20220812073000_08;12_01_08
2022-08-12 06:00:00;2022-08-12 09:00:00;3;8;Perturbed;135.99;31.32;594195.000149244;3465495.60907344;99818.6640625;-3.50462403436365;2.86694594987763;-0.493218024888863;0.480365493101662;20220812060000_20220812103000_08;12_02_08
2022-08-12 06:00:00;2022-08-12 12:00:00;6;8;Perturbed;135.68;31.8;564375.999917363;3518470.11187123;99886.53125;-3.66961546511161;3.07913309704403;-0.662494923938531;0.628819544822019;20220812060000_20220812133000_08;12_03_08
2022-08-12 06:00:00;2022-08-12 15:00:00;9;8;Perturbed;135.32;32.2;530164.670150885;3562646.85036729;99810.921875;-3.85891008270669;3.25608116861677;-0.85670625799403;0.752619023347822;20220812060000_20220812163000_08;12_04_08
2022-08-12 06:00:00;2022-08-12 18:00:00;12;8;Perturbed;135.31;32.53;529117.397182558;3599228.45416689;99718.90625;-3.8647047459779;3.4026072469952;-0.862651431177518;0.85513413940674;20220812060000_20220812193000_08;12_05_08
2022-08-12 06:00:00;2022-08-12 21:00:00;15;8;Perturbed;135.28;32.92;526186.0830415;3642446.35326995;99709.921875;-3.88092399244303;3.57571472762994;-0.87929195447072;0.976246597095694;20220812060000_20220812223000_08;12_06_08
2022-08-12 06:00:00;2022-08-13 00:00:00;18;8;Perturbed;135.43;33.21;540081.701746775;3674649.10369813;99755.4453125;-3.80403818160153;3.70470149264689;-0.800409120488564;1.06649055456806;20220812060000_20220813013000_08;12_07_08
2022-08-12 06:00:00;2022-08-13 03:00:00;21;8;Perturbed;135.68;33.75;562982.256856429;3734636.74725281;99747.09375;-3.67732718112926;3.94497948071388;-0.670406943174326;1.23459800755997;20220812060000_20220813043000_08;12_08_08
2022-08-12 06:00:00;2022-08-13 06:00:00;24;8;Perturbed;135.93;34.49;585393.433705224;3816889.49924477;99798.421875;-3.5533239582085;4.2744394259705;-0.543182874911919;1.46510048806393;20220812060000_20220813073000_08;12_09_08
2022-08-12 06:00:00;2022-08-13 09:00:00;27;8;Perturbed;136.21;35.01;610401.22951539;3874823.46651633;99912.640625;-3.41495338982973;4.5064914998957;-0.401218285425576;1.62745278434742;20220812060000_20220813103000_08;12_10_08
2022-08-12 06:00:00;2022-08-13 12:00:00;30;8;Perturbed;136.69;35.39;653486.482846478;3917606.75920332;100153.8125;-3.17655848939862;4.67785818277502;-0.156631343477801;1.74734731492124;20220812060000_20220813133000_08;12_11_08
2022-08-12 06:00:00;2022-08-13 15:00:00;33;8;Perturbed;138.06;36.19;775171.468893251;4009354.08384079;100287.796875;-2.50326361726079;5.04534824019531;0.534151611642091;2.00445708202795;20220812060000_20220813163000_08;12_12_08
2022-08-12 06:00:00;2022-08-13 18:00:00;36;8;Perturbed;139.7;36.86;919083.018627388;4089658.42877911;100018.265625;-1.70698700479391;5.36700392278983;1.35111062056221;2.22949940894414;20220812060000_20220813193000_08;12_13_08
2022-08-12 06:00:00;2022-08-13 21:00:00;39;8;Perturbed;141.33;37.65;1058674.86503891;4185878.07885592;99673.21875;-0.934611731274108;5.75240769201593;2.14354747992733;2.49914227776996;20220812060000_20220813223000_08;12_14_08
2022-08-12 06:00:00;2022-08-12 06:00:00;0;9;Perturbed;136.19;30.91;613708.265986112;3420226.46905068;99959.5078125;-3.39660434334311;2.6856059193832;-0.382444856589777;0.353504703488822;20220812060000_20220812073000_09;12_01_09
2022-08-12 06:00:00;2022-08-12 09:00:00;3;9;Perturbed;136.34;31.23;627613.37630519;3455869.83344875;99950.84375;-3.31966601447855;2.82837391922472;-0.303508140487521;0.453390527467899;20220812060000_20220812103000_09;12_02_09
2022-08-12 06:00:00;2022-08-12 12:00:00;6;9;Perturbed;136.44;31.67;636508.436124731;3504758.26677087;100024.25;-3.27044878268666;3.02419448663336;-0.253012546020765;0.590393908823489;20220812060000_20220812133000_09;12_03_09
2022-08-12 06:00:00;2022-08-12 15:00:00;9;9;Perturbed;136.52;32.14;643370.214862395;3556963.04063537;99967.9453125;-3.23248189303244;3.23329851686953;-0.214059508774571;0.736690896808685;20220812060000_20220812163000_09;12_04_09
2022-08-12 06:00:00;2022-08-12 18:00:00;12;9;Perturbed;136.69;32.68;658440.975499783;3617075.18266411;99929.9609375;-3.14909390749682;3.47407517834812;-0.128505613366325;0.905147240340969;20220812060000_20220812193000_09;12_05_09
2022-08-12 06:00:00;2022-08-12 21:00:00;15;9;Perturbed;136.94;33.22;680783.35560313;3677356.86016362;99890.75;-3.02547134366503;3.71553090703798;-0.00167209138795167;1.07407868465222;20220812060000_20220812223000_09;12_06_09
2022-08-12 06:00:00;2022-08-13 00:00:00;18;9;Perturbed;137.14;33.8;698102.452894798;3742031.13133869;99852.140625;-2.92964309257698;3.97458098530085;0.0966451915885113;1.25531979293876;20220812060000_20220813013000_09;12_07_09
2022-08-12 06:00:00;2022-08-13 03:00:00;21;9;Perturbed;137.44;34.41;724259.854113573;3810324.84946929;99775.03125;-2.78491164557428;4.24812860640515;0.245135876423011;1.44670392356923;20220812060000_20220813043000_09;12_08_09
2022-08-12 06:00:00;2022-08-13 06:00:00;24;9;Perturbed;137.77;35.27;751959.921189816;3906502.77828158;99905.6796875;-2.63164447822514;4.63336526285761;0.402383987415041;1.71622987405822;20220812060000_20220813073000_09;12_09_09
2022-08-12 06:00:00;2022-08-13 09:00:00;27;9;Perturbed;138.47;35.99;812846.547052143;3988415.96561518;99855.265625;-2.29475285086265;4.96146509612959;0.74802599886492;1.94578076942797;20220812060000_20220813103000_09;12_10_09
2022-08-12 06:00:00;2022-08-13 12:00:00;30;9;Perturbed;139.21;36.36;877800.151110195;4032123.1647205;99934.75;-1.93535823727944;5.13653244738331;1.11675548649179;2.06826442578811;20220812060000_20220813133000_09;12_11_09
2022-08-12 06:00:00;2022-08-13 15:00:00;33;9;Perturbed;140.59;37.28;995755.844279138;4140610.74524615;99823.59375;-1.28269790562944;5.57107489703291;1.78636794196051;2.37228655039109;20220812060000_20220813163000_09;12_12_09
2022-08-12 06:00:00;2022-08-13 18:00:00;36;9;Perturbed;142.14;38.7;1121225.81227692;4307759.06371417;99454.1953125;-0.588460359941296;6.24058047002092;2.4986375332065;2.84069765015242;20220812060000_20220813193000_09;12_13_09
2022-08-12 06:00:00;2022-08-13 21:00:00;39;9;Perturbed;143.51;40.59;1220527.69379798;4528198.33798665;99287.296875;-0.0390133838281631;7.12354072940926;3.06235578140284;3.45844961941504;20220812060000_20220813223000_09;12_14_09
2022-08-12 06:00:00;2022-08-12 06:00:00;0;10;Perturbed;136.19;30.91;613717.20724971;3420231.06909194;99958.65625;-3.39654554380305;2.68564763029442;-0.382394098705081;0.353517594497276;20220812060000_20220812073000_10;12_01_10
2022-08-12 06:00:00;2022-08-12 09:00:00;3;10;Perturbed;136.08;31.2;602899.133273676;3452275.22159314;99782.8046875;-3.45640300010149;2.8139991379725;-0.443806285636653;0.443317102213389;20220812060000_20220812103000_10;12_02_10
2022-08-12 06:00:00;2022-08-12 12:00:00;6;10;Perturbed;135.97;31.6;592010.84704809;3496515.29281509;99829.515625;-3.51664894761089;2.9912008861202;-0.505617054404876;0.567294062343904;20220812060000_20220812133000_10;12_03_10
2022-08-12 06:00:00;2022-08-12 15:00:00;9;10;Perturbed;135.87;31.89;582271.886075776;3528565.795825;99751.1796875;-3.57053556662311;3.11957783049437;-0.560903318214503;0.65711136652246;20220812060000_20220812163000_10;12_04_10
2022-08-12 06:00:00;2022-08-12 18:00:00;12;10;Perturbed;135.96;32.24;590444.947532666;3567441.05864907;99626.734375;-3.52531322204827;3.27529106381096;-0.514506373702408;0.766054159245894;20220812060000_20220812193000_10;12_05_10
2022-08-12 06:00:00;2022-08-12 21:00:00;15;10;Perturbed;135.99;32.52;592983.662960158;3598517.36205968;99611.0859375;-3.51126626247932;3.39976589258555;-0.50009456003349;0.853141397636897;20220812060000_20220812223000_10;12_06_10
2022-08-12 06:00:00;2022-08-13 00:00:00;18;10;Perturbed;136.19;32.81;611397.399571792;3630855.83329316;99607.4375;-3.40938126548598;3.52929628159078;-0.395563213935498;0.943765694751652;20220812060000_20220813013000_10;12_07_10
2022-08-12 06:00:00;2022-08-13 03:00:00;21;10;Perturbed;136.49;33.11;639017.580266937;3664475.97353244;99519.8125;-3.25655611725929;3.66396034199614;-0.238768603019376;1.0379817000812;20220812060000_20220813043000_10;12_08_10
2022-08-12 06:00:00;2022-08-13 06:00:00;24;10;Perturbed;136.92;33.61;678119.658314244;3720561.52211643;99404.0703125;-3.04020051338006;3.88860865246211;-0.0167934037580241;1.19515404697483;20220812060000_20220813073000_10;12_09_10
2022-08-12 06:00:00;2022-08-13 09:00:00;27;10;Perturbed;137.32;34.17;713840.609615955;3783444.69341463;99285.5390625;-2.84255301288988;4.14048455535586;0.185987770004898;1.37137583427271;20220812060000_20220813103000_10;12_10_10
2022-08-12 06:00:00;2022-08-13 12:00:00;30;10;Perturbed;137.82;34.39;759271.011718999;3808996.16476183;99298.6484375;-2.59118217603592;4.24282990122465;0.443887683844415;1.44298046005633;20220812060000_20220813133000_10;12_11_10
2022-08-12 06:00:00;2022-08-13 15:00:00;33;10;Perturbed;138.11;34.69;784908.428983702;3843067.06321571;99544.6015625;-2.44932785086431;4.37929945473645;0.589426516818812;1.53845965578447;20220812060000_20220813163000_10;12_12_10
2022-08-12 06:00:00;2022-08-13 18:00:00;36;10;Perturbed;138.96;35;861454.028352925;3880209.84330341;99595.734375;-2.02579359890487;4.52807330117955;1.02396159835608;1.64254739431832;20220812060000_20220813193000_10;12_13_10
2022-08-12 06:00:00;2022-08-13 21:00:00;39;10;Perturbed;140.1;35.4;963319.638388974;3929374.8602853;99591.2265625;-1.46216126337498;4.72500171282685;1.60223365485074;1.78032586487277;20220812060000_20220813223000_10;12_14_10
2022-08-12 06:00:00;2022-08-12 06:00:00;0;11;Perturbed;136.19;30.91;613706.140936622;3420234.03083417;99958.640625;-3.39670504666351;2.68569567035892;-0.382456920099121;0.353525894388955;20220812060000_20220812073000_11;12_01_11
2022-08-12 06:00:00;2022-08-12 09:00:00;3;11;Perturbed;135.84;31.28;579965.654971829;3460947.18953814;99801.234375;-3.58339443967377;2.8487705184703;-0.573995361768349;0.467619147722686;20220812060000_20220812103000_11;12_02_11
2022-08-12 06:00:00;2022-08-12 12:00:00;6;11;Perturbed;135.32;31.6;530360.368544035;3496135.50669755;99924.578125;-3.85786531786349;2.98971584569958;-0.855595314740272;0.566229761879398;20220812060000_20220812133000_11;12_03_11
2022-08-12 06:00:00;2022-08-12 15:00:00;9;11;Perturbed;135.3;31.9;528369.104649484;3529399.00924971;99711.3046875;-3.86888317481389;3.12295140882032;-0.866899348230263;0.659446337165204;20220812060000_20220812163000_11;12_04_11
2022-08-12 06:00:00;2022-08-12 18:00:00;12;11;Perturbed;135.08;32.34;507527.377100534;3578119.71509531;99607.7109375;-3.98420248199455;3.31810015086271;-0.985213945731494;0.795979684407036;20220812060000_20220812193000_11;12_05_11
2022-08-12 06:00:00;2022-08-12 21:00:00;15;11;Perturbed;134.97;32.77;497184.146393139;3625785.87861644;99617.03125;-4.04143258426822;3.50902496789256;-1.04393053604934;0.929557815978891;20220812060000_20220812223000_11;12_06_11
2022-08-12 06:00:00;2022-08-13 00:00:00;18;11;Perturbed;135.01;33.12;500926.981810508;3664582.07216884;99648.9140625;-4.02072311159095;3.66442149256068;-1.02268315792873;1.03827902750522;20220812060000_20220813013000_11;12_07_11
2022-08-12 06:00:00;2022-08-13 03:00:00;21;11;Perturbed;135.19;33.7;517600.941692225;3728917.37349262;99697.6640625;-3.92846446858731;3.92211384131365;-0.928028199623385;1.21857021752586;20220812060000_20220813043000_11;12_08_11
2022-08-12 06:00:00;2022-08-13 06:00:00;24;11;Perturbed;135.36;34.42;533072.424165512;3808791.22393898;99733.3359375;-3.84285925012896;4.24204519629214;-0.840199481141431;1.44240614045146;20220812060000_20220813073000_11;12_09_11
2022-08-12 06:00:00;2022-08-13 09:00:00;27;11;Perturbed;135.46;35.06;541949.308390704;3879792.80954558;99873.9140625;-3.79374258566975;4.52643906689932;-0.789807066131593;1.64137871225839;20220812060000_20220813103000_11;12_10_11
2022-08-12 06:00:00;2022-08-13 12:00:00;30;11;Perturbed;135.73;35.67;566058.492134129;3947585.18750849;100048.2578125;-3.66034412532365;4.79797859100742;-0.652943729635752;1.83135790324328;20220812060000_20220813133000_11;12_11_11
2022-08-12 06:00:00;2022-08-13 15:00:00;33;11;Perturbed;136.65;36.24;648268.148145459;4011836.15743739;99972.34375;-3.20547009664629;5.0553331538983;-0.186254855652002;2.01141276566109;20220812060000_20220813163000_11;12_12_11
2022-08-12 06:00:00;2022-08-13 18:00:00;36;11;Perturbed;137.67;36.31;739715.521212183;4021643.06953053;100148.8046875;-2.69948288033816;5.09461432860789;0.332874813974629;2.03889534233856;20220812060000_20220813193000_11;12_13_11
2022-08-12 06:00:00;2022-08-13 21:00:00;39;11;Perturbed;138.09;36.39;777162.93817084;4031642.17052259;100320.40625;-2.49228267732067;5.13466530788435;0.545456811053254;2.06691650303731;20220812060000_20220813223000_11;12_14_11
2022-08-12 06:00:00;2022-08-12 06:00:00;0;12;Perturbed;136.19;30.91;613710.500952284;3420231.70332722;99959.5390625;-3.39664387855485;2.68567622235847;-0.382432169103937;0.353519371857941;20220812060000_20220812073000_12;12_01_12
2022-08-12 06:00:00;2022-08-12 09:00:00;3;12;Perturbed;136.54;31.17;646765.448702783;3449460.4731036;99941.953125;-3.21374763521189;2.80275083271785;-0.194785399931889;0.435429141104253;20220812060000_20220812103000_12;12_02_12
2022-08-12 06:00:00;2022-08-12 12:00:00;6;12;Perturbed;136.94;31.61;684028.096450437;3498836.51398322;99979.9765625;-3.0075697782236;3.00052449172904;0.0167476968202651;0.573798978277976;20220812060000_20220812133000_12;12_03_12
2022-08-12 06:00:00;2022-08-12 15:00:00;9;12;Perturbed;137.18;32.12;705659.391289201;3555818.63630832;99962.5078125;-2.88788171837501;3.2287639906782;0.139544520464943;0.733483854737798;20220812060000_20220812163000_12;12_04_12
2022-08-12 06:00:00;2022-08-12 18:00:00;12;12;Perturbed;137.57;32.6;741194.87896457;3609863.79064983;99863.7578125;-2.69126040618168;3.44523958765862;0.341272851835115;0.884938266088763;20220812060000_20220812193000_12;12_05_12
2022-08-12 06:00:00;2022-08-12 21:00:00;15;12;Perturbed;138;33.14;779851.906380278;3670806.28975574;99850.5859375;-2.47736731076658;3.68934220955263;0.560721581722867;1.05572157572679;20220812060000_20220812223000_12;12_06_12
2022-08-12 06:00:00;2022-08-13 00:00:00;18;12;Perturbed;138.37;33.71;812341.495903118;3735102.48591001;99792.328125;-2.29759924952702;3.94687792419071;0.745158917752088;1.23590317867157;20220812060000_20220813013000_12;12_07_12
2022-08-12 06:00:00;2022-08-13 03:00:00;21;12;Perturbed;138.76;34.1;846910.422837201;3779639.82035729;99701.203125;-2.10632601199647;4.12527034770882;0.941400264187965;1.36071317975382;20220812060000_20220813043000_12;12_08_12
2022-08-12 06:00:00;2022-08-13 06:00:00;24;12;Perturbed;139.45;34.5;908671.58704662;3826593.57821727;99667.875;-1.76459547883538;4.31334165376865;1.29200686661489;1.4922948884943;20220812060000_20220813073000_12;12_09_12
2022-08-12 06:00:00;2022-08-13 09:00:00;27;12;Perturbed;140.38;35.12;990455.444356591;3899614.71745901;99651.828125;-1.31207743581822;4.60582476168355;1.75627856083993;1.69692699279268;20220812060000_20220813103000_12;12_10_12
2022-08-12 06:00:00;2022-08-13 12:00:00;30;12;Perturbed;141.19;35.47;1061955.2730587;3942825.91155291;99729.9921875;-0.91646192409554;4.77890538568556;2.16216974401697;1.81802066057849;20220812060000_20220813133000_12;12_11_12
2022-08-12 06:00:00;2022-08-13 15:00:00;33;12;Perturbed;142.24;36.07;1152484.28677377;4016064.28052578;99313.5078125;-0.415556079469577;5.0722585981695;2.67608605900223;2.02326152252511;20220812060000_20220813163000_12;12_12_12
2022-08-12 06:00:00;2022-08-13 18:00:00;36;12;Perturbed;142.98;36.57;1214669.25217793;4076928.2742036;99250.90625;-0.0714806130468702;5.31604676986689;3.02909850171555;2.19382483106327;20220812060000_20220813193000_12;12_13_12
2022-08-12 06:00:00;2022-08-13 21:00:00;39;12;Perturbed;143.89;37.02;1291656.5024476;4134250.14884233;99300.2265625;0.354497336333334;5.54564713244598;3.46614075298719;2.35446181853642;20220812060000_20220813223000_12;12_14_12
2022-08-12 06:00:00;2022-08-12 06:00:00;0;13;Perturbed;136.19;30.91;613722.04832958;3420227.33672822;99959.1953125;-3.39661655968953;2.68567335840017;-0.382366616798172;0.353507135040613;20220812060000_20220812073000_13;12_01_13
2022-08-12 06:00:00;2022-08-12 09:00:00;3;13;Perturbed;135.95;31.29;590419.226352974;3462127.95090909;99935.3671875;-3.52555334189173;2.85350450957671;-0.514652388039051;0.470928075610167;20220812060000_20220812103000_13;12_02_13
2022-08-12 06:00:00;2022-08-12 12:00:00;6;13;Perturbed;135.8;31.7;575813.461275695;3507461.75868359;99986.3828125;-3.60636846173241;3.03508717357223;-0.597566590436965;0.59797008806143;20220812060000_20220812133000_13;12_03_13
2022-08-12 06:00:00;2022-08-12 15:00:00;9;13;Perturbed;135.57;32.09;553789.45577654;3550547.43823798;99920.2890625;-3.72822942788986;3.20766505435514;-0.722592759207163;0.718712017917555;20220812060000_20220812163000_13;12_04_13
2022-08-12 06:00:00;2022-08-12 18:00:00;12;13;Perturbed;135.55;32.44;551692.753497816;3589341.57885535;99826.2578125;-3.73983068568285;3.36305335607819;-0.734495346725615;0.827427476364446;20220812060000_20220812193000_13;12_05_13
2022-08-12 06:00:00;2022-08-12 21:00:00;15;13;Perturbed;135.57;32.8;553372.990717443;3629259.20006665;99817.4453125;-3.73053376959893;3.52294171215819;-0.724956953620735;0.939291340881979;20220812060000_20220812223000_13;12_06_13
2022-08-12 06:00:00;2022-08-13 00:00:00;18;13;Perturbed;135.8;33.1;574654.851974915;3662650.50503169;99813.078125;-3.61277915976813;3.65668918247876;-0.604143799200542;1.0328660655606;20220812060000_20220813013000_13;12_07_13
2022-08-12 06:00:00;2022-08-13 03:00:00;21;13;Perturbed;136.07;33.61;599257.352855212;3719434.16619132;99710.40625;-3.47665112768614;3.88413375356076;-0.464479993388875;1.19199478080009;20220812060000_20220813043000_13;12_08_13
2022-08-12 06:00:00;2022-08-13 06:00:00;24;13;Perturbed;136.36;34.18;625325.091949205;3782953.415087;99694.59375;-3.33241578994722;4.13855743856964;-0.316498303702681;1.36999909160584;20220812060000_20220813073000_13;12_09_13
2022-08-12 06:00:00;2022-08-13 09:00:00;27;13;Perturbed;136.69;34.8;654600.298793954;3852160.81311386;99703.765625;-3.17043322094099;4.41576476614347;-0.150308418220928;1.56394368954436;20220812060000_20220813103000_13;12_10_13
2022-08-12 06:00:00;2022-08-13 12:00:00;30;13;Perturbed;137.11;34.97;692619.072340114;3871751.85905873;99993.2734375;-2.96007164631123;4.4942358782729;0.065517063569859;1.61884500988438;20220812060000_20220813133000_13;12_11_13
2022-08-12 06:00:00;2022-08-13 15:00:00;33;13;Perturbed;138.66;35.37;832547.277979363;3920220.98716289;99795.9140625;-2.18583526444452;4.68837693623285;0.859863371494411;1.75467334371286;20220812060000_20220813163000_13;12_12_13
2022-08-12 06:00:00;2022-08-13 18:00:00;36;13;Perturbed;139.63;36.16;916589.753144916;4011643.05206431;99820.4453125;-1.72082006898739;5.05456417943435;1.33695681774862;2.01087161334199;20220812060000_20220813193000_13;12_13_13
2022-08-12 06:00:00;2022-08-13 21:00:00;39;13;Perturbed;140.9;36.88;1026041.92488094;4097855.54694442;99708.0546875;-1.11521054912527;5.39988470860543;1.95829636909672;2.25247075062368;20220812060000_20220813223000_13;12_14_13
2022-08-12 06:00:00;2022-08-12 06:00:00;0;14;Perturbed;136.19;30.91;613717.291980912;3420235.9335979;99958.828125;-3.39659079388806;2.68564623363113;-0.382393617701863;0.353531226633145;20220812060000_20220812073000_14;12_01_14
2022-08-12 06:00:00;2022-08-12 09:00:00;3;14;Perturbed;136.46;31.16;639146.945750117;3448260.81013778;99814.296875;-3.25588604435992;2.79789870016933;-0.238034219315482;0.432067243992063;20220812060000_20220812103000_14;12_02_14
2022-08-12 06:00:00;2022-08-12 12:00:00;6;14;Perturbed;136.67;31.5;658607.434719439;3486217.39604532;99827.28125;-3.14820926468471;2.94993221166144;-0.127560655443442;0.5384355659177;20220812060000_20220812133000_14;12_03_14
2022-08-12 06:00:00;2022-08-12 15:00:00;9;14;Perturbed;136.81;31.93;671099.662976522;3534107.37862152;99754.8828125;-3.07908854979359;3.14175352652081;-0.0566446071140061;0.672640920848402;20220812060000_20220812163000_14;12_04_14
2022-08-12 06:00:00;2022-08-12 18:00:00;12;14;Perturbed;137.07;32.59;694271.933781374;3607724.81392794;99689.265625;-2.95087411993205;3.43662507329115;0.0749000494902336;0.878944066159925;20220812060000_20220812193000_14;12_05_14
2022-08-12 06:00:00;2022-08-12 21:00:00;15;14;Perturbed;137.27;33.06;711931.122798886;3660239.02184058;99661.1953125;-2.8531641082217;3.64696852861758;0.175147969721317;1.0261082022213;20220812060000_20220812223000_14;12_06_14
2022-08-12 06:00:00;2022-08-13 00:00:00;18;14;Perturbed;137.62;33.41;743642.756241927;3699804.09126745;99642.171875;-2.67770055369487;3.80544475332464;0.355168994279291;1.13698408689804;20220812060000_20220813013000_14;12_07_14
2022-08-12 06:00:00;2022-08-13 03:00:00;21;14;Perturbed;138.08;34;784481.043952156;3766439.94467702;99581.8203125;-2.45173833275483;4.07235186688349;0.5870003317597;1.32372227047767;20220812060000_20220813043000_14;12_08_14
2022-08-12 06:00:00;2022-08-13 06:00:00;24;14;Perturbed;138.5;34.67;820731.851253264;3842017.62653397;99584.1875;-2.25115908744588;4.37507509892382;0.792789399141567;1.53551874800431;20220812060000_20220813073000_14;12_09_14
2022-08-12 06:00:00;2022-08-13 09:00:00;27;14;Perturbed;139.05;35.24;868594.531148416;3907185.12026422;99699.09375;-1.98633022081977;4.63610075942668;1.06449690005891;1.71814204739881;20220812060000_20220813103000_14;12_10_14
2022-08-12 06:00:00;2022-08-13 12:00:00;30;14;Perturbed;139.81;36.09;933168.225241834;4004663.76718966;99764.609375;-1.62903768604984;5.02654738767919;1.43106970972101;1.99131308871161;20220812060000_20220813133000_14;12_11_14
2022-08-12 06:00:00;2022-08-13 15:00:00;33;14;Perturbed;140.42;36.73;984163.507184397;4078649.45413309;99516.6328125;-1.34687582738016;5.32289395092292;1.72056040780857;2.19864821062848;20220812060000_20220813163000_14;12_12_14
2022-08-12 06:00:00;2022-08-13 18:00:00;36;14;Perturbed;141.77;37.41;1099493.21783235;4161924.74425267;99365;-0.708745312621697;5.65644962972515;2.37526565060566;2.43201621926518;20220812060000_20220813193000_14;12_13_14
2022-08-12 06:00:00;2022-08-13 21:00:00;39;14;Perturbed;143.48;38.77;1237243.98530229;4325555.46305297;99091.0625;0.0534430919109019;6.31186560490764;3.15725104842903;2.89056971026334;20220812060000_20220813223000_14;12_14_14
2022-08-12 06:00:00;2022-08-12 06:00:00;0;15;Perturbed;136.19;30.91;613713.917041779;3420226.4892044;99959.5234375;-3.39658144174023;2.6855967352496;-0.382412776601437;0.353504759966956;20220812060000_20220812073000_15;12_01_15
2022-08-12 06:00:00;2022-08-12 09:00:00;3;15;Perturbed;136.25;31.36;618881.211010776;3470168.33747765;99907.6640625;-3.36799030124557;2.88563671202427;-0.353079013136941;0.493460197677597;20220812060000_20220812103000_15;12_02_15
2022-08-12 06:00:00;2022-08-12 12:00:00;6;15;Perturbed;136.34;31.84;626792.189794366;3523488.09821447;99994.140625;-3.3242180856122;3.09920677537203;-0.308169863047393;0.642881789199756;20220812060000_20220812133000_15;12_03_15
2022-08-12 06:00:00;2022-08-12 15:00:00;9;15;Perturbed;136.42;32.5;633395.123645631;3596745.01117274;99992.5078125;-3.28768340990937;3.39263426501104;-0.27068623991179;0.848174618217742;20220812060000_20220812163000_15;12_04_15
2022-08-12 06:00:00;2022-08-12 18:00:00;12;15;Perturbed;136.5;33.12;639950.137297019;3665586.53211263;99958.21875;-3.25141388133683;3.668376087272;-0.233474650807308;1.04109389391399;20220812060000_20220812193000_15;12_05_15
2022-08-12 06:00:00;2022-08-12 21:00:00;15;15;Perturbed;136.74;33.77;661131.068106642;3738016.79149;100018.078125;-3.13421772949815;3.95849245069444;-0.113234459702407;1.24407013538569;20220812060000_20220812223000_15;12_06_15
2022-08-12 06:00:00;2022-08-13 00:00:00;18;15;Perturbed;136.98;34.37;682072.770449549;3804961.77956992;100070.1796875;-3.01834525205137;4.22663779019836;0.00564767604533295;1.43167462807474;20220812060000_20220813013000_15;12_07_15
2022-08-12 06:00:00;2022-08-13 03:00:00;21;15;Perturbed;137.17;35.04;697932.320337074;3879626.08304993;100030.21875;-2.93059281881708;4.52570252349209;0.095679380810987;1.64091148326138;20220812060000_20220813043000_15;12_08_15
2022-08-12 06:00:00;2022-08-13 06:00:00;24;15;Perturbed;137.87;35.71;759643.224983916;3955572.10375109;100065.1328125;-2.58914037670779;4.82990112131059;0.446000669081356;1.85374018178002;20220812060000_20220813073000_15;12_09_15
2022-08-12 06:00:00;2022-08-13 09:00:00;27;15;Perturbed;138.92;35.9;853842.595465045;3979964.81645173;99912;-2.06792609083708;4.92760510806351;0.980752914410751;1.92209753940701;20220812060000_20220813103000_15;12_10_15
2022-08-12 06:00:00;2022-08-13 12:00:00;30;15;Perturbed;140.1;36.6;956313.228280116;4062633.57237957;99885.625;-1.50094610538032;5.25873133962211;1.56245957230355;2.15376581603085;20220812060000_20220813133000_15;12_11_15
2022-08-12 06:00:00;2022-08-13 15:00:00;33;15;Perturbed;141.56;37.52;1080007.94883082;4172835.02038771;99366.7734375;-0.816531176612528;5.70013861352722;2.26465141511561;2.46259082803153;20220812060000_20220813163000_15;12_12_15
2022-08-12 06:00:00;2022-08-13 18:00:00;36;15;Perturbed;143.31;38.44;1225791.36681253;4287479.57258425;98961.8125;-0.00989733493149741;6.15934255474417;3.09223667072122;2.78386705305262;20220812060000_20220813193000_15;12_13_15
2022-08-12 06:00:00;2022-08-13 21:00:00;39;15;Perturbed;144.9;39.4;1353236.52056684;4408216.99764612;98803.90625;0.695269105804382;6.64295124245348;3.81571902286839;3.12221775004989;20220812060000_20220813223000_15;12_14_15
2022-08-12 06:00:00;2022-08-12 06:00:00;0;16;Perturbed;136.19;30.91;613705.649180445;3420239.723899;99958.4765625;-3.39663632091261;2.68571886879516;-0.382459711707162;0.353541848451686;20220812060000_20220812073000_16;12_01_16
2022-08-12 06:00:00;2022-08-12 09:00:00;3;16;Perturbed;136.17;31.11;611561.525314369;3442371.76331743;99809.640625;-3.40849996696425;2.77436782361587;-0.394631502726489;0.415563967602891;20220812060000_20220812103000_16;12_02_16
2022-08-12 06:00:00;2022-08-12 12:00:00;6;16;Perturbed;135.95;31.35;590352.295390565;3468772.97593853;99841.125;-3.52585270055622;2.88011677248638;-0.515032342620989;0.489549881144984;20220812060000_20220812133000_16;12_03_16
2022-08-12 06:00:00;2022-08-12 15:00:00;9;16;Perturbed;135.92;31.41;587454.91008949;3475408.49616238;99662.1875;-3.54188421544723;2.90669507019383;-0.531480258221922;0.508145050716717;20220812060000_20220812163000_16;12_04_16
2022-08-12 06:00:00;2022-08-12 18:00:00;12;16;Perturbed;136.09;31.75;603242.241529298;3513237.24338806;99497.875;-3.45453137391362;3.05821652921222;-0.441858524105472;0.614155121610507;20220812060000_20220812193000_16;12_05_16
2022-08-12 06:00:00;2022-08-12 21:00:00;15;16;Perturbed;136.3;32.05;622738.496444503;3546722.3434012;99448.6640625;-3.34665669777852;3.19233969166057;-0.331181923633827;0.707992694530937;20220812060000_20220812223000_16;12_06_16
2022-08-12 06:00:00;2022-08-13 00:00:00;18;16;Perturbed;136.51;32.54;641794.832455251;3601304.39461841;99413.9921875;-3.24121613576177;3.41096580653848;-0.22300266067856;0.860951688508339;20220812060000_20220813013000_16;12_07_16
2022-08-12 06:00:00;2022-08-13 03:00:00;21;16;Perturbed;136.7;32.97;658876.661229234;3649253.98588542;99355.8671875;-3.14670071447686;3.60302588150657;-0.126032306794404;0.995324088926963;20220812060000_20220813043000_16;12_08_16
2022-08-12 06:00:00;2022-08-13 06:00:00;24;16;Perturbed;136.96;33.54;681981.268245115;3712867.64567354;99261.3359375;-3.01886067494583;3.85782772538187;0.00512823510827096;1.17359297379699;20220812060000_20220813073000_16;12_09_16
2022-08-12 06:00:00;2022-08-13 09:00:00;27;16;Perturbed;137.31;34.1;713088.012439878;3775646.28575648;99270.75;-2.84674403150728;4.10928493288096;0.181715416297223;1.34952182616171;20220812060000_20220813103000_16;12_10_16
2022-08-12 06:00:00;2022-08-13 12:00:00;30;16;Perturbed;137.67;34.59;744884.81322943;3830814.24338971;99322.75;-2.67080923776235;4.33025787131275;0.362219919986137;1.50412274553326;20220812060000_20220813133000_16;12_11_16
2022-08-12 06:00:00;2022-08-13 15:00:00;33;16;Perturbed;138.45;35;814886.434305006;3878481.23739184;99429.8671875;-2.28348345466694;4.52118601479938;0.759606058085229;1.6377032044185;20220812060000_20220813163000_16;12_12_16
2022-08-12 06:00:00;2022-08-13 18:00:00;36;16;Perturbed;139.65;36.1;918695.585386269;4005070.3110588;99017.3671875;-1.70909731735719;5.02823323535298;1.34891123436095;1.9924523742431;20220812060000_20220813193000_16;12_13_16
2022-08-12 06:00:00;2022-08-13 21:00:00;39;16;Perturbed;140.94;37.16;1027671.73580527;4129170.19143755;98968.3203125;-1.10612166977624;5.52531009668325;1.96754850153448;2.3402259084386;20220812060000_20220813223000_16;12_14_16
2022-08-12 06:00:00;2022-08-12 06:00:00;0;17;Perturbed;136.19;30.91;613705.084352907;3420236.6992647;99958.9140625;-3.39661835055194;2.68565185187461;-0.382462918127674;0.353533372313284;20220812060000_20220812073000_17;12_01_17
2022-08-12 06:00:00;2022-08-12 09:00:00;3;17;Perturbed;136.16;31.39;610300.450705189;3473405.76550324;99946.8203125;-3.4154565199185;2.89861831473543;-0.401790387922243;0.502532662394922;20220812060000_20220812103000_17;12_02_17
2022-08-12 06:00:00;2022-08-12 12:00:00;6;17;Perturbed;136.11;31.93;604920.664241275;3533219.9414869;100048.9375;-3.44522340207073;3.13820148572862;-0.432330431621863;0.670153995415905;20220812060000_20220812133000_17;12_03_17
2022-08-12 06:00:00;2022-08-12 15:00:00;9;17;Perturbed;135.93;32.5;587357.261808072;3596246.25988115;100039.3046875;-3.5424034172866;3.3906507583065;-0.532034589290948;0.846776933555766;20220812060000_20220812163000_17;12_04_17
2022-08-12 06:00:00;2022-08-12 18:00:00;12;17;Perturbed;135.93;32.81;587061.366641903;3630599.7330007;99943.8671875;-3.5440406340423;3.52825215277958;-0.533714330924923;0.943048007485992;20220812060000_20220812193000_17;12_05_17
2022-08-12 06:00:00;2022-08-12 21:00:00;15;17;Perturbed;136.18;33.1;610114.230831328;3662982.67892665;100019.3125;-3.41648689260649;3.65796068329848;-0.402847523391018;1.03379693905593;20220812060000_20220812223000_17;12_06_17
2022-08-12 06:00:00;2022-08-13 00:00:00;18;17;Perturbed;136.57;33.59;645680.021689608;3717793.20202422;100083.7109375;-3.21969790995253;3.87750193270227;-0.200947166507098;1.1873961953209;20220812060000_20220813013000_17;12_07_17
2022-08-12 06:00:00;2022-08-13 03:00:00;21;17;Perturbed;136.94;34.27;678589.172786739;3793792.90404352;99971.015625;-3.03760837368393;4.1819155487871;-0.0141280577254656;1.40037532864795;20220812060000_20220813043000_17;12_08_17
2022-08-12 06:00:00;2022-08-13 06:00:00;24;17;Perturbed;137.22;34.92;702789.51595922;3866430.41830511;99951.3984375;-2.90370551934375;4.47286206294798;0.123252773835593;1.60393237457602;20220812060000_20220813073000_17;12_09_17
2022-08-12 06:00:00;2022-08-13 09:00:00;27;17;Perturbed;137.85;35.48;758577.035495989;3930004.91698979;100073.2890625;-2.59502774360766;4.72750704866738;0.439948110346586;1.78209151562274;20220812060000_20220813103000_17;12_10_17
2022-08-12 06:00:00;2022-08-13 12:00:00;30;17;Perturbed;138.83;35.56;847186.512365799;3941894.06456842;100181.03125;-2.10474288318678;4.775128530205;0.942967572913867;1.8154092824036;20220812060000_20220813133000_17;12_11_17
2022-08-12 06:00:00;2022-08-13 15:00:00;33;17;Perturbed;140.19;36.2;966780.133773083;4018641.88947281;99767.2109375;-1.4430197351645;5.08253872110098;1.62187824129705;2.03048493136763;20220812060000_20220813163000_17;12_12_17
2022-08-12 06:00:00;2022-08-13 18:00:00;36;17;Perturbed;141.67;37.22;1092113.08176358;4140185.42631434;98520.546875;-0.749540334513695;5.56937625570439;2.33336999553436;2.37109465022468;20220812060000_20220813193000_17;12_13_17
2022-08-12 06:00:00;2022-08-13 21:00:00;39;17;Perturbed;143.25;38.54;1219548.82005028;4298138.47676876;98576.609375;-0.0444259904765674;6.20205056866748;3.05679889782916;2.81373722510746;20220812060000_20220813223000_17;12_14_17
2022-08-12 06:00:00;2022-08-12 06:00:00;0;18;Perturbed;136.19;30.91;613710.45578198;3420232.60274836;99958.953125;-3.39666505603428;2.68564698738303;-0.382432425527324;0.353521892366966;20220812060000_20220812073000_18;12_01_18
2022-08-12 06:00:00;2022-08-12 09:00:00;3;18;Perturbed;136.24;31.11;618245.255579495;3442457.6278177;99780.1796875;-3.37157356735494;2.77466839232504;-0.356689213428831;0.415804591531192;20220812060000_20220812103000_18;12_02_18
2022-08-12 06:00:00;2022-08-12 12:00:00;6;18;Perturbed;136.22;31.33;616062.751302161;3466825.12257269;99816.421875;-3.38364957595787;2.87227136965529;-0.369078882879744;0.484091279194154;20220812060000_20220812133000_18;12_03_18
2022-08-12 06:00:00;2022-08-12 15:00:00;9;18;Perturbed;136.41;31.77;633524.228120365;3515803.46232512;99604.890625;-3.28703352509082;3.0684520534964;-0.269953337904128;0.621346611453484;20220812060000_20220812163000_18;12_04_18
2022-08-12 06:00:00;2022-08-12 18:00:00;12;18;Perturbed;136.6;32.37;650524.027495864;3582570.90081392;99508.640625;-3.19297198045214;3.3358862255664;-0.173448649605618;0.808453544849112;20220812060000_20220812193000_18;12_05_18
2022-08-12 06:00:00;2022-08-12 21:00:00;15;18;Perturbed;136.78;32.92;666432.680953376;3643831.30042753;99479.0859375;-3.10494785238557;3.58126218459905;-0.083138193037586;0.980127728698708;20220812060000_20220812223000_18;12_06_18
2022-08-12 06:00:00;2022-08-13 00:00:00;18;18;Perturbed;136.99;33.23;685430.965813799;3678543.02552208;99459.8046875;-2.99982849303404;3.72029854231911;0.0247115243716602;1.0774027565014;20220812060000_20220813013000_18;12_07_18
2022-08-12 06:00:00;2022-08-13 03:00:00;21;18;Perturbed;137.47;33.74;728810.097899537;3736059.30828341;99318.4609375;-2.75980753284844;3.95067759847236;0.270966761161544;1.23858454707725;20220812060000_20220813043000_18;12_08_18
2022-08-12 06:00:00;2022-08-13 06:00:00;24;18;Perturbed;137.83;34.5;759839.841539094;3821236.32016994;99247.46875;-2.58811694097678;4.29185054398065;0.447116824569586;1.47728187994801;20220812060000_20220813073000_18;12_09_18
2022-08-12 06:00:00;2022-08-13 09:00:00;27;18;Perturbed;138.02;35.03;775523.39170718;3880532.1619778;99537.5;-2.50133833132128;4.52935754919156;0.536149411775679;1.64345064985884;20220812060000_20220813103000_18;12_10_18
2022-08-12 06:00:00;2022-08-13 12:00:00;30;18;Perturbed;138.63;35.13;830804.017445591;3893492.10840928;99805.8046875;-2.19546524831056;4.58126807058372;0.849967206797475;1.67976918908468;20220812060000_20220813133000_18;12_11_18
2022-08-12 06:00:00;2022-08-13 15:00:00;33;18;Perturbed;139.89;35.93;941285.056501907;3987243.18037622;99660.078125;-1.58416290541934;4.95678405381793;1.47714744590029;1.9424941935976;20220812060000_20220813163000_18;12_12_18
2022-08-12 06:00:00;2022-08-13 18:00:00;36;18;Perturbed;140.81;36.63;1019694.98594516;4069579.10063668;99394.5078125;-1.1503131336937;5.28657712608282;1.92226598131871;2.17322974219628;20220812060000_20220813193000_18;12_13_18
2022-08-12 06:00:00;2022-08-13 21:00:00;39;18;Perturbed;141.56;37.18;1082651.881584;4135042.50561569;99213.2578125;-0.801966502145789;5.5487880466707;2.27966052790523;2.35668229380663;20220812060000_20220813223000_18;12_14_18
2022-08-12 06:00:00;2022-08-12 06:00:00;0;19;Perturbed;136.19;30.91;613705.243354588;3420235.58433582;99959.0546875;-3.39666986393425;2.68568054952118;-0.382462015504806;0.353530247872261;20220812060000_20220812073000_19;12_01_19
2022-08-12 06:00:00;2022-08-12 09:00:00;3;19;Perturbed;136.18;31.29;612302.902333247;3462350.21457024;99905.9609375;-3.40442915330373;2.85436893301617;-0.390422843757159;0.471550940182858;20220812060000_20220812103000_19;12_02_19
2022-08-12 06:00:00;2022-08-12 12:00:00;6;19;Perturbed;136.07;31.69;601403.304525681;3506572.53854025;99980.9921875;-3.46473768889725;3.03149959529121;-0.452297826265146;0.595478165982356;20220812060000_20220812133000_19;12_03_19
2022-08-12 06:00:00;2022-08-12 15:00:00;9;19;Perturbed;136;32.01;594440.510771273;3541975.17516497;99876.3203125;-3.50326350447152;3.17330337014194;-0.491824306908461;0.694689382151463;20220812060000_20220812163000_19;12_04_19
2022-08-12 06:00:00;2022-08-12 18:00:00;12;19;Perturbed;136.19;32.43;611880.08561927;3588732.63477543;99801.4140625;-3.40676863933748;3.36058841180364;-0.392823095330038;0.825720990958066;20220812060000_20220812193000_19;12_05_19
2022-08-12 06:00:00;2022-08-12 21:00:00;15;19;Perturbed;136.41;32.94;631805.013361402;3645509.49552574;99824.9765625;-3.29652207472566;3.58800574413155;-0.279712999225253;0.984830648948042;20220812060000_20220812223000_19;12_06_19
2022-08-12 06:00:00;2022-08-13 00:00:00;18;19;Perturbed;136.68;33.51;656041.920477905;3709092.81551056;99837.265625;-3.16241690852422;3.84268606319836;-0.142124600978087;1.16301451052403;20220812060000_20220813013000_19;12_07_19
2022-08-12 06:00:00;2022-08-13 03:00:00;21;19;Perturbed;136.95;34.09;679908.830207053;3773845.37330061;99814.8203125;-3.03035897388112;4.10204971521116;-0.00663660884450389;1.34447500671561;20220812060000_20220813043000_19;12_08_19
2022-08-12 06:00:00;2022-08-13 06:00:00;24;19;Perturbed;137.32;34.8;712234.601193056;3853321.29694576;99806.984375;-2.85149733655133;4.42038719109174;0.176870759925353;1.56719579230516;20220812060000_20220813073000_19;12_09_19
2022-08-12 06:00:00;2022-08-13 09:00:00;27;19;Perturbed;138.13;35.57;783660.652195764;3940772.43597617;99804.78125;-2.45629004402065;4.77066905741043;0.582343120872412;1.81226606632321;20220812060000_20220813103000_19;12_10_19
2022-08-12 06:00:00;2022-08-13 12:00:00;30;19;Perturbed;139.27;36.2;883971.509109535;4014598.40620154;99810.1484375;-1.90126030884993;5.06637588204467;1.15178913406313;2.01915360321954;20220812060000_20220813133000_19;12_11_19
2022-08-12 06:00:00;2022-08-13 15:00:00;33;19;Perturbed;140.27;36.92;969585.660711461;4098981.8900854;99940.140625;-1.4275488746895;5.4043703844494;1.63780469411693;2.25562717860457;20220812060000_20220813163000_19;12_12_19
2022-08-12 06:00:00;2022-08-13 18:00:00;36;19;Perturbed;142.1;38.02;1123569.08274719;4231907.74866339;99499.5234375;-0.575543612421208;5.9367993309554;2.51193984233012;2.62813435171829;20220812060000_20220813193000_19;12_13_19
2022-08-12 06:00:00;2022-08-13 21:00:00;39;19;Perturbed;143.74;39.05;1256891.72009979;4358861.05238807;99107.71875;0.162143517155237;6.44530545971535;3.26878757192104;2.98390422820309;20220812060000_20220813223000_19;12_14_19
2022-08-12 06:00:00;2022-08-12 06:00:00;0;20;Perturbed;136.19;30.91;613711.987574184;3420236.41583553;99958.90625;-3.39661293789295;2.68570970016701;-0.382423729828869;0.353532578040457;20220812060000_20220812073000_20;12_01_20
2022-08-12 06:00:00;2022-08-12 09:00:00;3;20;Perturbed;136.26;31.17;620082.420859901;3449126.74650135;99826.5234375;-3.36136471044999;2.80142870687618;-0.346259969011162;0.434493916351679;20220812060000_20220812103000_20;12_02_20
2022-08-12 06:00:00;2022-08-12 12:00:00;6;20;Perturbed;136.33;31.59;626195.354416773;3495762.30396341;99836.3125;-3.32754125407076;2.98822547459974;-0.311557986095664;0.565183910477865;20220812060000_20220812133000_20;12_03_20
2022-08-12 06:00:00;2022-08-12 15:00:00;9;20;Perturbed;136.44;32.02;635987.772864604;3543558.88221096;99779.234375;-3.27335884964316;3.17967266234164;-0.255968254174562;0.699127512106414;20220812060000_20220812163000_20;12_04_20
2022-08-12 06:00:00;2022-08-12 18:00:00;12;20;Perturbed;136.48;32.67;638782.746524111;3615671.78071656;99669.828125;-3.25789398833329;3.46851785011451;-0.240101710349226;0.901214391625011;20220812060000_20220812193000_20;12_05_20
2022-08-12 06:00:00;2022-08-12 21:00:00;15;20;Perturbed;136.5;32.92;640248.385232824;3643413.56935462;99663.2578125;-3.24978446669844;3.57963641994559;-0.231781552939224;0.978957092505281;20220812060000_20220812223000_20;12_06_20
2022-08-12 06:00:00;2022-08-13 00:00:00;18;20;Perturbed;136.81;33.25;668609.170430994;3680467.32622727;99634.125;-3.09286148166896;3.72805368763786;-0.0707826684820888;1.08279535522958;20220812060000_20220813013000_20;12_07_20
2022-08-12 06:00:00;2022-08-13 03:00:00;21;20;Perturbed;137.07;33.69;691868.891651128;3729701.89468289;99516.4765625;-2.96416318014758;3.92526068479351;0.0612584278084018;1.2207687346087;20220812060000_20220813043000_20;12_08_20
2022-08-12 06:00:00;2022-08-13 06:00:00;24;20;Perturbed;137.49;34.19;729450.585324621;3786032.25569589;99405.15625;-2.75622001099694;4.15088958116706;0.274602688736425;1.37862713602063;20220812060000_20220813073000_20;12_09_20
2022-08-12 06:00:00;2022-08-13 09:00:00;27;20;Perturbed;137.92;34.69;767499.45251209;3842540.49453039;99510.1953125;-2.54569192532062;4.37723095968754;0.490599006512405;1.5369840165483;20220812060000_20220813103000_20;12_10_20
2022-08-12 06:00:00;2022-08-13 12:00:00;30;20;Perturbed;138.62;35.07;830114.947118154;3886804.78325669;99559.6171875;-2.1992342989177;4.55452971003228;0.846055483153204;1.66102884303815;20220812060000_20220813133000_20;12_11_20
2022-08-12 06:00:00;2022-08-13 15:00:00;33;20;Perturbed;139.62;35.43;919509.996898669;3930548.27274198;99727.4453125;-1.7046027871173;4.72974242087955;1.35353449651922;1.78361419839801;20220812060000_20220813163000_20;12_12_20
2022-08-12 06:00:00;2022-08-13 18:00:00;36;20;Perturbed;140.48;36.38;991736.012893571;4040080.20101058;99513.96875;-1.30496921041934;5.16846796157339;1.76354810942556;2.09056296970191;20220812060000_20220813193000_20;12_13_20
2022-08-12 06:00:00;2022-08-13 21:00:00;39;20;Perturbed;141.22;37.37;1051030.76190226;4154113.58706554;99351.140625;-0.976885592635119;5.62522390246605;2.10015333307713;2.41012648228208;20220812060000_20220813223000_20;12_14_20
2022-08-12 12:00:00;2022-08-12 12:00:00;0;0;Unperturbed;136.45;31.6;637566.568472073;3497009.78522821;99922.1484375;-2.37252189061298;2.61130022542528;-0.247005726169351;0.568679812061151;20220812120000_20220812133000_00;13_01_00
2022-08-12 12:00:00;2022-08-12 15:00:00;3;0;Unperturbed;136.5;32.07;641589.90659224;3549183.99523896;99802.8203125;-2.35634352469863;2.79362118477093;-0.224165986556552;0.714891148880489;20220812120000_20220812163000_00;13_02_00
2022-08-12 12:00:00;2022-08-12 18:00:00;6;0;Unperturbed;136.62;32.69;651860.246544998;3618077.81119593;99771.8125;-2.31504515184061;3.03436822465268;-0.165863183448821;0.907956974459409;20220812120000_20220812193000_00;13_03_00
2022-08-12 12:00:00;2022-08-12 21:00:00;9;0;Unperturbed;136.68;33.3;656408.825508748;3685809.38339168;99747.3359375;-2.29675472417384;3.27105384419871;-0.140041749595279;1.09776576530792;20220812120000_20220812223000_00;13_04_00
2022-08-12 12:00:00;2022-08-13 00:00:00;12;0;Unperturbed;136.81;33.6;667937.983590106;3719268.76642654;99730.2109375;-2.25039447988076;3.38797649262543;-0.0745928709109062;1.19153126979123;20220812120000_20220813013000_00;13_05_00
2022-08-12 12:00:00;2022-08-13 03:00:00;15;0;Unperturbed;137.3;34;712421.394923425;3764549.64292615;99675.4296875;-2.0715208967579;3.54620893815207;0.177931153070424;1.3184249493313;20220812120000_20220813043000_00;13_06_00
2022-08-12 12:00:00;2022-08-13 06:00:00;18;0;Unperturbed;137.61;34.73;738985.233718669;3846203.90324639;99599.3515625;-1.96470424568769;3.83154690633939;0.328729108171096;1.5472502359232;20220812120000_20220813073000_00;13_07_00
2022-08-12 12:00:00;2022-08-13 09:00:00;21;0;Unperturbed;137.98;35.12;771577.103195003;3890413.46118335;99746.703125;-1.83364809915655;3.9860356664692;0.513747068407289;1.67114168660013;20220812120000_20220813103000_00;13_08_00
2022-08-12 12:00:00;2022-08-13 12:00:00;24;0;Unperturbed;139.43;35.43;902258.182448123;3929762.60861798;99833.2109375;-1.30816248122104;4.12353989141551;1.25559916567448;1.78141247839425;20220812120000_20220813133000_00;13_09_00
2022-08-12 12:00:00;2022-08-13 15:00:00;27;0;Unperturbed;140.39;36.49;982972.614969942;4051827.6539473;99376.515625;-0.983599249172057;4.55009194006995;1.71379993496919;2.12348365595181;20220812120000_20220813163000_00;13_10_00
2022-08-12 12:00:00;2022-08-13 18:00:00;30;0;Unperturbed;141.4;37.32;1067367.06728497;4149632.28979063;98948.0390625;-0.644238178858345;4.89186683290943;2.19289148980973;2.39756823817808;20220812120000_20220813193000_00;13_11_00
2022-08-12 12:00:00;2022-08-13 21:00:00;33;0;Unperturbed;142.59;38.07;1166214.04724243;4240872.40915045;98708.8203125;-0.246761614990996;5.21070225157827;2.75402734673005;2.65325662944277;20220812120000_20220813223000_00;13_12_00
2022-08-12 12:00:00;2022-08-14 00:00:00;36;0;Unperturbed;143.89;38.72;1273497.56389576;4323403.91877568;98530.765625;0.184639360307578;5.49910573690207;3.36305584792042;2.88454029141937;20220812120000_20220814013000_00;13_13_00
2022-08-12 12:00:00;2022-08-14 03:00:00;39;0;Unperturbed;145.28;39.49;1384899.28746822;4421929.40111447;98421.5546875;0.632600181301178;5.84339960270856;3.99546264118953;3.16064495080101;20220812120000_20220814043000_00;13_14_00
2022-08-12 12:00:00;2022-08-12 12:00:00;0;1;Perturbed;136.45;31.6;637565.308521771;3497013.50066517;99922.4609375;-2.37251356154849;2.61135969203232;-0.247012878672062;0.568690224082803;20220812120000_20220812133000_01;13_01_01
2022-08-12 12:00:00;2022-08-12 15:00:00;3;1;Perturbed;136.32;32.3;624270.871393655;3574449.95983083;99956.0859375;-2.42597222250615;2.88195870101597;-0.322482917042166;0.785695679667743;20220812120000_20220812163000_01;13_02_01
2022-08-12 12:00:00;2022-08-12 18:00:00;6;1;Perturbed;136.37;32.93;628085.010227783;3644359.15706265;99985.2734375;-2.41063507413242;3.12625395539094;-0.30083076273232;0.981606977244166;20220812120000_20220812193000_01;13_03_01
2022-08-12 12:00:00;2022-08-12 21:00:00;9;1;Perturbed;136.52;33.38;641383.636557678;3694445.10759769;100068.84375;-2.35715956784951;3.30127756474517;-0.225336943045566;1.12196624252267;20220812120000_20220812223000_01;13_04_01
2022-08-12 12:00:00;2022-08-13 00:00:00;12;1;Perturbed;136.6;33.76;648175.212613126;3736700.38012397;100134.1953125;-2.32984975712059;3.44893714258671;-0.186782433324043;1.24038106629211;20220812120000_20220813013000_01;13_05_01
2022-08-12 12:00:00;2022-08-13 03:00:00;15;1;Perturbed;136.86;34.07;671638.363382662;3771485.46514355;100122.0234375;-2.2355013759218;3.57049241041699;-0.0535865054486562;1.33786167560156;20220812120000_20220813043000_01;13_06_01
2022-08-12 12:00:00;2022-08-13 06:00:00;18;1;Perturbed;137.13;34.52;695519.116189046;3821872.78939342;100059.28125;-2.13947376261351;3.74656915971909;0.0819800712507969;1.47906550093606;20220812120000_20220813073000_01;13_07_01
2022-08-12 12:00:00;2022-08-13 09:00:00;21;1;Perturbed;137.33;35.01;712603.15298656;3876635.07000827;100175.15625;-2.07077662845543;3.9379340416329;0.17896295967244;1.63252956401094;20220812120000_20220813103000_01;13_08_01
2022-08-12 12:00:00;2022-08-13 12:00:00;24;1;Perturbed;138.04;35.31;776403.147345991;3911657.39936084;100307.125;-1.81422855239225;4.06031835152021;0.541143620344085;1.73067501924855;20220812120000_20220813133000_01;13_09_01
2022-08-12 12:00:00;2022-08-13 15:00:00;27;1;Perturbed;139.11;35.52;872755.738127137;3938480.58424274;100014.2734375;-1.42678225185897;4.15405103667951;1.08811929545058;1.80584345435328;20220812120000_20220813163000_01;13_10_01
2022-08-12 12:00:00;2022-08-13 18:00:00;30;1;Perturbed;140;36.14;950007.864247181;4011080.96089899;99922.1796875;-1.11614140420884;4.40775052380345;1.52666519748969;2.00929642704441;20220812120000_20220813193000_01;13_11_01
2022-08-12 12:00:00;2022-08-13 21:00:00;33;1;Perturbed;140.88;36.82;1024676.82536764;4091074.10233891;99603.8046875;-0.815887799025592;4.68728376993008;1.95054695393495;2.23346664723363;20220812120000_20220813223000_01;13_12_01
2022-08-12 12:00:00;2022-08-14 00:00:00;36;1;Perturbed;141.85;37.72;1104046.24794079;4196892.80620378;99610.734375;-0.496733026931519;5.05706354429335;2.4011123527769;2.53000959727321;20220812120000_20220814013000_01;13_13_01
2022-08-12 12:00:00;2022-08-14 03:00:00;39;1;Perturbed;143.11;38.62;1206514.46421909;4305926.43718377;99503.484375;-0.0846950007880832;5.43807776946544;2.98280529244143;2.83556195619855;20220812120000_20220814043000_01;13_14_01
2022-08-12 12:00:00;2022-08-12 12:00:00;0;2;Perturbed;136.45;31.6;637562.272006878;3497003.59463391;99921.703125;-2.37258426427443;2.61130946111167;-0.247030116400391;0.568662463737753;20220812120000_20220812133000_02;13_01_02
2022-08-12 12:00:00;2022-08-12 15:00:00;3;2;Perturbed;136.57;31.9;648454.625289104;3530436.57184561;99626.6328125;-2.32878469491064;2.72813983530922;-0.185196259710681;0.6623539693871;20220812120000_20220812163000_02;13_02_02
2022-08-12 12:00:00;2022-08-12 18:00:00;6;2;Perturbed;136.67;32.5;656884.401637316;3597090.2448799;99482.640625;-2.29488746771665;2.96105877378514;-0.137341992672514;0.849142090112931;20220812120000_20220812193000_02;13_03_02
2022-08-12 12:00:00;2022-08-12 21:00:00;9;2;Perturbed;136.85;33.03;672776.7379092;3656132.76644469;99399.0546875;-2.23098231638182;3.1673808085924;-0.0471241657219402;1.01460096347956;20220812120000_20220812223000_02;13_04_02
2022-08-12 12:00:00;2022-08-13 00:00:00;12;2;Perturbed;137.22;33.63;705914.137725473;3723352.19790573;99381.53125;-2.09773252139427;3.40227677018186;0.140990668439079;1.20297454751905;20220812120000_20220813013000_02;13_05_02
2022-08-12 12:00:00;2022-08-13 03:00:00;15;2;Perturbed;137.56;34.39;735343.54362911;3808373.89727864;99371.0546875;-1.97939305224439;3.69938213683089;0.308055913199209;1.4412366375709;20220812120000_20220813043000_02;13_06_02
2022-08-12 12:00:00;2022-08-13 06:00:00;18;2;Perturbed;137.94;35.19;767689.397669249;3898075.51021337;99463.7890625;-1.84932616578248;4.01284129839255;0.491677289719197;1.69261356765447;20220812120000_20220813073000_02;13_07_02
2022-08-12 12:00:00;2022-08-13 09:00:00;21;2;Perturbed;138.84;35.58;847994.190085058;3944155.51048783;99721.3984375;-1.52641014988345;4.17386625411218;0.947552608585232;1.82174668609317;20220812120000_20220813103000_02;13_08_02
2022-08-12 12:00:00;2022-08-13 12:00:00;24;2;Perturbed;139.89;36.36;938873.01973477;4034994.52615682;99828.0859375;-1.16097455485568;4.49130002990621;1.46345476334354;2.07631103720799;20220812120000_20220813133000_02;13_09_02
2022-08-12 12:00:00;2022-08-13 15:00:00;27;2;Perturbed;141.05;37.59;1034363.47573448;4177580.23724965;99524.5078125;-0.776995010420205;4.98956083021484;2.00553626020026;2.47588867194214;20220812120000_20220813163000_02;13_10_02
2022-08-12 12:00:00;2022-08-13 18:00:00;30;2;Perturbed;142.38;38.85;1140776.22579925;4326102.76346394;99200.546875;-0.349095500838622;5.50856762415096;2.60962158198285;2.89210344742417;20220812120000_20220813193000_02;13_11_02
2022-08-12 12:00:00;2022-08-13 21:00:00;33;2;Perturbed;143.65;40.28;1235800.22049919;4494898.15277862;98775.890625;0.033008342035833;6.09841723196741;3.14905506509876;3.36513024582808;20220812120000_20220813223000_02;13_12_02
2022-08-12 12:00:00;2022-08-14 00:00:00;36;2;Perturbed;145;41.63;1333439.68228198;4657273.97602184;98553.2890625;0.425629318255687;6.6658338897787;3.70333606670656;3.8201670576675;20220812120000_20220814013000_02;13_13_02
2022-08-12 12:00:00;2022-08-14 03:00:00;39;2;Perturbed;146.02;43.43;1392221.24563173;4867924.86209388;98301.359375;0.66199763045968;7.40194607293878;4.03702803115069;4.41048836101688;20220812120000_20220814043000_02;13_14_02
2022-08-12 12:00:00;2022-08-12 12:00:00;0;3;Perturbed;136.45;31.6;637550.895130788;3497012.34497421;99921.8125;-2.37258110367289;2.61134893242217;-0.247094700802636;0.568686985411431;20220812120000_20220812133000_03;13_01_03
2022-08-12 12:00:00;2022-08-12 15:00:00;3;3;Perturbed;136.56;32.11;647183.350512549;3553700.8626843;99770.78125;-2.33384774764729;2.8094449827631;-0.192413049352918;0.727549073692062;20220812120000_20220812163000_03;13_02_03
2022-08-12 12:00:00;2022-08-12 18:00:00;6;3;Perturbed;136.68;32.63;657604.005111451;3611521.61276945;99698.71875;-2.29194494004505;3.01149757969627;-0.133256938052987;0.889584093754733;20220812120000_20220812193000_03;13_03_03
2022-08-12 12:00:00;2022-08-12 21:00:00;9;3;Perturbed;136.89;33.14;676297.025764403;3668402.95280031;99656.2578125;-2.21677787251669;3.21026744091996;-0.027140148576593;1.04898654113771;20220812120000_20220812223000_03;13_04_03
2022-08-12 12:00:00;2022-08-13 00:00:00;12;3;Perturbed;137.13;33.63;697575.940832968;3723158.34595486;99645.1484375;-2.13121258718457;3.40160825484373;0.0936562808790394;1.20243130301424;20220812120000_20220813013000_03;13_05_03
2022-08-12 12:00:00;2022-08-13 03:00:00;15;3;Perturbed;137.57;34.1;737086.662535348;3776225.34614885;99609.0859375;-1.97233483588717;3.58704903838354;0.317951273903063;1.35114456647825;20220812120000_20220813043000_03;13_06_03
2022-08-12 12:00:00;2022-08-13 06:00:00;18;3;Perturbed;138.1;34.75;783779.383253249;3849699.73012634;99557.1015625;-1.78457733235438;3.84380271364465;0.583017134926393;1.55704682932251;20220812120000_20220813073000_03;13_07_03
2022-08-12 12:00:00;2022-08-13 09:00:00;21;3;Perturbed;138.65;35.18;832405.961298575;3899118.91103913;99591.6171875;-1.58904353696275;4.01649631978147;0.859061143072201;1.69553756074492;20220812120000_20220813103000_03;13_08_03
2022-08-12 12:00:00;2022-08-13 12:00:00;24;3;Perturbed;139.61;35.68;917298.648290205;3958269.3131289;99906.4453125;-1.24767900020685;4.22319533932517;1.34098108318384;1.86129875504314;20220812120000_20220813133000_03;13_09_03
2022-08-12 12:00:00;2022-08-13 15:00:00;27;3;Perturbed;140.81;36.34;1021660.58553692;4037358.15483811;99690.15625;-0.828026075724832;4.49956854154497;1.93342432335165;2.08293479460011;20220812120000_20220813163000_03;13_10_03
2022-08-12 12:00:00;2022-08-13 18:00:00;30;3;Perturbed;141.63;37.04;1089968.02297671;4119926.78303386;99063.0390625;-0.553352984732721;4.78810173642038;2.32119289714421;2.31432247647111;20220812120000_20220813193000_03;13_11_03
2022-08-12 12:00:00;2022-08-13 21:00:00;33;3;Perturbed;142.97;37.8;1202213.33589258;4213668.37443282;99165.375;-0.101999981259957;5.11567846198892;2.95838858967258;2.57702091294366;20220812120000_20220813223000_03;13_12_03
2022-08-12 12:00:00;2022-08-14 00:00:00;36;3;Perturbed;144.35;38.44;1316791.14531056;4296277.17805633;99199.09375;0.358732294045825;5.4043520484971;3.60882542951817;2.80852118114802;20220812120000_20220814013000_03;13_13_03
2022-08-12 12:00:00;2022-08-14 03:00:00;39;3;Perturbed;145.62;39.47;1414482.92920111;4423145.12549155;98911.7578125;0.75156366426672;5.84768767124708;4.16340345396655;3.16405185789822;20220812120000_20220814043000_03;13_14_03
2022-08-12 12:00:00;2022-08-12 12:00:00;0;4;Perturbed;136.45;31.6;637550.519697736;3497017.84755774;99922.2578125;-2.3725846726078;2.61138266204252;-0.247096832066003;0.568702405675484;20220812120000_20220812133000_04;13_01_04
2022-08-12 12:00:00;2022-08-12 15:00:00;3;4;Perturbed;136.43;32.01;635056.049059359;3542444.15613728;99880.203125;-2.3826152635114;2.77012331490619;-0.261257476324737;0.69600363942322;20220812120000_20220812163000_04;13_02_04
2022-08-12 12:00:00;2022-08-12 18:00:00;6;4;Perturbed;136.45;32.7;635913.844384131;3618958.690995;99802.703125;-2.37916595693331;3.03750069151183;-0.256387932360572;0.910425523824572;20220812120000_20220812193000_04;13_03_04
2022-08-12 12:00:00;2022-08-12 21:00:00;9;4;Perturbed;136.45;33.3;634991.683936121;3685487.3055314;99814.890625;-2.3828740840442;3.26998261742338;-0.261622865116582;1.09686318461715;20220812120000_20220812223000_04;13_04_04
2022-08-12 12:00:00;2022-08-13 00:00:00;12;4;Perturbed;136.58;33.57;646640.894830796;3715592.24296254;99854.0546875;-2.33603109177297;3.3751832725431;-0.195492469017056;1.18122829806614;20220812120000_20220813013000_04;13_05_04
2022-08-12 12:00:00;2022-08-13 03:00:00;15;4;Perturbed;137.12;33.99;695825.492118397;3763071.06934859;99786.265625;-2.13825342842415;3.54109637738029;0.0837193102212726;1.31428144204451;20220812120000_20220813043000_04;13_06_04
2022-08-12 12:00:00;2022-08-13 06:00:00;18;4;Perturbed;137.49;34.73;727978.312318942;3845924.21934252;99663.1484375;-2.00896275614001;3.83062382376788;0.266244869660742;1.54646645869947;20220812120000_20220813073000_04;13_07_04
2022-08-12 12:00:00;2022-08-13 09:00:00;21;4;Perturbed;138.06;35.3;778253.456330925;3910615.87637006;99805.7265625;-1.80679986256028;4.05668656565684;0.551647479119285;1.72775628854272;20220812120000_20220813103000_04;13_08_04
2022-08-12 12:00:00;2022-08-13 12:00:00;24;4;Perturbed;139.18;35.79;877827.611106927;3968727.42487479;99743.359375;-1.40639923416078;4.25975534753704;1.11691137176824;1.89060623279235;20220812120000_20220813133000_04;13_09_04
2022-08-12 12:00:00;2022-08-13 15:00:00;27;4;Perturbed;140.04;36.68;950479.011215495;4071231.97132264;99731.796875;-1.11425850423932;4.61795391425825;1.52933981089633;2.17786169412298;20220812120000_20220813163000_04;13_10_04
2022-08-12 12:00:00;2022-08-13 18:00:00;30;4;Perturbed;141.14;37.51;1042916.93383453;4169197.19998635;99128.6015625;-0.742553593583872;4.96028999311412;2.0540926454603;2.45239631653089;20220812120000_20220813193000_04;13_11_04
2022-08-12 12:00:00;2022-08-13 21:00:00;33;4;Perturbed;142.52;38.2;1158891.82642184;4254827.12401446;98900.1953125;-0.276203465129523;5.25952077963268;2.71246046571364;2.69236287589631;20220812120000_20220813223000_04;13_12_04
2022-08-12 12:00:00;2022-08-14 00:00:00;36;4;Perturbed;143.9;38.88;1272616.28197001;4341289.80769845;98784.8046875;0.181097363266277;5.56166161575873;3.35805297490593;2.9346631342772;20220812120000_20220814013000_04;13_13_04
2022-08-12 12:00:00;2022-08-14 03:00:00;39;4;Perturbed;145.28;39.38;1386295.38153593;4409700.36161462;98757.6015625;0.63821580935783;5.8007199132738;4.00338800665204;3.12637468177497;20220812120000_20220814043000_04;13_14_04
2022-08-12 12:00:00;2022-08-12 12:00:00;0;5;Perturbed;136.45;31.6;637562.928956109;3497006.71252102;99921.546875;-2.37258722240288;2.6112981313595;-0.24702638702222;0.568671201204827;20220812120000_20220812133000_05;13_01_05
2022-08-12 12:00:00;2022-08-12 15:00:00;3;5;Perturbed;136.77;31.83;667508.395733856;3522966.23472125;99566.3203125;-2.25217260535191;2.70201277736421;-0.0770315609947429;0.641419335643364;20220812120000_20220812163000_05;13_02_05
2022-08-12 12:00:00;2022-08-12 18:00:00;6;5;Perturbed;137.12;32.31;699580.731736388;3576775.11731832;99371.7578125;-2.12320557049691;2.89004604311743;0.105037104673764;0.79221162661723;20220812120000_20220812193000_05;13_03_05
2022-08-12 12:00:00;2022-08-12 21:00:00;9;5;Perturbed;137.3;32.87;715186.256508668;3639215.05351928;99372.6484375;-2.06045372550881;3.10824022501871;0.193626756270132;0.967191306059932;20220812120000_20220812223000_05;13_04_05
2022-08-12 12:00:00;2022-08-13 00:00:00;12;5;Perturbed;137.71;33.22;752554.838798841;3678941.17138185;99271.703125;-1.91018979542532;3.24706175999334;0.405761223649073;1.07851850772013;20220812120000_20220813013000_05;13_05_05
2022-08-12 12:00:00;2022-08-13 03:00:00;15;5;Perturbed;138.13;33.87;789548.111925985;3752149.89202961;99191.390625;-1.76143503230448;3.50288708400337;0.615765130955299;1.28367628414907;20220812120000_20220813043000_05;13_06_05
2022-08-12 12:00:00;2022-08-13 06:00:00;18;5;Perturbed;138.47;34.33;819278.563504544;3804209.79932397;99188.0625;-1.64188501933741;3.68480861648843;0.784539355826324;1.42956730269311;20220812120000_20220813073000_05;13_07_05
2022-08-12 12:00:00;2022-08-13 09:00:00;21;5;Perturbed;139.1;34.77;875288.366826929;3855208.59295947;99235.3984375;-1.41666231473837;3.86302212425749;1.10249655590234;1.57248469026992;20220812120000_20220813103000_05;13_08_05
2022-08-12 12:00:00;2022-08-13 12:00:00;24;5;Perturbed;139.86;35.15;942862.012853181;3900499.16347138;99349.84375;-1.14493989446755;4.02128844517238;1.48609953279135;1.69940553599986;20220812120000_20220813133000_05;13_09_05
2022-08-12 12:00:00;2022-08-13 15:00:00;27;5;Perturbed;140.82;35.65;1027145.22295098;3960772.16781685;98925.5078125;-0.806026143579058;4.23191035919173;1.96455958632639;1.86831267494175;20220812120000_20220813163000_05;13_10_05
2022-08-12 12:00:00;2022-08-13 18:00:00;30;5;Perturbed;141.33;36.2;1069412.0527218;4024750.11661184;98739.2734375;-0.636065723239447;4.45547907252474;2.20450049046894;2.04760243166922;20220812120000_20220813193000_05;13_11_05
2022-08-12 12:00:00;2022-08-13 21:00:00;33;5;Perturbed;142.34;36.97;1153844.69669704;4116810.52546338;98896.3671875;-0.296551079292253;4.77718096424686;2.68380885223663;2.30558957596033;20220812120000_20220813223000_05;13_12_05
2022-08-12 12:00:00;2022-08-14 00:00:00;36;5;Perturbed;143.1;37.58;1215813.29257298;4190188.65538264;98952.6328125;-0.0473672947491818;5.0335982830546;3.03559300552042;2.51122209951146;20220812120000_20220814013000_05;13_13_05
2022-08-12 12:00:00;2022-08-14 03:00:00;39;5;Perturbed;144.21;38.56;1303189.21931973;4308388.83716166;98839.109375;0.303982672067893;5.44664470066862;3.53160983426261;2.84246250711205;20220812120000_20220814043000_05;13_14_05
2022-08-12 12:00:00;2022-08-12 12:00:00;0;6;Perturbed;136.45;31.6;637564.467144655;3497012.8696383;99922.6328125;-2.37258944053846;2.61132363912153;-0.247017655012924;0.568688455713312;20220812120000_20220812133000_06;13_01_06
2022-08-12 12:00:00;2022-08-12 15:00:00;3;6;Perturbed;136.28;32.31;620503.066871619;3575518.82127284;100052.6328125;-2.44119555028719;2.88565995228092;-0.343872040109874;0.788691022774609;20220812120000_20220812163000_06;13_02_06
2022-08-12 12:00:00;2022-08-12 18:00:00;6;6;Perturbed;136.18;33.01;610219.169168626;3653012.53825093;100049.2421875;-2.48254844062241;3.15645904669545;-0.402251808035339;1.00585693582112;20220812120000_20220812193000_06;13_03_06
2022-08-12 12:00:00;2022-08-12 21:00:00;9;6;Perturbed;136.24;33.68;614942.781734391;3727359.46884511;100080.9921875;-2.46355418007455;3.41626180571265;-0.375436741090541;1.21420439538688;20220812120000_20220812223000_06;13_04_06
2022-08-12 12:00:00;2022-08-13 00:00:00;12;6;Perturbed;136.3;34.26;619685.221900971;3791753.20282832;100182.6796875;-2.44448421129483;3.64128346590162;-0.348514793369808;1.39465933522273;20220812120000_20220813013000_06;13_05_06
2022-08-12 12:00:00;2022-08-13 03:00:00;15;6;Perturbed;136.65;34.85;650852.013883091;3857654.4379288;100176.765625;-2.31915848673397;3.87157303622972;-0.171586732099042;1.57933884795712;20220812120000_20220813043000_06;13_06_06
2022-08-12 12:00:00;2022-08-13 06:00:00;18;6;Perturbed;137.07;35.54;687657.67722227;3934904.27066131;100106.78125;-2.17115812697376;4.14151988564399;0.0373521494554404;1.7958213075969;20220812120000_20220813073000_06;13_07_06
2022-08-12 12:00:00;2022-08-13 09:00:00;21;6;Perturbed;137.07;35.54;687654.205760218;3934902.4580186;100631.0703125;-2.17117208617422;4.14151355142721;0.0373324426132707;1.79581622790497;20220812120000_20220813103000_06;13_08_06
2022-08-12 12:00:00;2022-08-13 12:00:00;24;6;Perturbed;137.07;35.54;687648.930144257;3934905.29904694;100878.375;-2.17119330011222;4.14152347930176;0.0373024939260726;1.79582418951189;20220812120000_20220813133000_06;13_09_06
2022-08-12 12:00:00;2022-08-13 15:00:00;27;6;Perturbed;137.07;35.54;687657.138038416;3934903.04505279;100796.984375;-2.17116029510217;4.14151560279773;0.0373490886093311;1.7958178729908;20220812120000_20220813163000_06;13_10_06
2022-08-12 12:00:00;2022-08-13 18:00:00;30;6;Perturbed;137.07;35.54;687652.67775406;3934899.04855169;100748.0546875;-2.17117823048574;4.14150163716384;0.0373237684074867;1.79580667332398;20220812120000_20220813193000_06;13_11_06
2022-08-12 12:00:00;2022-08-13 21:00:00;33;6;Perturbed;137.07;35.54;687645.592410656;3934894.21061326;100827.546875;-2.17120672157318;4.14148473115656;0.0372835462353562;1.79579311564013;20220812120000_20220813223000_06;13_12_06
2022-08-12 12:00:00;2022-08-14 00:00:00;36;6;Perturbed;137.07;35.54;687648.344592814;3934891.82191349;100869.9453125;-2.17119565469074;4.1414763839284;0.0372991698598122;1.79578642162431;20220812120000_20220814013000_06;13_13_06
2022-08-12 12:00:00;2022-08-14 03:00:00;39;6;Perturbed;137.07;35.54;687645.866957366;3934892.27867485;100781.7421875;-2.17120561758515;4.14147798006506;0.0372851047857879;1.79578770163773;20220812120000_20220814043000_06;13_14_06
2022-08-12 12:00:00;2022-08-12 12:00:00;0;7;Perturbed;136.45;31.6;637558.717988776;3497002.92131834;99921.8125;-2.37258380398131;2.61134232425304;-0.247050291897856;0.568660576859738;20220812120000_20220812133000_07;13_01_07
2022-08-12 12:00:00;2022-08-12 15:00:00;3;7;Perturbed;136.31;32.1;623612.991954912;3552277.78370518;99628.2890625;-2.42866138234497;2.80449840531284;-0.326217575832634;0.723561082692403;20220812120000_20220812163000_07;13_02_07
2022-08-12 12:00:00;2022-08-12 18:00:00;6;7;Perturbed;136.28;32.71;619972.673650145;3619870.85854739;99527.90625;-2.44329957576054;3.04070005068161;-0.346882983438282;0.912981752988575;20220812120000_20220812193000_07;13_03_07
2022-08-12 12:00:00;2022-08-12 21:00:00;9;7;Perturbed;136.17;33.19;609063.66631569;3672968.64890998;99556.578125;-2.48716611323461;3.22624842939297;-0.408811382074272;1.06178130183592;20220812120000_20220812223000_07;13_04_07
2022-08-12 12:00:00;2022-08-13 00:00:00;12;7;Perturbed;136.24;33.43;615266.033372832;3699636.67226529;99545.1328125;-2.46222558852887;3.31943890800281;-0.373601701869157;1.13651491724295;20220812120000_20220813013000_07;13_05_07
2022-08-12 12:00:00;2022-08-13 03:00:00;15;7;Perturbed;136.61;33.83;648992.083277424;3744464.46473597;99495.796875;-2.3266087549679;3.47608806717396;-0.182145211019414;1.26213888859677;20220812120000_20220813043000_07;13_06_07
2022-08-12 12:00:00;2022-08-13 06:00:00;18;7;Perturbed;136.88;34.43;672746.589978498;3811434.30550981;99434.2734375;-2.23108879367045;3.71011184280173;-0.0472953098978766;1.44981302768012;20220812120000_20220813073000_07;13_07_07
2022-08-12 12:00:00;2022-08-13 09:00:00;21;7;Perturbed;137.22;34.85;702961.850068012;3858658.48104992;99545.3359375;-2.10958930261967;3.87513507912875;0.124231082407646;1.58215254627536;20220812120000_20220813103000_07;13_08_07
2022-08-12 12:00:00;2022-08-13 12:00:00;24;7;Perturbed;138.31;35.13;801619.202482684;3892476.07779492;99899.828125;-1.71287525576757;3.99330949288685;0.684290459158659;1.67692189739893;20220812120000_20220813133000_07;13_09_07
2022-08-12 12:00:00;2022-08-13 15:00:00;27;7;Perturbed;139.54;35.82;910240.043758791;3973506.49745083;99506.296875;-1.27609672420913;4.27646747160473;1.30091070264109;1.90399895287291;20220812120000_20220813163000_07;13_10_07
2022-08-12 12:00:00;2022-08-13 18:00:00;30;7;Perturbed;140.5;36.73;991300.23748731;4079043.7087087;99378.2734375;-0.950143141373338;4.64526357985887;1.76107429377512;2.19975305703698;20220812120000_20220813193000_07;13_11_07
2022-08-12 12:00:00;2022-08-13 21:00:00;33;7;Perturbed;141.61;37.54;1084280.34287199;4175375.65506357;98940.9921875;-0.576258043293167;4.98189221058344;2.2889049987094;2.46971062135953;20220812120000_20220813223000_07;13_12_07
2022-08-12 12:00:00;2022-08-14 00:00:00;36;7;Perturbed;142.73;38.42;1175258.20021486;4280828.38342172;98860.6484375;-0.210424245030213;5.35039309628753;2.80536931519979;2.76522797334844;20220812120000_20220814013000_07;13_13_07
2022-08-12 12:00:00;2022-08-14 03:00:00;39;7;Perturbed;144.02;39.31;1278279.59909347;4390158.84961055;98823.71875;0.203838200303952;5.73244460175638;3.3902025692431;3.07161217376578;20220812120000_20220814043000_07;13_14_07
2022-08-12 12:00:00;2022-08-12 12:00:00;0;8;Perturbed;136.45;31.6;637564.664458278;3497018.38784489;99922.375;-2.37255979002238;2.61135304174655;-0.247016534900309;0.568703919758893;20220812120000_20220812133000_08;13_01_08
2022-08-12 12:00:00;2022-08-12 15:00:00;3;8;Perturbed;136.7;32.03;660540.863488545;3545023.47993905;99983.21875;-2.28016950510713;2.77910516376778;-0.116584941166554;0.70323185391979;20220812120000_20220812163000_08;13_02_08
2022-08-12 12:00:00;2022-08-12 18:00:00;6;8;Perturbed;137.07;32.69;694071.706481195;3618811.81405495;100014.109375;-2.14533762393049;3.03695592685082;0.0737633964765212;0.910013920587084;20220812120000_20220812193000_08;13_03_08
2022-08-12 12:00:00;2022-08-12 21:00:00;9;8;Perturbed;137.42;33.41;725051.161734885;3699363.95663314;100044.9375;-2.02076520472236;3.31844258298185;0.249627982103566;1.13575066768097;20220812120000_20220812223000_08;13_04_08
2022-08-12 12:00:00;2022-08-13 00:00:00;12;8;Perturbed;137.68;33.91;747781.79484692;3755408.02746762;100035.03125;-1.92936237230614;3.51428663616582;0.378665543950697;1.29280677865644;20220812120000_20220813013000_08;13_05_08
2022-08-12 12:00:00;2022-08-13 03:00:00;15;8;Perturbed;138.09;34.37;784154.077983462;3807518.79704653;99982.3046875;-1.78310469071239;3.69638590513243;0.585144206978689;1.43884033203938;20220812120000_20220813043000_08;13_06_08
2022-08-12 12:00:00;2022-08-13 06:00:00;18;8;Perturbed;138.73;34.9;840861.329903011;3868313.07257591;100011.171875;-1.55507745458396;3.90882938314497;0.907060692572541;1.60920826466897;20220812120000_20220813073000_08;13_07_08
2022-08-12 12:00:00;2022-08-13 09:00:00;21;8;Perturbed;139.48;35.43;906802.123433093;3929953.44061284;100081.078125;-1.2899209465925;4.12422950195072;1.28139427058809;1.78194725987098;20220812120000_20220813103000_08;13_08_08
2022-08-12 12:00:00;2022-08-13 12:00:00;24;8;Perturbed;140.27;36.03;974993.427846969;4000150.20334157;99803.5703125;-1.01571484160352;4.36952964393702;1.66850357886702;1.97866442179527;20220812120000_20220813133000_08;13_09_08
2022-08-12 12:00:00;2022-08-13 15:00:00;27;8;Perturbed;141.1;36.47;1046797.21503713;4053412.60710924;99638.6171875;-0.726982473479686;4.55565325845801;2.07612027765149;2.12792527798223;20220812120000_20220813163000_08;13_10_08
2022-08-12 12:00:00;2022-08-13 18:00:00;30;8;Perturbed;142.21;36.99;1142065.2178459;4118148.78859929;99351.453125;-0.343897442260424;4.78187158953015;2.61693894926079;2.30933988175464;20220812120000_20220813193000_08;13_11_08
2022-08-12 12:00:00;2022-08-13 21:00:00;33;8;Perturbed;143.52;37.4;1254813.99182647;4173476.80340779;99168.8203125;0.109480043640893;4.97521340987584;3.25699269629007;2.46438934023316;20220812120000_20220813223000_08;13_12_08
2022-08-12 12:00:00;2022-08-14 00:00:00;36;8;Perturbed;144.66;37.87;1350611.48786902;4235641.75736801;99162.078125;0.494694236026662;5.1924466759161;3.80081720216559;2.63859841824246;20220812120000_20220814013000_08;13_13_08
2022-08-12 12:00:00;2022-08-14 03:00:00;39;8;Perturbed;145.94;38.24;1458706.12019731;4289486.05931743;99102.4765625;0.92935681295967;5.38060371336223;4.41445025566028;2.7894899672761;20220812120000_20220814043000_08;13_14_08
2022-08-12 12:00:00;2022-08-12 12:00:00;0;9;Perturbed;136.45;31.6;637554.091305099;3497005.97283808;99922.1484375;-2.37256532087619;2.6112953584732;-0.247076556717587;0.56866912834102;20220812120000_20220812133000_09;13_01_09
2022-08-12 12:00:00;2022-08-12 15:00:00;3;9;Perturbed;136.42;32.19;633853.734635844;3562374.22910711;99862.1875;-2.38744493636482;2.83972245284162;-0.268082790913178;0.751855038250832;20220812120000_20220812163000_09;13_02_09
2022-08-12 12:00:00;2022-08-12 18:00:00;6;9;Perturbed;136.43;32.81;633880.898547436;3631128.95913319;99805.8515625;-2.38733570674298;3.07998346178304;-0.267928586456805;0.944531093867067;20220812120000_20220812193000_09;13_03_09
2022-08-12 12:00:00;2022-08-12 21:00:00;9;9;Perturbed;136.42;33.39;632067.859099279;3695414.98055569;99778.7578125;-2.39462617419397;3.30462872418091;-0.278220873027519;1.12468418346908;20220812120000_20220812223000_09;13_04_09
2022-08-12 12:00:00;2022-08-13 00:00:00;12;9;Perturbed;136.42;33.7;631594.24609385;3729796.43306148;99782.7421875;-2.39653063369371;3.42477351225267;-0.280909485666612;1.22103366593612;20220812120000_20220813013000_09;13_05_09
2022-08-12 12:00:00;2022-08-13 03:00:00;15;9;Perturbed;136.68;34.03;655095.557448882;3766749.88868433;99739.046875;-2.30202880381693;3.55390607561886;-0.147496927269464;1.32459084764711;20220812120000_20220813043000_09;13_06_09
2022-08-12 12:00:00;2022-08-13 06:00:00;18;9;Perturbed;137.09;34.68;691472.30449029;3839540.53857329;99549.6875;-2.15575317228106;3.80827046592615;0.0590070765133392;1.52857703595778;20220812120000_20220813073000_09;13_07_09
2022-08-12 12:00:00;2022-08-13 09:00:00;21;9;Perturbed;137.54;35.23;731144.562379882;3901507.41055446;99718.3359375;-1.99622586296317;4.02481154139097;0.284219080323874;1.70223101536661;20220812120000_20220813103000_09;13_08_09
2022-08-12 12:00:00;2022-08-13 12:00:00;24;9;Perturbed;138.85;35.63;848685.10045944;3949732.77372456;100003.5625;-1.52358007033413;4.19333339301371;0.951474777832596;1.83737623014314;20220812120000_20220813133000_09;13_09_09
2022-08-12 12:00:00;2022-08-13 15:00:00;27;9;Perturbed;139.74;36.58;924197.053960677;4058751.07516588;99736.9296875;-1.21993668313607;4.57429404964693;1.38014204469172;2.14288563005977;20220812120000_20220813163000_09;13_10_09
2022-08-12 12:00:00;2022-08-13 18:00:00;30;9;Perturbed;140.84;37.5;1016434.60119201;4166388.36125549;99554.1796875;-0.849037507978267;4.95042879624254;1.90375738557676;2.44452491674039;20220812120000_20220813193000_09;13_11_09
2022-08-12 12:00:00;2022-08-13 21:00:00;33;9;Perturbed;142.04;38.46;1114556.64510576;4280396.17166886;99131.4609375;-0.454476006238287;5.34882511816442;2.46077791587531;2.76401675696086;20220812120000_20220813223000_09;13_12_09
2022-08-12 12:00:00;2022-08-14 00:00:00;36;9;Perturbed;143.35;39.53;1218093.03085937;4409021.52961028;98718.484375;-0.0381427316931686;5.79830195070727;3.04853465429344;3.12447234468525;20220812120000_20220814013000_09;13_13_09
2022-08-12 12:00:00;2022-08-14 03:00:00;39;9;Perturbed;144.86;40.93;1330681.70543324;4578054.84368331;98399.2421875;0.414590973668991;6.38898297830346;3.68767954687104;3.59816589581958;20220812120000_20220814043000_09;13_14_09
2022-08-12 12:00:00;2022-08-12 12:00:00;0;10;Perturbed;136.45;31.6;637557.998930565;3497010.76854093;99922.109375;-2.37254282973862;2.61133243188346;-0.247054373857118;0.56868256766526;20220812120000_20220812133000_10;13_01_10
2022-08-12 12:00:00;2022-08-12 15:00:00;3;10;Perturbed;136.58;32;649238.594661411;3541524.30984188;99767.8828125;-2.32557363495879;2.76688345128919;-0.180745811900151;0.693425891595474;20220812120000_20220812163000_10;13_02_10
2022-08-12 12:00:00;2022-08-12 18:00:00;6;10;Perturbed;136.81;32.6;669860.422857417;3608399.29511285;99772.53125;-2.24265058141139;3.00057575766655;-0.0636795419846851;0.880834210652475;20220812120000_20220812193000_10;13_03_10
2022-08-12 12:00:00;2022-08-12 21:00:00;9;10;Perturbed;137;33.19;686451.599012217;3674124.13803036;99728.3359375;-2.1759353040062;3.23024893165605;0.0305054685532829;1.06501940757699;20220812120000_20220812223000_10;13_04_10
2022-08-12 12:00:00;2022-08-13 00:00:00;12;10;Perturbed;137.33;33.6;716199.115561586;3720244.57682397;99704.7578125;-2.05631667057179;3.39141519837213;0.199376568078678;1.19426584962792;20220812120000_20220813013000_10;13_05_10
2022-08-12 12:00:00;2022-08-13 03:00:00;15;10;Perturbed;137.92;34.13;769285.880887613;3780421.24112984;99670.8671875;-1.84284788196842;3.60170045547916;0.500740226990333;1.36290300832523;20220812120000_20220813043000_10;13_06_10
2022-08-12 12:00:00;2022-08-13 06:00:00;18;10;Perturbed;138.56;34.8;825724.895065233;3856641.58731756;99649.0703125;-1.61589926469115;3.86804980002581;0.821133976985782;1.57650046781034;20220812120000_20220813073000_10;13_07_10
2022-08-12 12:00:00;2022-08-13 09:00:00;21;10;Perturbed;139.36;35.41;895993.593406751;3927255.73899221;99702.484375;-1.33333968850342;4.11480849314353;1.22003626287769;1.77438730716233;20220812120000_20220813103000_10;13_08_10
2022-08-12 12:00:00;2022-08-13 12:00:00;24;10;Perturbed;140.34;35.9;982100.163449632;3986047.35961315;99795.03125;-0.987093970103367;4.32025376334284;1.70884719051831;1.93914306375148;20220812120000_20220813133000_10;13_09_10
2022-08-12 12:00:00;2022-08-13 15:00:00;27;10;Perturbed;141.13;36.62;1048438.6362808;4070265.9707374;99480.9765625;-0.720338341914339;4.61455276608326;2.0854383197053;2.17515460499011;20220812120000_20220813163000_10;13_10_10
2022-08-12 12:00:00;2022-08-13 18:00:00;30;10;Perturbed;142.22;37.03;1142618.6201141;4122660.74335397;99427.296875;-0.341628376518854;4.79764447377144;2.62008051065314;2.3219840393991;20220812120000_20220813193000_10;13_11_10
2022-08-12 12:00:00;2022-08-13 21:00:00;33;10;Perturbed;143.49;37.75;1248601.6796397;4212171.71037837;99379.1953125;0.0845432915130114;5.11043742984076;3.22172655944015;2.57282670948325;20220812120000_20220813223000_10;13_12_10
2022-08-12 12:00:00;2022-08-14 00:00:00;36;10;Perturbed;144.96;38.39;1370811.21895116;4296368.4930309;99232.3828125;0.57596374541292;5.40466015374717;3.91548730554373;2.80877707931114;20220812120000_20220814013000_10;13_13_10
2022-08-12 12:00:00;2022-08-14 03:00:00;39;10;Perturbed;146.25;39.04;1474889.09804971;4381927.73562399;98990.9140625;0.994474435132481;5.70364394645325;4.50631800061957;3.04854556328448;20220812120000_20220814043000_10;13_14_10
2022-08-12 12:00:00;2022-08-12 12:00:00;0;11;Perturbed;136.45;31.6;637561.737605799;3497018.88219843;99922.5078125;-2.37259921426302;2.61139234646653;-0.247033150095582;0.568705305119446;20220812120000_20220812133000_11;13_01_11
2022-08-12 12:00:00;2022-08-12 15:00:00;3;11;Perturbed;136.36;32.21;628175.589194608;3564526.19327043;99818.1015625;-2.41034213792173;2.84729429332794;-0.300316562842851;0.757885633769979;20220812120000_20220812163000_11;13_02_11
2022-08-12 12:00:00;2022-08-12 18:00:00;6;11;Perturbed;136.42;32.81;632939.141996502;3631117.85955134;99800.3828125;-2.3911872724892;3.07999655136424;-0.273274762631799;0.944499988754046;20220812120000_20220812193000_11;13_03_11
2022-08-12 12:00:00;2022-08-12 21:00:00;9;11;Perturbed;136.44;33.41;633899.005903314;3697668.23639947;99834.59375;-2.38732753486622;3.31255452491603;-0.267825794376948;1.13099863555274;20220812120000_20220812223000_11;13_04_11
2022-08-12 12:00:00;2022-08-13 00:00:00;12;11;Perturbed;136.52;33.87;640578.592811421;3748785.41556569;99842.6640625;-2.36046804706568;3.49118172679809;-0.229907026143791;1.27424778295307;20220812120000_20220813013000_11;13_05_11
2022-08-12 12:00:00;2022-08-13 03:00:00;15;11;Perturbed;136.76;34.37;661841.834111773;3804592.98309989;99807.515625;-2.2749657879943;3.68619932743809;-0.109199573745033;1.43064112464679;20220812120000_20220813043000_11;13_06_11
2022-08-12 12:00:00;2022-08-13 06:00:00;18;11;Perturbed;136.99;35.06;681468.269358263;3881512.66308216;99798.84375;-2.19604533897202;3.95499246956785;0.00221603617111341;1.64619837478256;20220812120000_20220813073000_11;13_07_11
2022-08-12 12:00:00;2022-08-13 09:00:00;21;11;Perturbed;137.07;35.43;687906.458749157;3922688.88290801;99955.421875;-2.17015654198782;4.09888133533752;0.03876443575226;1.76158929578861;20220812120000_20220813103000_11;13_08_11
2022-08-12 12:00:00;2022-08-13 12:00:00;24;11;Perturbed;138.36;35.63;804293.685960617;3948116.42142047;100205.7421875;-1.70214836237559;4.18773698287747;0.699473002710873;1.83284661616137;20220812120000_20220813133000_11;13_09_11
2022-08-12 12:00:00;2022-08-13 15:00:00;27;11;Perturbed;139.47;36.17;902133.22386535;4012072.64819426;100044.15625;-1.30872285404466;4.4112297893641;1.25488979912171;2.01207549979161;20220812120000_20220813163000_11;13_10_11
2022-08-12 12:00:00;2022-08-13 18:00:00;30;11;Perturbed;140.81;36.9;1017885.00540007;4099573.34717258;99828.75;-0.84326988415379;4.71699793377597;1.91199105956984;2.25728465902202;20220812120000_20220813193000_11;13_11_11
2022-08-12 12:00:00;2022-08-13 21:00:00;33;11;Perturbed;142;37.87;1116046.41677645;4214559.14606225;99328.1171875;-0.448550080725873;5.11881180235915;2.46923507160639;2.57951718285772;20220812120000_20220813223000_11;13_12_11
2022-08-12 12:00:00;2022-08-14 00:00:00;36;11;Perturbed;143.65;38.61;1253738.1604215;4309149.141937;99354.0703125;0.105126330637303;5.44935324781336;3.25088540219175;2.84459316088849;20220812120000_20220814013000_11;13_13_11
2022-08-12 12:00:00;2022-08-14 03:00:00;39;11;Perturbed;144.87;39.21;1352968.94966478;4386790.9964633;99243.2421875;0.504146241566683;5.72067000372962;3.81420007279546;3.06217420986045;20220812120000_20220814043000_11;13_14_11
2022-08-12 12:00:00;2022-08-12 12:00:00;0;12;Perturbed;136.45;31.6;637559.375814707;3497009.31416107;99921.671875;-2.37258179013456;2.61135007774672;-0.247046557542819;0.568678491957683;20220812120000_20220812133000_12;13_01_12
2022-08-12 12:00:00;2022-08-12 15:00:00;3;12;Perturbed;136.6;31.97;651177.967851612;3538226.06746282;99785.2890625;-2.31781966012442;2.75538058633589;-0.169736352254141;0.684183002679718;20220812120000_20220812163000_12;13_02_12
2022-08-12 12:00:00;2022-08-12 18:00:00;6;12;Perturbed;136.73;32.61;662327.797053003;3609364.05406524;99752.34375;-2.27298474659865;3.00396980236043;-0.106440852825328;0.883537820273191;20220812120000_20220812193000_12;13_03_12
2022-08-12 12:00:00;2022-08-12 21:00:00;9;12;Perturbed;136.89;33.13;676312.540253813;3667295.29499886;99678.9921875;-2.21675027513157;3.20640850571453;-0.0270520757157593;1.04588247635445;20220812120000_20220812223000_12;13_04_12
2022-08-12 12:00:00;2022-08-13 00:00:00;12;12;Perturbed;137.24;33.43;708261.313586302;3701195.29046672;99645.3125;-2.08828010184515;3.32487085893923;0.154315147736028;1.14088273902261;20220812120000_20220813013000_12;13_05_12
2022-08-12 12:00:00;2022-08-13 03:00:00;15;12;Perturbed;137.94;33.91;771828.356590651;3756069.60721745;99584.25;-1.83266875348176;3.51662724722704;0.515173387041729;1.29466076858012;20220812120000_20220813043000_12;13_06_12
2022-08-12 12:00:00;2022-08-13 06:00:00;18;12;Perturbed;138.7;34.7;838947.674228142;3846013.63876976;99507.609375;-1.56277324675863;3.83093353220297;0.896197226461285;1.54671704484141;20220812120000_20220813073000_12;13_07_12
2022-08-12 12:00:00;2022-08-13 09:00:00;21;12;Perturbed;139.71;35.42;927740.736963252;3929824.40082517;99502.7109375;-1.20572479179928;4.1238073205801;1.40025887172234;1.78158564289864;20220812120000_20220813103000_12;13_08_12
2022-08-12 12:00:00;2022-08-13 12:00:00;24;12;Perturbed;140.72;36.12;1015012.69141614;4012447.30622965;99328.140625;-0.85479291109997;4.41253018527063;1.89568546915713;2.0131254294828;20220812120000_20220813133000_12;13_09_12
2022-08-12 12:00:00;2022-08-13 15:00:00;27;12;Perturbed;141.58;36.67;1088348.71655374;4078498.07821307;99152.7578125;-0.559899214884603;4.64334230702689;2.3120003968001;2.1982239995935;20220812120000_20220813163000_12;13_10_12
2022-08-12 12:00:00;2022-08-13 18:00:00;30;12;Perturbed;142.73;37.52;1183599.87605172;4180747.39815307;99024.3671875;-0.176881912808918;5.00064899360747;2.85272345207759;2.4847642223245;20220812120000_20220813193000_12;13_11_12
2022-08-12 12:00:00;2022-08-13 21:00:00;33;12;Perturbed;143.78;38.22;1269247.16264349;4266846.51218793;99050.9765625;0.167516967093248;5.30151934825993;3.33892711328463;2.72604562475309;20220812120000_20220813223000_12;13_12_12
2022-08-12 12:00:00;2022-08-14 00:00:00;36;12;Perturbed;145.14;39.31;1375096.25709709;4400524.39045386;98896.90625;0.593149944145169;5.76865203706756;3.93981266736044;3.10066023377941;20220812120000_20220814013000_12;13_13_12
2022-08-12 12:00:00;2022-08-14 03:00:00;39;12;Perturbed;146.39;40.38;1467841.07068106;4532699.23794462;98550.21875;0.966088903289246;6.23053243719082;4.46630766465574;3.47106279745089;20220812120000_20220814043000_12;13_14_12
2022-08-12 12:00:00;2022-08-12 12:00:00;0;13;Perturbed;136.45;31.6;637559.027767325;3497015.30628252;99922.71875;-2.37260976943815;2.61138377734319;-0.247048533342845;0.568695284087115;20220812120000_20220812133000_13;13_01_13
2022-08-12 12:00:00;2022-08-12 15:00:00;3;13;Perturbed;136.71;32.05;661442.781154524;3547262.2332384;99976.203125;-2.27657009040411;2.78696991319228;-0.11146492290612;0.709505664536931;20220812120000_20220812163000_13;13_02_13
2022-08-12 12:00:00;2022-08-12 18:00:00;6;13;Perturbed;137.09;32.63;696075.010533765;3612193.32462368;99955.765625;-2.13730939130486;3.01386935010346;0.0851357796964688;0.891466477563608;20220812120000_20220812193000_13;13_03_13
2022-08-12 12:00:00;2022-08-12 21:00:00;9;13;Perturbed;137.44;33.29;727212.855711467;3686094.08015489;99967.28125;-2.01210006560981;3.27211296590601;0.261899515361039;1.09856359040825;20220812120000_20220812223000_13;13_04_13
2022-08-12 12:00:00;2022-08-13 00:00:00;12;13;Perturbed;137.72;33.74;751979.681287579;3736657.89360179;99950.28125;-1.91250943843909;3.44880645055895;0.402496161802118;1.24026200342173;20220812120000_20220813013000_13;13_05_13
2022-08-12 12:00:00;2022-08-13 03:00:00;15;13;Perturbed;138.25;34.09;799882.150943809;3776897.16646914;99797.15625;-1.71988737706795;3.58942118782155;0.674429541766939;1.35302725424891;20220812120000_20220813043000_13;13_06_13
2022-08-12 12:00:00;2022-08-13 06:00:00;18;13;Perturbed;139.02;34.69;868326.886614405;3846024.26065942;99675.453125;-1.44466219203079;3.83098341036315;1.06297753199115;1.54674681128513;20220812120000_20220813073000_13;13_07_13
2022-08-12 12:00:00;2022-08-13 09:00:00;21;13;Perturbed;139.93;35.4;947851.048442666;3928573.55280401;99688.4375;-1.12488519326431;4.1194490360814;1.5144213567046;1.77808030642504;20220812120000_20220813103000_13;13_08_13
2022-08-12 12:00:00;2022-08-13 12:00:00;24;13;Perturbed;140.8;36.03;1022825.29522888;4002875.94141418;99689.1328125;-0.823403994709216;4.37909614468712;1.9400361628974;1.98630294295991;20220812120000_20220813133000_13;13_09_13
2022-08-12 12:00:00;2022-08-13 15:00:00;27;13;Perturbed;142;36.68;1125887.55810345;4082280.42440698;99079.5859375;-0.408977229931946;4.65657234437677;2.52510139421911;2.20882352555106;20220812120000_20220813163000_13;13_10_13
2022-08-12 12:00:00;2022-08-13 18:00:00;30;13;Perturbed;142.84;37.48;1193732.16320817;4177097.31742695;99006.3984375;-0.136165247961764;4.98790667400081;2.91024255522618;2.47453535288204;20220812120000_20220813193000_13;13_11_13
2022-08-12 12:00:00;2022-08-13 21:00:00;33;13;Perturbed;143.96;38.18;1285487.89340167;4263922.32900629;99067.640625;0.232796478214842;5.29131365233515;3.43112271071129;2.71785098736417;20220812120000_20220813223000_13;13_12_13
2022-08-12 12:00:00;2022-08-14 00:00:00;36;13;Perturbed;144.99;38.81;1368302.68178885;4343403.83683898;99071.4921875;0.565805514400897;5.56905901264455;3.9012468082539;2.94058742190222;20220812120000_20220814013000_13;13_13_13
2022-08-12 12:00:00;2022-08-14 03:00:00;39;13;Perturbed;146.1;39.66;1453272.99446875;4449356.32274816;98874.1875;0.907482194146457;5.93930628370123;4.3836074149102;3.23750527846241;20220812120000_20220814043000_13;13_14_13
2022-08-12 12:00:00;2022-08-12 12:00:00;0;14;Perturbed;136.45;31.6;637561.170644722;3497005.66668202;99921.5546875;-2.37256330168196;2.61129638628342;-0.247036368627797;0.568668270379076;20220812120000_20220812133000_14;13_01_14
2022-08-12 12:00:00;2022-08-12 15:00:00;3;14;Perturbed;136.3;32.09;622666.866514171;3551153.06415258;99661.3671875;-2.4324552359581;2.80051258046959;-0.331588553379678;0.720409204603632;20220812120000_20220812163000_14;13_02_14
2022-08-12 12:00:00;2022-08-12 18:00:00;6;14;Perturbed;136.17;32.71;609654.718734543;3619742.74220381;99582.59375;-2.48477877472687;3.04019682103464;-0.405456087803466;0.912622723846389;20220812120000_20220812193000_14;13_03_14
2022-08-12 12:00:00;2022-08-12 21:00:00;9;14;Perturbed;135.95;33.2;588546.695471351;3673856.70973125;99522.8671875;-2.56965688188094;3.22929619544914;-0.52528239637437;1.06426997506794;20220812120000_20220812223000_14;13_04_14
2022-08-12 12:00:00;2022-08-13 00:00:00;12;14;Perturbed;135.94;33.49;587332.847750249;3706013.94026567;99595.5234375;-2.57453792145797;3.34166851732474;-0.532173183340697;1.15438636904641;20220812120000_20220813013000_14;13_05_14
2022-08-12 12:00:00;2022-08-13 03:00:00;15;14;Perturbed;136.28;33.84;618425.013149265;3745147.57948445;99687.6015625;-2.44951228009478;3.47841965631823;-0.355668763254285;1.26405322751164;20220812120000_20220813043000_14;13_06_14
2022-08-12 12:00:00;2022-08-13 06:00:00;18;14;Perturbed;136.41;34.5;629453.063155203;3818504.23588077;99634.2578125;-2.40516705655427;3.73476193664813;-0.293064581589807;1.46962557434915;20220812120000_20220813073000_14;13_07_14
2022-08-12 12:00:00;2022-08-13 09:00:00;21;14;Perturbed;136.51;34.93;637912.554895483;3866320.26308319;99824.3984375;-2.37115033990357;3.9018533779914;-0.245041625816803;1.60362367910655;20220812120000_20220813103000_14;13_08_14
2022-08-12 12:00:00;2022-08-13 12:00:00;24;14;Perturbed;136.96;35.27;678281.917838802;3904753.23999859;100032.7734375;-2.20881988048914;4.0361560769739;-0.0158722867204058;1.71132702395046;20220812120000_20220813133000_14;13_09_14
2022-08-12 12:00:00;2022-08-13 15:00:00;27;14;Perturbed;138.22;35.18;793239.037002857;3897749.28424855;100050.734375;-1.74656235135592;4.0116809975947;0.636717823761196;1.69169936244826;20220812120000_20220813163000_14;13_10_14
2022-08-12 12:00:00;2022-08-13 18:00:00;30;14;Perturbed;139.45;35.77;902359.511989789;3967584.36984112;99630.2421875;-1.30777472765671;4.25571727142804;1.25617439457089;1.88740297193804;20220812120000_20220813193000_14;13_11_14
2022-08-12 12:00:00;2022-08-13 21:00:00;33;14;Perturbed;140.27;36.52;972028.918092246;4054561.43424144;99861.8671875;-1.02762498351481;4.5596555930484;1.6516746102705;2.13114471438076;20220812120000_20220813223000_14;13_12_14
2022-08-12 12:00:00;2022-08-14 00:00:00;36;14;Perturbed;141.59;36.88;1087637.09577843;4101894.11071791;99844.65625;-0.562749463378078;4.7250579821178;2.30796065847198;2.26378829252857;20220812120000_20220814013000_14;13_13_14
2022-08-12 12:00:00;2022-08-14 03:00:00;39;14;Perturbed;142.8;37.58;1189253.31228714;4187922.09696593;99126.2265625;-0.154137439131502;5.02567978319693;2.88481695445745;2.50487036872304;20220812120000_20220814043000_14;13_14_14
2022-08-12 12:00:00;2022-08-12 12:00:00;0;15;Perturbed;136.45;31.6;637568.143355287;3497015.1921128;99921.6640625;-2.37251489584496;2.61131949200544;-0.246996785851272;0.568694964141541;20220812120000_20220812133000_15;13_01_15
2022-08-12 12:00:00;2022-08-12 15:00:00;3;15;Perturbed;136.68;32.02;658663.659280282;3543884.38446392;99670.6328125;-2.28768708232466;2.77510225194469;-0.127241479105001;0.700039689205645;20220812120000_20220812163000_15;13_02_15
2022-08-12 12:00:00;2022-08-12 18:00:00;6;15;Perturbed;136.82;32.8;670411.868060572;3630589.44201097;99544.7109375;-2.2404460066783;3.0780900550919;-0.060549090485304;0.943019168345622;20220812120000_20220812193000_15;13_03_15
2022-08-12 12:00:00;2022-08-12 21:00:00;9;15;Perturbed;136.94;33.39;680432.338857175;3696201.13551671;99493.203125;-2.20015239019875;3.30736783240363;-0.00366474794275251;1.12688727897881;20220812120000_20220812223000_15;13_04_15
2022-08-12 12:00:00;2022-08-13 00:00:00;12;15;Perturbed;137.36;33.85;718346.93688813;3748031.3361399;99451.0390625;-2.04769285979893;3.48848666292834;0.211569348891008;1.27213457489703;20220812120000_20220813013000_15;13_05_15
2022-08-12 12:00:00;2022-08-13 03:00:00;15;15;Perturbed;137.94;34.58;769691.090537104;3830389.72520864;99364.0234375;-1.8412313394181;3.77628518449829;0.503040526544219;1.5029330893651;20220812120000_20220813043000_15;13_06_15
2022-08-12 12:00:00;2022-08-13 06:00:00;18;15;Perturbed;138.81;35.29;846528.23215181;3911869.12555726;99366;-1.53225919844278;4.06101211060619;0.939230638997128;1.7312683539672;20220812120000_20220813073000_15;13_07_15
2022-08-12 12:00:00;2022-08-13 09:00:00;21;15;Perturbed;139.73;36.17;925528.132437848;4013181.52916428;99608.234375;-1.21459032353057;4.41504477569953;1.3876983287809;2.01518299234333;20220812120000_20220813103000_15;13_08_15
2022-08-12 12:00:00;2022-08-13 12:00:00;24;15;Perturbed;140.4;36.78;982054.740415485;4084082.52095728;99739.9453125;-0.987289480189719;4.66280582161846;1.70858933243098;2.21387366326552;20220812120000_20220813133000_15;13_09_15
2022-08-12 12:00:00;2022-08-13 15:00:00;27;15;Perturbed;141.53;37.61;1076652.07575311;4182649.2604228;99465.75;-0.606901290108591;5.00724385901711;2.24560074997654;2.4900939402991;20220812120000_20220813163000_15;13_10_15
2022-08-12 12:00:00;2022-08-13 18:00:00;30;15;Perturbed;142.37;38.54;1142693.03381334;4291568.68548817;99075.9140625;-0.341342007512566;5.38785899559901;2.62050294333554;2.79532625222332;20220812120000_20220813193000_15;13_11_15
2022-08-12 12:00:00;2022-08-13 21:00:00;33;15;Perturbed;143.71;39.58;1248559.15616991;4417555.15400114;98991.140625;0.0843594409521092;5.82811432096227;3.22148516163853;3.14838670064472;20220812120000_20220813223000_15;13_12_15
2022-08-12 12:00:00;2022-08-14 00:00:00;36;15;Perturbed;144.75;40.91;1321669.37671913;4574792.42236273;98696.625;0.378345147546192;6.37757447774601;3.63651823877626;3.589023390692;20220812120000_20220814013000_15;13_13_15
2022-08-12 12:00:00;2022-08-14 03:00:00;39;15;Perturbed;145.85;42.01;1398975.22582431;4708215.6868941;98404.0078125;0.68920202230756;6.84381742772793;4.07536911617543;3.96292447833496;20220812120000_20220814043000_15;13_14_15
2022-08-12 12:00:00;2022-08-12 12:00:00;0;16;Perturbed;136.45;31.6;637556.809155209;3497015.10833817;99922.5703125;-2.37256710895024;2.61137950354231;-0.247061127989756;0.568694729374195;20220812120000_20220812133000_16;13_01_16
2022-08-12 12:00:00;2022-08-12 15:00:00;3;16;Perturbed;136.31;32.1;623605.571168102;3552274.74465986;99957.4140625;-2.42866685159485;2.80448237764787;-0.326259702254377;0.723552566169046;20220812120000_20220812163000_16;13_02_16
2022-08-12 12:00:00;2022-08-12 18:00:00;6;16;Perturbed;136.37;32.57;628608.115845136;3604437.60251731;99938.328125;-2.40855096874566;2.98676366728926;-0.297861189772383;0.869732090077174;20220812120000_20220812193000_16;13_03_16
2022-08-12 12:00:00;2022-08-12 21:00:00;9;16;Perturbed;136.44;33.08;634401.559739371;3661068.36235827;99947.1640625;-2.3852547772684;3.18465788476853;-0.264972890043748;1.02843231955329;20220812120000_20220812223000_16;13_04_16
2022-08-12 12:00:00;2022-08-13 00:00:00;12;16;Perturbed;136.47;33.36;636760.90287159;3692162.38118918;99965.609375;-2.37576755164368;3.29331485038421;-0.251579339417955;1.11556920307134;20220812120000_20220813013000_16;13_05_16
2022-08-12 12:00:00;2022-08-13 03:00:00;15;16;Perturbed;136.81;33.6;667939.120605125;3719274.58046772;99898.375;-2.25039588265018;3.3880574862845;-0.0745864162888523;1.19154756287421;20220812120000_20220813043000_16;13_06_16
2022-08-12 12:00:00;2022-08-13 06:00:00;18;16;Perturbed;137.23;34.17;705535.87592662;3783245.48627629;99805.453125;-2.09921443912829;3.61160158814681;0.138843346803852;1.37081758256186;20220812120000_20220813073000_16;13_07_16
2022-08-12 12:00:00;2022-08-13 09:00:00;21;16;Perturbed;137.36;34.77;715985.426347837;3850066.18614244;99887.4296875;-2.05719543766592;3.84510419606813;0.19816349429409;1.55807377393728;20220812120000_20220813103000_16;13_08_16
2022-08-12 12:00:00;2022-08-13 12:00:00;24;16;Perturbed;137.73;35.22;748490.028231863;3900862.34909985;100066.1875;-1.92649020547472;4.02260961799143;0.382686052695935;1.70042331578497;20220812120000_20220813133000_16;13_09_16
2022-08-12 12:00:00;2022-08-13 15:00:00;27;16;Perturbed;138.75;35.56;839924.962804815;3941618.99951657;99738.4765625;-1.55881844021561;4.165032313077;0.901745111314884;1.81463844890302;20220812120000_20220813163000_16;13_10_16
2022-08-12 12:00:00;2022-08-13 18:00:00;30;16;Perturbed;139.7;35.89;924337.198790839;3981959.89481203;99403.46875;-1.21938585944761;4.30600216637454;1.38093762073663;1.92768848317134;20220812120000_20220813193000_16;13_11_16
2022-08-12 12:00:00;2022-08-13 21:00:00;33;16;Perturbed;140.73;36.4;1014058.85590208;4043605.97627369;99128.984375;-0.858603405715507;4.52142225054399;1.89027072296286;2.10044348949202;20220812120000_20220813223000_16;13_12_16
2022-08-12 12:00:00;2022-08-14 00:00:00;36;16;Perturbed;141.91;36.9;1116049.53159175;4106154.71094462;98911.0625;-0.448485632394738;4.73999662490845;2.4692527538315;2.27572806228593;20220812120000_20220814013000_16;13_13_16
2022-08-12 12:00:00;2022-08-14 03:00:00;39;16;Perturbed;143.25;37.58;1229091.92035005;4191352.3453898;98597.84375;0.00607251671959514;5.03771679053864;3.11097329715519;2.51448318715524;20220812120000_20220814043000_16;13_14_16
2022-08-12 12:00:00;2022-08-12 12:00:00;0;17;Perturbed;136.45;31.6;637565.030668713;3497020.17107759;99922.734375;-2.37251871812766;2.61134929729344;-0.247014455992019;0.568708917033166;20220812120000_20220812133000_17;13_01_17
2022-08-12 12:00:00;2022-08-12 15:00:00;3;17;Perturbed;136.25;32.16;617872.222167037;3558864.11637923;99976.4453125;-2.4517060626425;2.8274608097589;-0.358806854490291;0.742018410648322;20220812120000_20220812163000_17;13_02_17
2022-08-12 12:00:00;2022-08-12 18:00:00;6;17;Perturbed;136.2;32.7;612474.239695646;3618657.90613819;99969.828125;-2.47341205229912;3.03640812509958;-0.389450193528351;0.909582613965467;20220812120000_20220812193000_17;13_03_17
2022-08-12 12:00:00;2022-08-12 21:00:00;9;17;Perturbed;136.23;33.23;614597.330055909;3677462.89290728;100005.421875;-2.46487482980087;3.24190010283799;-0.377397805795941;1.07437582742055;20220812120000_20220812223000_17;13_04_17
2022-08-12 12:00:00;2022-08-13 00:00:00;12;17;Perturbed;136.23;33.57;614160.079472254;3715159.22737607;100021.5078125;-2.46663307127284;3.37362863045246;-0.379879995753118;1.18001482904098;20220812120000_20220813013000_17;13_05_17
2022-08-12 12:00:00;2022-08-13 03:00:00;15;17;Perturbed;136.44;33.87;633198.186567799;3748665.01364552;100002.125;-2.39007836627192;3.49071343336595;-0.271804214947308;1.27391037246424;20220812120000_20220813043000_17;13_06_17
2022-08-12 12:00:00;2022-08-13 06:00:00;18;17;Perturbed;136.56;34.4;643395.857537326;3807615.90908438;99966.5078125;-2.34907220484785;3.69671528386802;-0.213913940094808;1.43911247570714;20220812120000_20220813073000_17;13_07_17
2022-08-12 12:00:00;2022-08-13 09:00:00;21;17;Perturbed;136.59;34.87;645329.733870782;3859776.99768433;99960.015625;-2.34129583656328;3.87899039090074;-0.202935685078633;1.58528704150469;20220812120000_20220813103000_17;13_08_17
2022-08-12 12:00:00;2022-08-13 12:00:00;24;17;Perturbed;136.99;35.31;680920.225359385;3909240.49877257;100102.46875;-2.19818184087694;4.05183887234671;-0.000895107326366352;1.72390197436874;20220812120000_20220813133000_17;13_09_17
2022-08-12 12:00:00;2022-08-13 15:00:00;27;17;Perturbed;137.96;35.39;768864.788725495;3920317.62359392;100367.796875;-1.84454531224837;4.09054749915303;0.498349765376491;1.75494415455529;20220812120000_20220813163000_17;13_10_17
2022-08-12 12:00:00;2022-08-13 18:00:00;30;17;Perturbed;139.18;35.79;877845.505822109;3968725.92122458;100145.7734375;-1.40631967320505;4.25970860887551;1.11701295672655;1.8906020190111;20220812120000_20220813193000_17;13_11_17
2022-08-12 12:00:00;2022-08-13 21:00:00;33;17;Perturbed;140.44;36.5;987402.712535843;4053186.4479003;99775.640625;-0.96577589442477;4.55485297708313;1.7389487720399;2.12729149665105;20220812120000_20220813223000_17;13_12_17
2022-08-12 12:00:00;2022-08-14 00:00:00;36;17;Perturbed;141.45;37.24;1072419.88296333;4141033.7383285;99569.46875;-0.623910793581183;4.86183227324278;2.22157538138395;2.37347193267139;20220812120000_20220814013000_17;13_13_17
2022-08-12 12:00:00;2022-08-14 03:00:00;39;17;Perturbed;142.62;37.52;1173873.63133381;4179936.79818501;99501.0546875;-0.215952074851366;4.99777766068725;2.79750937607092;2.48249262290918;20220812120000_20220814043000_17;13_14_17
2022-08-12 12:00:00;2022-08-12 12:00:00;0;18;Perturbed;136.45;31.6;637563.821628671;3497015.96114953;99921.5390625;-2.37257912185053;2.61134465707185;-0.247021319486689;0.568697119265451;20220812120000_20220812133000_18;13_01_18
2022-08-12 12:00:00;2022-08-12 15:00:00;3;18;Perturbed;136.7;32;660584.433835111;3541698.26139715;99602.4140625;-2.28001024577687;2.76748539873785;-0.116337600440847;0.693913367868374;20220812120000_20220812163000_18;13_02_18
2022-08-12 12:00:00;2022-08-12 18:00:00;6;18;Perturbed;136.94;32.7;681860.039941673;3619687.65057332;99500.2578125;-2.19445826621138;3.04001660238141;0.00444004465506538;0.91246833682378;20220812120000_20220812193000_18;13_03_18
2022-08-12 12:00:00;2022-08-12 21:00:00;9;18;Perturbed;137.11;33.29;696487.078146064;3685421.39480639;99479.5859375;-2.13564104298878;3.26972088170803;0.0874750106252837;1.09667847851021;20220812120000_20220812223000_18;13_04_18
2022-08-12 12:00:00;2022-08-13 00:00:00;12;18;Perturbed;137.49;33.63;730964.150688803;3723915.12382641;99444.921875;-1.99700424971102;3.40423587680379;0.28319491682474;1.20455207310835;20220812120000_20220813013000_18;13_05_18
2022-08-12 12:00:00;2022-08-13 03:00:00;15;18;Perturbed;138.19;34.24;793817.930507433;3793381.61000793;99393.53125;-1.74426102539467;3.64698409283573;0.640004094144931;1.39922273140195;20220812120000_20220813043000_18;13_06_18
2022-08-12 12:00:00;2022-08-13 06:00:00;18;18;Perturbed;138.84;34.92;850845.768407392;3870898.99450573;99301.7421875;-1.51494467133899;3.91786589257342;0.963740486517034;1.61645496954847;20220812120000_20220813073000_18;13_07_18
2022-08-12 12:00:00;2022-08-13 09:00:00;21;18;Perturbed;139.78;35.52;933567.799117019;3941231.31841207;99464.8671875;-1.18230862583977;4.16363974837252;1.433338016036;1.81355202377964;20220812120000_20220813103000_18;13_08_18
2022-08-12 12:00:00;2022-08-13 12:00:00;24;18;Perturbed;140.9;36.41;1029265.76865313;4045630.87766445;99244.1328125;-0.797494642482241;4.52846037132463;1.97659752850958;2.10611800836271;20220812120000_20220813133000_18;13_09_18
2022-08-12 12:00:00;2022-08-13 15:00:00;27;18;Perturbed;141.93;37.35;1114155.71468311;4156293.30846354;98918.515625;-0.456141127489644;4.91516638072382;2.45850190869352;2.41623486378762;20220812120000_20220813163000_18;13_10_18
2022-08-12 12:00:00;2022-08-13 18:00:00;30;18;Perturbed;143;38.37;1199350.34752401;4277283.30449389;98698.25;-0.113562427198401;5.33796170705334;2.94213593903784;2.75529335758598;20220812120000_20220813193000_18;13_11_18
2022-08-12 12:00:00;2022-08-13 21:00:00;33;18;Perturbed;144.26;39.11;1301295.89387461;4370022.24793686;98634.2890625;0.296373875179806;5.66203471426781;3.5208617790713;3.01518200550637;20220812120000_20220813223000_18;13_12_18
2022-08-12 12:00:00;2022-08-14 00:00:00;36;18;Perturbed;145.38;40.11;1385418.04737492;4491939.15267115;98469.7109375;0.634639996540452;6.08806909077354;3.99840754436117;3.35683803860019;20220812120000_20220814013000_18;13_13_18
2022-08-12 12:00:00;2022-08-14 03:00:00;39;18;Perturbed;146.78;41.3;1487076.19382696;4639539.0721605;98301.25;1.04342062654318;6.6038518676492;4.57550186880935;3.77046733051505;20220812120000_20220814043000_18;13_14_18
2022-08-12 12:00:00;2022-08-12 12:00:00;0;19;Perturbed;136.45;31.6;637565.0536557;3497021.24669231;99922.4296875;-2.37255670196028;2.61138198864074;-0.247014325499181;0.568711931301426;20220812120000_20220812133000_19;13_01_19
2022-08-12 12:00:00;2022-08-12 15:00:00;3;19;Perturbed;136.42;32;634131.803864622;3541321.97903531;99845.1015625;-2.386362245948;2.76618935455635;-0.266504243798833;0.692858886216741;20220812120000_20220812163000_19;13_02_19
2022-08-12 12:00:00;2022-08-12 18:00:00;6;19;Perturbed;136.57;32.4;647664.266573915;3585849.85594046;99814.2109375;-2.33194645316741;2.92179046923156;-0.18968297862827;0.817642383785501;20220812120000_20220812193000_19;13_03_19
2022-08-12 12:00:00;2022-08-12 21:00:00;9;19;Perturbed;136.73;32.83;661938.758137108;3633770.85010467;99810.015625;-2.27454686584635;3.08924871396619;-0.108649354142616;0.951934644598206;20220812120000_20220812223000_19;13_04_19
2022-08-12 12:00:00;2022-08-13 00:00:00;12;19;Perturbed;136.81;33.19;668732.234467863;3673817.95829229;99811.2421875;-2.24722941386324;3.22919193844972;-0.0700840569128296;1.06416137927524;20220812120000_20220813013000_19;13_05_19
2022-08-12 12:00:00;2022-08-13 03:00:00;15;19;Perturbed;137.2;33.4;704607.970124207;3697802.7058174;99750.59375;-2.10296841427546;3.31300580314534;0.133575798743181;1.13137546834718;20220812120000_20220813043000_19;13_06_19
2022-08-12 12:00:00;2022-08-13 06:00:00;18;19;Perturbed;137.82;33.87;760858.039672996;3751318.87899192;99651.453125;-1.87677956792757;3.50001620601825;0.452896945344423;1.28134747980053;20220812120000_20220813073000_19;13_07_19
2022-08-12 12:00:00;2022-08-13 09:00:00;21;19;Perturbed;138.35;34.46;807746.975344941;3818247.34264706;99569.4375;-1.68823305854204;3.73389539074613;0.719076682041293;1.46890566497029;20220812120000_20220813103000_19;13_08_19
2022-08-12 12:00:00;2022-08-13 12:00:00;24;19;Perturbed;138.81;35;847751.848665684;3879678.47907305;99532.703125;-1.52736825931074;3.94856435697624;0.94617688157682;1.64105831620017;20220812120000_20220813133000_19;13_09_19
2022-08-12 12:00:00;2022-08-13 15:00:00;27;19;Perturbed;139.97;35.45;951217.4262681;3934311.93417645;99574.2578125;-1.11131971355187;4.13947906262807;1.53353165533593;1.79416136278355;20220812120000_20220813163000_19;13_10_19
2022-08-12 12:00:00;2022-08-13 18:00:00;30;19;Perturbed;141.06;36.39;1043778.62102933;4044306.05514331;98862.6015625;-0.7391191095781;4.52384968659971;2.05898428284428;2.10240536811719;20220812120000_20220813193000_19;13_11_19
2022-08-12 12:00:00;2022-08-13 21:00:00;33;19;Perturbed;142;37.34;1120461.20893029;4155653.0010594;98454.0859375;-0.430768449189259;4.91294771022953;2.49429702270932;2.41444048680491;20220812120000_20220813223000_19;13_12_19
2022-08-12 12:00:00;2022-08-14 00:00:00;36;19;Perturbed;143.09;38.48;1206161.66073583;4290216.23628225;98427.59375;-0.0861557850471346;5.38317424808088;2.9808024929124;2.79153619184028;20220812120000_20220814013000_19;13_13_19
2022-08-12 12:00:00;2022-08-14 03:00:00;39;19;Perturbed;144.24;39.82;1291396.53543066;4448836.74336735;98265.078125;0.256584732973196;5.93746808439753;3.46466496875095;3.23604922582959;20220812120000_20220814043000_19;13_14_19
2022-08-12 12:00:00;2022-08-12 12:00:00;0;20;Perturbed;136.45;31.6;637564.866312202;3497004.51243744;99921.8359375;-2.37254320417469;2.61134603750057;-0.247015389013258;0.568665035760997;20220812120000_20220812133000_20;13_01_20
2022-08-12 12:00:00;2022-08-12 15:00:00;3;20;Perturbed;136.59;32.16;649930.878084588;3559283.12046326;99791.484375;-2.32281786233676;2.82897646371383;-0.176815848111038;0.743192614287382;20220812120000_20220812163000_20;13_02_20
2022-08-12 12:00:00;2022-08-12 18:00:00;6;20;Perturbed;136.69;33.02;657843.688577279;3654772.90990458;99725.8046875;-2.29099942209183;3.16266220644126;-0.131896299750784;1.01079014502018;20220812120000_20220812193000_20;13_03_20
2022-08-12 12:00:00;2022-08-12 21:00:00;9;20;Perturbed;136.75;33.79;662013.483431298;3740238.79060381;99710.1875;-2.2742321346004;3.46131974926164;-0.108225152593847;1.25029699460931;20220812120000_20220812223000_20;13_04_20
2022-08-12 12:00:00;2022-08-13 00:00:00;12;20;Perturbed;136.87;34.31;672062.433064285;3798120.972861;99741.7421875;-2.23382400101539;3.66358701877998;-0.0511791410122921;1.4125041702254;20220812120000_20220813013000_20;13_05_20
2022-08-12 12:00:00;2022-08-13 03:00:00;15;20;Perturbed;137.2;34.81;701238.191053293;3854184.33435388;99792.734375;-2.11650448312333;3.85949848249773;0.114446191876045;1.56961434072477;20220812120000_20220813043000_20;13_06_20
2022-08-12 12:00:00;2022-08-13 06:00:00;18;20;Perturbed;137.76;35.52;750285.231125964;3934212.29342717;99954.8671875;-1.91927995522841;4.13915339763131;0.3928770844782;1.79388213273579;20220812120000_20220813073000_20;13_07_20
2022-08-12 12:00:00;2022-08-13 09:00:00;21;20;Perturbed;138.57;35.67;823156.968196062;3953231.94386303;100219.1953125;-1.62625322172444;4.20561690351228;0.806556335414324;1.84718219258318;20220812120000_20220813103000_20;13_08_20
2022-08-12 12:00:00;2022-08-13 12:00:00;24;20;Perturbed;139.46;36.1;901576.040515464;4004261.91225822;100338.6171875;-1.3109199316169;4.38393935039306;1.25172677323428;1.99018694330909;20220812120000_20220813133000_20;13_09_20
2022-08-12 12:00:00;2022-08-13 15:00:00;27;20;Perturbed;140.51;36.75;992077.54219684;4081312.9994463;100269.9296875;-0.947001621430513;4.65319169042585;1.76548690753892;2.20611244479405;20220812120000_20220813163000_20;13_10_20
2022-08-12 12:00:00;2022-08-13 18:00:00;30;20;Perturbed;142;37.58;1118469.5265035;4182326.37257618;99956.609375;-0.43876301217602;5.00617940393383;2.48299061328996;2.48918908972853;20220812120000_20220813193000_20;13_11_20
2022-08-12 12:00:00;2022-08-13 21:00:00;33;20;Perturbed;143.35;38.4;1229691.25626659;4283352.46908358;99821.3046875;0.00847403029747826;5.35921157884131;3.11437561529635;2.77230139024907;20220812120000_20220813223000_20;13_12_20
2022-08-12 12:00:00;2022-08-14 00:00:00;36;20;Perturbed;144.53;39.07;1325190.49398508;4368027.45268489;99828.3671875;0.392488887166486;5.65510535930463;3.65650696433166;3.00959185511576;20220812120000_20220814013000_20;13_13_20
2022-08-12 12:00:00;2022-08-14 03:00:00;39;20;Perturbed;145.96;39.63;1441632.87503293;4444515.66412507;99755.90625;0.860718847528939;5.92239074964468;4.31752862932583;3.22393997161402;20220812120000_20220814043000_20;13_14_20
